                                      1 ;--------------------------------------------------------
                                      2 ; File Created by SDCC : free open source ANSI-C Compiler
                                      3 ; Version 4.2.0 #13081 (Linux)
                                      4 ;--------------------------------------------------------
                                      5 	.module ff
                                      6 	.optsdcc -mz80
                                      7 	
                                      8 ;--------------------------------------------------------
                                      9 ; Public variables in this module
                                     10 ;--------------------------------------------------------
                                     11 	.globl _disk_ioctl
                                     12 	.globl _disk_write
                                     13 	.globl _disk_read
                                     14 	.globl _disk_status
                                     15 	.globl _disk_initialize
                                     16 	.globl _get_fattime
                                     17 	.globl _memcmp
                                     18 	.globl _f_mount
                                     19 	.globl _f_open
                                     20 	.globl _f_read
                                     21 	.globl _f_write
                                     22 	.globl _f_sync
                                     23 	.globl _f_close
                                     24 	.globl _f_lseek
                                     25 	.globl _f_opendir
                                     26 	.globl _f_closedir
                                     27 	.globl _f_readdir
                                     28 	.globl _f_stat
                                     29 	.globl _f_getfree
                                     30 	.globl _f_truncate
                                     31 	.globl _f_unlink
                                     32 	.globl _f_mkdir
                                     33 	.globl _f_rename
                                     34 ;--------------------------------------------------------
                                     35 ; special function registers
                                     36 ;--------------------------------------------------------
                                     37 ;--------------------------------------------------------
                                     38 ; ram data
                                     39 ;--------------------------------------------------------
                                     40 	.area _DATA
      000000                         41 _FatFs:
      000000                         42 	.ds 2
      000002                         43 _Fsid:
      000002                         44 	.ds 2
                                     45 ;--------------------------------------------------------
                                     46 ; ram data
                                     47 ;--------------------------------------------------------
                                     48 	.area _INITIALIZED
                                     49 ;--------------------------------------------------------
                                     50 ; absolute external ram data
                                     51 ;--------------------------------------------------------
                                     52 	.area _DABS (ABS)
                                     53 ;--------------------------------------------------------
                                     54 ; global & static initialisations
                                     55 ;--------------------------------------------------------
                                     56 	.area _HOME
                                     57 	.area _GSINIT
                                     58 	.area _GSFINAL
                                     59 	.area _GSINIT
                                     60 ;--------------------------------------------------------
                                     61 ; Home
                                     62 ;--------------------------------------------------------
                                     63 	.area _HOME
                                     64 	.area _HOME
                                     65 ;--------------------------------------------------------
                                     66 ; code
                                     67 ;--------------------------------------------------------
                                     68 	.area _CODE
                                     69 ;ff.c:619: static WORD ld_16 (const BYTE* ptr)	/*	 Load a 2-byte little-endian word */
                                     70 ;	---------------------------------
                                     71 ; Function ld_16
                                     72 ; ---------------------------------
      000000                         73 _ld_16:
      000000 EB               [ 4]   74 	ex	de, hl
                                     75 ;ff.c:623: rv = ptr[1];
      000001 4B               [ 4]   76 	ld	c, e
      000002 42               [ 4]   77 	ld	b, d
      000003 03               [ 6]   78 	inc	bc
      000004 0A               [ 7]   79 	ld	a, (bc)
                                     80 ;ff.c:624: rv = rv << 8 | ptr[0];
      000005 47               [ 4]   81 	ld	b, a
      000006 0E 00            [ 7]   82 	ld	c, #0x00
      000008 1A               [ 7]   83 	ld	a, (de)
      000009 5F               [ 4]   84 	ld	e, a
      00000A 16 00            [ 7]   85 	ld	d, #0x00
      00000C 7B               [ 4]   86 	ld	a, e
      00000D B1               [ 4]   87 	or	a, c
      00000E 5F               [ 4]   88 	ld	e, a
      00000F 7A               [ 4]   89 	ld	a, d
      000010 B0               [ 4]   90 	or	a, b
      000011 57               [ 4]   91 	ld	d, a
                                     92 ;ff.c:625: return rv;
                                     93 ;ff.c:626: }
      000012 C9               [10]   94 	ret
      000013                         95 _DbcTbl:
      000013 81                      96 	.db #0x81	; 129
      000014 9F                      97 	.db #0x9f	; 159
      000015 E0                      98 	.db #0xe0	; 224
      000016 FC                      99 	.db #0xfc	; 252
      000017 40                     100 	.db #0x40	; 64
      000018 7E                     101 	.db #0x7e	; 126
      000019 80                     102 	.db #0x80	; 128
      00001A FC                     103 	.db #0xfc	; 252
      00001B 00                     104 	.db #0x00	; 0
      00001C 00                     105 	.db #0x00	; 0
                                    106 ;ff.c:628: static DWORD ld_32 (const BYTE* ptr)	/* Load a 4-byte little-endian word */
                                    107 ;	---------------------------------
                                    108 ; Function ld_32
                                    109 ; ---------------------------------
      00001D                        110 _ld_32:
      00001D DD E5            [15]  111 	push	ix
      00001F DD 21 00 00      [14]  112 	ld	ix,#0
      000023 DD 39            [15]  113 	add	ix,sp
      000025 F5               [11]  114 	push	af
      000026 F5               [11]  115 	push	af
                                    116 ;ff.c:632: rv = ptr[3];
                                    117 ;	spillPairReg hl
                                    118 ;	spillPairReg hl
      000027 5D               [ 4]  119 	ld	e, l
      000028 54               [ 4]  120 	ld	d, h
                                    121 ;	spillPairReg hl
                                    122 ;	spillPairReg hl
      000029 23               [ 6]  123 	inc	hl
      00002A 23               [ 6]  124 	inc	hl
      00002B 23               [ 6]  125 	inc	hl
      00002C 4E               [ 7]  126 	ld	c, (hl)
      00002D 06 00            [ 7]  127 	ld	b, #0x00
      00002F 21 00 00         [10]  128 	ld	hl, #0x0000
                                    129 ;ff.c:633: rv = rv << 8 | ptr[2];
      000032 DD 71 FD         [19]  130 	ld	-3 (ix), c
      000035 DD 70 FE         [19]  131 	ld	-2 (ix), b
      000038 DD 75 FF         [19]  132 	ld	-1 (ix), l
      00003B DD 36 FC 00      [19]  133 	ld	-4 (ix), #0x00
      00003F 6B               [ 4]  134 	ld	l, e
                                    135 ;	spillPairReg hl
                                    136 ;	spillPairReg hl
      000040 62               [ 4]  137 	ld	h, d
                                    138 ;	spillPairReg hl
                                    139 ;	spillPairReg hl
      000041 23               [ 6]  140 	inc	hl
      000042 23               [ 6]  141 	inc	hl
      000043 4E               [ 7]  142 	ld	c, (hl)
      000044 06 00            [ 7]  143 	ld	b, #0x00
      000046 21 00 00         [10]  144 	ld	hl, #0x0000
      000049 DD 7E FC         [19]  145 	ld	a, -4 (ix)
      00004C B1               [ 4]  146 	or	a, c
      00004D 4F               [ 4]  147 	ld	c, a
      00004E DD 7E FD         [19]  148 	ld	a, -3 (ix)
      000051 B0               [ 4]  149 	or	a, b
      000052 47               [ 4]  150 	ld	b, a
      000053 DD 7E FE         [19]  151 	ld	a, -2 (ix)
      000056 B5               [ 4]  152 	or	a, l
      000057 6F               [ 4]  153 	ld	l, a
                                    154 ;	spillPairReg hl
                                    155 ;	spillPairReg hl
                                    156 ;ff.c:634: rv = rv << 8 | ptr[1];
      000058 DD 71 FD         [19]  157 	ld	-3 (ix), c
      00005B DD 70 FE         [19]  158 	ld	-2 (ix), b
      00005E DD 75 FF         [19]  159 	ld	-1 (ix), l
      000061 DD 36 FC 00      [19]  160 	ld	-4 (ix), #0x00
      000065 6B               [ 4]  161 	ld	l, e
                                    162 ;	spillPairReg hl
                                    163 ;	spillPairReg hl
      000066 62               [ 4]  164 	ld	h, d
                                    165 ;	spillPairReg hl
                                    166 ;	spillPairReg hl
      000067 23               [ 6]  167 	inc	hl
      000068 4E               [ 7]  168 	ld	c, (hl)
      000069 06 00            [ 7]  169 	ld	b, #0x00
      00006B 21 00 00         [10]  170 	ld	hl, #0x0000
      00006E 79               [ 4]  171 	ld	a, c
      00006F DD B6 FC         [19]  172 	or	a, -4 (ix)
      000072 4F               [ 4]  173 	ld	c, a
      000073 78               [ 4]  174 	ld	a, b
      000074 DD B6 FD         [19]  175 	or	a, -3 (ix)
      000077 47               [ 4]  176 	ld	b, a
      000078 7D               [ 4]  177 	ld	a, l
      000079 DD B6 FE         [19]  178 	or	a, -2 (ix)
      00007C 6F               [ 4]  179 	ld	l, a
                                    180 ;	spillPairReg hl
                                    181 ;	spillPairReg hl
      00007D 7C               [ 4]  182 	ld	a, h
      00007E DD B6 FF         [19]  183 	or	a, -1 (ix)
                                    184 ;	spillPairReg hl
                                    185 ;	spillPairReg hl
                                    186 ;ff.c:635: rv = rv << 8 | ptr[0];
      000081 61               [ 4]  187 	ld	h, c
                                    188 ;	spillPairReg hl
                                    189 ;	spillPairReg hl
      000082 48               [ 4]  190 	ld	c, b
      000083 45               [ 4]  191 	ld	b, l
      000084 2E 00            [ 7]  192 	ld	l, #0x00
                                    193 ;	spillPairReg hl
                                    194 ;	spillPairReg hl
      000086 1A               [ 7]  195 	ld	a, (de)
      000087 FD E5            [15]  196 	push	iy
      000089 E3               [19]  197 	ex	(sp), hl
      00008A 26 00            [ 7]  198 	ld	h, #0x00
                                    199 ;	spillPairReg hl
                                    200 ;	spillPairReg hl
      00008C E3               [19]  201 	ex	(sp), hl
      00008D FD E1            [14]  202 	pop	iy
      00008F 11 00 00         [10]  203 	ld	de, #0x0000
      000092 B5               [ 4]  204 	or	a, l
      000093 6F               [ 4]  205 	ld	l, a
                                    206 ;	spillPairReg hl
                                    207 ;	spillPairReg hl
      000094 FD E5            [15]  208 	push	iy
      000096 DD 7E FB         [19]  209 	ld	a, -5 (ix)
      000099 FD E1            [14]  210 	pop	iy
      00009B B4               [ 4]  211 	or	a, h
      00009C 67               [ 4]  212 	ld	h, a
                                    213 ;	spillPairReg hl
                                    214 ;	spillPairReg hl
      00009D 7B               [ 4]  215 	ld	a, e
      00009E B1               [ 4]  216 	or	a, c
      00009F 5F               [ 4]  217 	ld	e, a
      0000A0 7A               [ 4]  218 	ld	a, d
      0000A1 B0               [ 4]  219 	or	a, b
      0000A2 57               [ 4]  220 	ld	d, a
                                    221 ;ff.c:636: return rv;
      0000A3 EB               [ 4]  222 	ex	de, hl
                                    223 ;ff.c:637: }
      0000A4 DD F9            [10]  224 	ld	sp, ix
      0000A6 DD E1            [14]  225 	pop	ix
      0000A8 C9               [10]  226 	ret
                                    227 ;ff.c:657: static void st_16 (BYTE* ptr, WORD val)	/* Store a 2-byte word in little-endian */
                                    228 ;	---------------------------------
                                    229 ; Function st_16
                                    230 ; ---------------------------------
      0000A9                        231 _st_16:
                                    232 ;ff.c:659: *ptr++ = (BYTE)val; val >>= 8;
      0000A9 73               [ 7]  233 	ld	(hl), e
      0000AA 23               [ 6]  234 	inc	hl
                                    235 ;ff.c:660: *ptr++ = (BYTE)val;
      0000AB 72               [ 7]  236 	ld	(hl), d
                                    237 ;ff.c:661: }
      0000AC C9               [10]  238 	ret
                                    239 ;ff.c:663: static void st_32 (BYTE* ptr, DWORD val)	/* Store a 4-byte word in little-endian */
                                    240 ;	---------------------------------
                                    241 ; Function st_32
                                    242 ; ---------------------------------
      0000AD                        243 _st_32:
      0000AD DD E5            [15]  244 	push	ix
      0000AF DD 21 00 00      [14]  245 	ld	ix,#0
      0000B3 DD 39            [15]  246 	add	ix,sp
                                    247 ;ff.c:665: *ptr++ = (BYTE)val; val >>= 8;
      0000B5 DD 7E 04         [19]  248 	ld	a, 4 (ix)
      0000B8 77               [ 7]  249 	ld	(hl), a
      0000B9 23               [ 6]  250 	inc	hl
      0000BA 06 08            [ 7]  251 	ld	b, #0x08
      0000BC                        252 00103$:
      0000BC DD CB 07 3E      [23]  253 	srl	7 (ix)
      0000C0 DD CB 06 1E      [23]  254 	rr	6 (ix)
      0000C4 DD CB 05 1E      [23]  255 	rr	5 (ix)
      0000C8 DD CB 04 1E      [23]  256 	rr	4 (ix)
      0000CC 10 EE            [13]  257 	djnz	00103$
                                    258 ;ff.c:666: *ptr++ = (BYTE)val; val >>= 8;
      0000CE DD 7E 04         [19]  259 	ld	a, 4 (ix)
      0000D1 77               [ 7]  260 	ld	(hl), a
      0000D2 23               [ 6]  261 	inc	hl
      0000D3 06 08            [ 7]  262 	ld	b, #0x08
      0000D5                        263 00105$:
      0000D5 DD CB 07 3E      [23]  264 	srl	7 (ix)
      0000D9 DD CB 06 1E      [23]  265 	rr	6 (ix)
      0000DD DD CB 05 1E      [23]  266 	rr	5 (ix)
      0000E1 DD CB 04 1E      [23]  267 	rr	4 (ix)
      0000E5 10 EE            [13]  268 	djnz	00105$
                                    269 ;ff.c:667: *ptr++ = (BYTE)val; val >>= 8;
      0000E7 DD 7E 04         [19]  270 	ld	a, 4 (ix)
      0000EA 77               [ 7]  271 	ld	(hl), a
      0000EB 23               [ 6]  272 	inc	hl
      0000EC 06 08            [ 7]  273 	ld	b, #0x08
      0000EE                        274 00107$:
      0000EE DD CB 07 3E      [23]  275 	srl	7 (ix)
      0000F2 DD CB 06 1E      [23]  276 	rr	6 (ix)
      0000F6 DD CB 05 1E      [23]  277 	rr	5 (ix)
      0000FA DD CB 04 1E      [23]  278 	rr	4 (ix)
      0000FE 10 EE            [13]  279 	djnz	00107$
                                    280 ;ff.c:668: *ptr++ = (BYTE)val;
      000100 DD 7E 04         [19]  281 	ld	a, 4 (ix)
      000103 77               [ 7]  282 	ld	(hl), a
                                    283 ;ff.c:669: }
      000104 DD E1            [14]  284 	pop	ix
      000106 E1               [10]  285 	pop	hl
      000107 F1               [10]  286 	pop	af
      000108 F1               [10]  287 	pop	af
      000109 E9               [ 4]  288 	jp	(hl)
                                    289 ;ff.c:693: static int dbc_1st (BYTE c)
                                    290 ;	---------------------------------
                                    291 ; Function dbc_1st
                                    292 ; ---------------------------------
      00010A                        293 _dbc_1st:
      00010A 4F               [ 4]  294 	ld	c, a
                                    295 ;ff.c:701: if (c >= DbcTbl[0]) {
      00010B 21r13r00         [10]  296 	ld	hl, #_DbcTbl
      00010E 46               [ 7]  297 	ld	b, (hl)
      00010F 79               [ 4]  298 	ld	a, c
      000110 90               [ 4]  299 	sub	a, b
      000111 38 1C            [12]  300 	jr	C, 00107$
                                    301 ;ff.c:702: if (c <= DbcTbl[1]) return 1;
      000113 3Ar14r00         [13]  302 	ld	a, (#_DbcTbl + 1)
      000116 91               [ 4]  303 	sub	a, c
      000117 38 04            [12]  304 	jr	C, 00102$
      000119 11 01 00         [10]  305 	ld	de, #0x0001
      00011C C9               [10]  306 	ret
      00011D                        307 00102$:
                                    308 ;ff.c:703: if (c >= DbcTbl[2] && c <= DbcTbl[3]) return 1;
      00011D 21r15r00         [10]  309 	ld	hl, #_DbcTbl + 2
      000120 46               [ 7]  310 	ld	b, (hl)
      000121 79               [ 4]  311 	ld	a, c
      000122 90               [ 4]  312 	sub	a, b
      000123 38 0A            [12]  313 	jr	C, 00107$
      000125 3Ar16r00         [13]  314 	ld	a, (#_DbcTbl + 3)
      000128 91               [ 4]  315 	sub	a, c
      000129 38 04            [12]  316 	jr	C, 00107$
      00012B 11 01 00         [10]  317 	ld	de, #0x0001
      00012E C9               [10]  318 	ret
      00012F                        319 00107$:
                                    320 ;ff.c:708: return 0;
      00012F 11 00 00         [10]  321 	ld	de, #0x0000
                                    322 ;ff.c:709: }
      000132 C9               [10]  323 	ret
                                    324 ;ff.c:713: static int dbc_2nd (BYTE c)
                                    325 ;	---------------------------------
                                    326 ; Function dbc_2nd
                                    327 ; ---------------------------------
      000133                        328 _dbc_2nd:
      000133 4F               [ 4]  329 	ld	c, a
                                    330 ;ff.c:722: if (c >= DbcTbl[4]) {
      000134 21r17r00         [10]  331 	ld	hl, #_DbcTbl + 4
      000137 46               [ 7]  332 	ld	b, (hl)
      000138 79               [ 4]  333 	ld	a, c
      000139 90               [ 4]  334 	sub	a, b
      00013A 38 2E            [12]  335 	jr	C, 00110$
                                    336 ;ff.c:723: if (c <= DbcTbl[5]) return 1;
      00013C 3Ar18r00         [13]  337 	ld	a, (#_DbcTbl + 5)
      00013F 91               [ 4]  338 	sub	a, c
      000140 38 04            [12]  339 	jr	C, 00102$
      000142 11 01 00         [10]  340 	ld	de, #0x0001
      000145 C9               [10]  341 	ret
      000146                        342 00102$:
                                    343 ;ff.c:724: if (c >= DbcTbl[6] && c <= DbcTbl[7]) return 1;
      000146 21r19r00         [10]  344 	ld	hl, #_DbcTbl + 6
      000149 46               [ 7]  345 	ld	b, (hl)
      00014A 79               [ 4]  346 	ld	a, c
      00014B 90               [ 4]  347 	sub	a, b
      00014C 38 0A            [12]  348 	jr	C, 00104$
      00014E 3Ar1Ar00         [13]  349 	ld	a, (#_DbcTbl + 7)
      000151 91               [ 4]  350 	sub	a, c
      000152 38 04            [12]  351 	jr	C, 00104$
      000154 11 01 00         [10]  352 	ld	de, #0x0001
      000157 C9               [10]  353 	ret
      000158                        354 00104$:
                                    355 ;ff.c:725: if (c >= DbcTbl[8] && c <= DbcTbl[9]) return 1;
      000158 21r1Br00         [10]  356 	ld	hl, #_DbcTbl + 8
      00015B 46               [ 7]  357 	ld	b, (hl)
      00015C 79               [ 4]  358 	ld	a, c
      00015D 90               [ 4]  359 	sub	a, b
      00015E 38 0A            [12]  360 	jr	C, 00110$
      000160 3Ar1Cr00         [13]  361 	ld	a, (#_DbcTbl + 9)
      000163 91               [ 4]  362 	sub	a, c
      000164 38 04            [12]  363 	jr	C, 00110$
      000166 11 01 00         [10]  364 	ld	de, #0x0001
      000169 C9               [10]  365 	ret
      00016A                        366 00110$:
                                    367 ;ff.c:730: return 0;
      00016A 11 00 00         [10]  368 	ld	de, #0x0000
                                    369 ;ff.c:731: }
      00016D C9               [10]  370 	ret
                                    371 ;ff.c:1057: static FRESULT sync_window (	/* Returns FR_OK or FR_DISK_ERR */
                                    372 ;	---------------------------------
                                    373 ; Function sync_window
                                    374 ; ---------------------------------
      00016E                        375 _sync_window:
      00016E DD E5            [15]  376 	push	ix
      000170 DD 21 00 00      [14]  377 	ld	ix,#0
      000174 DD 39            [15]  378 	add	ix,sp
      000176 FD 21 EB FF      [14]  379 	ld	iy, #-21
      00017A FD 39            [15]  380 	add	iy, sp
      00017C FD F9            [10]  381 	ld	sp, iy
      00017E DD 75 FE         [19]  382 	ld	-2 (ix), l
      000181 DD 74 FF         [19]  383 	ld	-1 (ix), h
                                    384 ;ff.c:1061: FRESULT res = FR_OK;
      000184 DD 36 EF 00      [19]  385 	ld	-17 (ix), #0x00
                                    386 ;ff.c:1064: if (fs->wflag) {	/* Is the disk access window dirty? */
      000188 DD 7E FE         [19]  387 	ld	a, -2 (ix)
      00018B C6 04            [ 7]  388 	add	a, #0x04
      00018D DD 77 FA         [19]  389 	ld	-6 (ix), a
      000190 DD 7E FF         [19]  390 	ld	a, -1 (ix)
      000193 CE 00            [ 7]  391 	adc	a, #0x00
      000195 DD 77 FB         [19]  392 	ld	-5 (ix), a
      000198 DD 6E FA         [19]  393 	ld	l, -6 (ix)
      00019B DD 66 FB         [19]  394 	ld	h, -5 (ix)
      00019E 7E               [ 7]  395 	ld	a, (hl)
      00019F DD 77 FD         [19]  396 	ld	-3 (ix), a
      0001A2 B7               [ 4]  397 	or	a, a
      0001A3 CArD7r02         [10]  398 	jp	Z, 00109$
                                    399 ;ff.c:1065: if (disk_write(fs->pdrv, fs->win, fs->winsect, 1) == RES_OK) {	/* Write it back into the volume */
      0001A6 DD 7E FE         [19]  400 	ld	a, -2 (ix)
      0001A9 C6 1C            [ 7]  401 	add	a, #0x1c
      0001AB DD 77 FC         [19]  402 	ld	-4 (ix), a
      0001AE DD 7E FF         [19]  403 	ld	a, -1 (ix)
      0001B1 CE 00            [ 7]  404 	adc	a, #0x00
      0001B3 DD 77 FD         [19]  405 	ld	-3 (ix), a
      0001B6 DD 6E FC         [19]  406 	ld	l, -4 (ix)
      0001B9 DD 66 FD         [19]  407 	ld	h, -3 (ix)
      0001BC 4E               [ 7]  408 	ld	c, (hl)
      0001BD 23               [ 6]  409 	inc	hl
      0001BE 46               [ 7]  410 	ld	b, (hl)
      0001BF 23               [ 6]  411 	inc	hl
      0001C0 5E               [ 7]  412 	ld	e, (hl)
      0001C1 23               [ 6]  413 	inc	hl
      0001C2 56               [ 7]  414 	ld	d, (hl)
      0001C3 DD 7E FE         [19]  415 	ld	a, -2 (ix)
      0001C6 C6 30            [ 7]  416 	add	a, #0x30
      0001C8 DD 77 F0         [19]  417 	ld	-16 (ix), a
      0001CB DD 7E FF         [19]  418 	ld	a, -1 (ix)
      0001CE CE 00            [ 7]  419 	adc	a, #0x00
      0001D0 DD 77 F1         [19]  420 	ld	-15 (ix), a
      0001D3 DD 7E FE         [19]  421 	ld	a, -2 (ix)
      0001D6 C6 01            [ 7]  422 	add	a, #0x01
      0001D8 DD 77 F2         [19]  423 	ld	-14 (ix), a
      0001DB DD 7E FF         [19]  424 	ld	a, -1 (ix)
      0001DE CE 00            [ 7]  425 	adc	a, #0x00
      0001E0 DD 77 F3         [19]  426 	ld	-13 (ix), a
      0001E3 DD 6E F2         [19]  427 	ld	l, -14 (ix)
      0001E6 DD 66 F3         [19]  428 	ld	h, -13 (ix)
      0001E9 6E               [ 7]  429 	ld	l, (hl)
                                    430 ;	spillPairReg hl
      0001EA FD 21 01 00      [14]  431 	ld	iy, #0x0001
      0001EE FD E5            [15]  432 	push	iy
      0001F0 D5               [11]  433 	push	de
      0001F1 C5               [11]  434 	push	bc
      0001F2 DD 5E F0         [19]  435 	ld	e, -16 (ix)
      0001F5 DD 56 F1         [19]  436 	ld	d, -15 (ix)
      0001F8 7D               [ 4]  437 	ld	a, l
      0001F9 CDr00r00         [17]  438 	call	_disk_write
      0001FC B7               [ 4]  439 	or	a, a
      0001FD C2rD3r02         [10]  440 	jp	NZ, 00106$
                                    441 ;ff.c:1066: fs->wflag = 0;	/* Clear window dirty flag */
      000200 DD 6E FA         [19]  442 	ld	l, -6 (ix)
      000203 DD 66 FB         [19]  443 	ld	h, -5 (ix)
      000206 36 00            [10]  444 	ld	(hl), #0x00
                                    445 ;ff.c:1067: if (fs->winsect - fs->fatbase < fs->fsize) {	/* Is it in the 1st FAT? */
      000208 DD 5E FC         [19]  446 	ld	e, -4 (ix)
      00020B DD 56 FD         [19]  447 	ld	d, -3 (ix)
      00020E 21 09 00         [10]  448 	ld	hl, #9
      000211 39               [11]  449 	add	hl, sp
      000212 EB               [ 4]  450 	ex	de, hl
      000213 01 04 00         [10]  451 	ld	bc, #0x0004
      000216 ED B0            [21]  452 	ldir
      000218 DD 4E FE         [19]  453 	ld	c, -2 (ix)
      00021B DD 46 FF         [19]  454 	ld	b, -1 (ix)
      00021E 21 24 00         [10]  455 	ld	hl, #36
      000221 09               [11]  456 	add	hl, bc
      000222 4E               [ 7]  457 	ld	c, (hl)
      000223 23               [ 6]  458 	inc	hl
      000224 46               [ 7]  459 	ld	b, (hl)
      000225 23               [ 6]  460 	inc	hl
      000226 5E               [ 7]  461 	ld	e, (hl)
      000227 23               [ 6]  462 	inc	hl
      000228 56               [ 7]  463 	ld	d, (hl)
      000229 DD 7E F4         [19]  464 	ld	a, -12 (ix)
      00022C 91               [ 4]  465 	sub	a, c
      00022D 4F               [ 4]  466 	ld	c, a
      00022E DD 7E F5         [19]  467 	ld	a, -11 (ix)
      000231 98               [ 4]  468 	sbc	a, b
      000232 47               [ 4]  469 	ld	b, a
      000233 DD 7E F6         [19]  470 	ld	a, -10 (ix)
      000236 9B               [ 4]  471 	sbc	a, e
      000237 5F               [ 4]  472 	ld	e, a
      000238 DD 7E F7         [19]  473 	ld	a, -9 (ix)
      00023B 9A               [ 4]  474 	sbc	a, d
      00023C 57               [ 4]  475 	ld	d, a
      00023D DD 6E FE         [19]  476 	ld	l, -2 (ix)
                                    477 ;	spillPairReg hl
                                    478 ;	spillPairReg hl
      000240 DD 66 FF         [19]  479 	ld	h, -1 (ix)
                                    480 ;	spillPairReg hl
                                    481 ;	spillPairReg hl
      000243 D5               [11]  482 	push	de
      000244 C5               [11]  483 	push	bc
      000245 EB               [ 4]  484 	ex	de, hl
      000246 21 11 00         [10]  485 	ld	hl, #17
      000249 39               [11]  486 	add	hl, sp
      00024A EB               [ 4]  487 	ex	de, hl
      00024B 01 18 00         [10]  488 	ld	bc, #0x0018
      00024E 09               [11]  489 	add	hl, bc
      00024F 01 04 00         [10]  490 	ld	bc, #0x0004
      000252 ED B0            [21]  491 	ldir
      000254 C1               [10]  492 	pop	bc
      000255 D1               [10]  493 	pop	de
      000256 79               [ 4]  494 	ld	a, c
      000257 DD 96 F8         [19]  495 	sub	a, -8 (ix)
      00025A 78               [ 4]  496 	ld	a, b
      00025B DD 9E F9         [19]  497 	sbc	a, -7 (ix)
      00025E 7B               [ 4]  498 	ld	a, e
      00025F DD 9E FA         [19]  499 	sbc	a, -6 (ix)
      000262 7A               [ 4]  500 	ld	a, d
      000263 DD 9E FB         [19]  501 	sbc	a, -5 (ix)
      000266 30 6F            [12]  502 	jr	NC, 00109$
                                    503 ;ff.c:1068: if (fs->n_fats == 2) disk_write(fs->pdrv, fs->win, fs->winsect + fs->fsize, 1);	/* Reflect it to 2nd FAT if needed */
      000268 DD 7E FE         [19]  504 	ld	a, -2 (ix)
      00026B DD 77 FC         [19]  505 	ld	-4 (ix), a
      00026E DD 7E FF         [19]  506 	ld	a, -1 (ix)
      000271 DD 77 FD         [19]  507 	ld	-3 (ix), a
      000274 DD 6E FC         [19]  508 	ld	l, -4 (ix)
      000277 DD 66 FD         [19]  509 	ld	h, -3 (ix)
      00027A 23               [ 6]  510 	inc	hl
      00027B 23               [ 6]  511 	inc	hl
      00027C 23               [ 6]  512 	inc	hl
      00027D 7E               [ 7]  513 	ld	a, (hl)
      00027E DD 77 FD         [19]  514 	ld	-3 (ix), a
      000281 D6 02            [ 7]  515 	sub	a, #0x02
      000283 20 52            [12]  516 	jr	NZ, 00109$
      000285 DD 7E F8         [19]  517 	ld	a, -8 (ix)
      000288 DD 86 F4         [19]  518 	add	a, -12 (ix)
      00028B DD 77 EB         [19]  519 	ld	-21 (ix), a
      00028E DD 7E F9         [19]  520 	ld	a, -7 (ix)
      000291 DD 8E F5         [19]  521 	adc	a, -11 (ix)
      000294 DD 77 EC         [19]  522 	ld	-20 (ix), a
      000297 DD 7E FA         [19]  523 	ld	a, -6 (ix)
      00029A DD 8E F6         [19]  524 	adc	a, -10 (ix)
      00029D DD 77 ED         [19]  525 	ld	-19 (ix), a
      0002A0 DD 7E FB         [19]  526 	ld	a, -5 (ix)
      0002A3 DD 8E F7         [19]  527 	adc	a, -9 (ix)
      0002A6 DD 77 EE         [19]  528 	ld	-18 (ix), a
      0002A9 DD 6E F2         [19]  529 	ld	l, -14 (ix)
      0002AC DD 66 F3         [19]  530 	ld	h, -13 (ix)
      0002AF 7E               [ 7]  531 	ld	a, (hl)
      0002B0 DD 77 FD         [19]  532 	ld	-3 (ix), a
      0002B3 21 01 00         [10]  533 	ld	hl, #0x0001
      0002B6 E5               [11]  534 	push	hl
      0002B7 DD 6E ED         [19]  535 	ld	l, -19 (ix)
                                    536 ;	spillPairReg hl
                                    537 ;	spillPairReg hl
      0002BA DD 66 EE         [19]  538 	ld	h, -18 (ix)
                                    539 ;	spillPairReg hl
                                    540 ;	spillPairReg hl
      0002BD E5               [11]  541 	push	hl
      0002BE DD 6E EB         [19]  542 	ld	l, -21 (ix)
                                    543 ;	spillPairReg hl
                                    544 ;	spillPairReg hl
      0002C1 DD 66 EC         [19]  545 	ld	h, -20 (ix)
                                    546 ;	spillPairReg hl
                                    547 ;	spillPairReg hl
      0002C4 E5               [11]  548 	push	hl
      0002C5 DD 5E F0         [19]  549 	ld	e, -16 (ix)
      0002C8 DD 56 F1         [19]  550 	ld	d, -15 (ix)
      0002CB DD 7E FD         [19]  551 	ld	a, -3 (ix)
      0002CE CDr00r00         [17]  552 	call	_disk_write
      0002D1 18 04            [12]  553 	jr	00109$
      0002D3                        554 00106$:
                                    555 ;ff.c:1071: res = FR_DISK_ERR;
      0002D3 DD 36 EF 01      [19]  556 	ld	-17 (ix), #0x01
      0002D7                        557 00109$:
                                    558 ;ff.c:1074: return res;
      0002D7 DD 7E EF         [19]  559 	ld	a, -17 (ix)
                                    560 ;ff.c:1075: }
      0002DA DD F9            [10]  561 	ld	sp, ix
      0002DC DD E1            [14]  562 	pop	ix
      0002DE C9               [10]  563 	ret
                                    564 ;ff.c:1079: static FRESULT move_window (	/* Returns FR_OK or FR_DISK_ERR */
                                    565 ;	---------------------------------
                                    566 ; Function move_window
                                    567 ; ---------------------------------
      0002DF                        568 _move_window:
      0002DF DD E5            [15]  569 	push	ix
      0002E1 DD 21 00 00      [14]  570 	ld	ix,#0
      0002E5 DD 39            [15]  571 	add	ix,sp
      0002E7 F5               [11]  572 	push	af
      0002E8 3B               [ 6]  573 	dec	sp
      0002E9 4D               [ 4]  574 	ld	c, l
      0002EA 44               [ 4]  575 	ld	b, h
                                    576 ;ff.c:1084: FRESULT res = FR_OK;
      0002EB DD 36 FD 00      [19]  577 	ld	-3 (ix), #0x00
                                    578 ;ff.c:1087: if (sect != fs->winsect) {	/* Window offset changed? */
      0002EF 21 1C 00         [10]  579 	ld	hl, #0x001c
      0002F2 09               [11]  580 	add	hl, bc
      0002F3 DD 75 FE         [19]  581 	ld	-2 (ix), l
      0002F6 DD 74 FF         [19]  582 	ld	-1 (ix), h
      0002F9 5E               [ 7]  583 	ld	e, (hl)
      0002FA 23               [ 6]  584 	inc	hl
      0002FB 56               [ 7]  585 	ld	d, (hl)
      0002FC 23               [ 6]  586 	inc	hl
      0002FD 23               [ 6]  587 	inc	hl
      0002FE 7E               [ 7]  588 	ld	a, (hl)
      0002FF 2B               [ 6]  589 	dec	hl
      000300 6E               [ 7]  590 	ld	l, (hl)
                                    591 ;	spillPairReg hl
      000301 67               [ 4]  592 	ld	h, a
                                    593 ;	spillPairReg hl
                                    594 ;	spillPairReg hl
      000302 DD 7E 04         [19]  595 	ld	a, 4 (ix)
      000305 93               [ 4]  596 	sub	a, e
      000306 20 12            [12]  597 	jr	NZ, 00124$
      000308 DD 7E 05         [19]  598 	ld	a, 5 (ix)
      00030B 92               [ 4]  599 	sub	a, d
      00030C 20 0C            [12]  600 	jr	NZ, 00124$
      00030E 7D               [ 4]  601 	ld	a, l
      00030F DD 96 06         [19]  602 	sub	a, 6 (ix)
      000312 20 06            [12]  603 	jr	NZ, 00124$
      000314 7C               [ 4]  604 	ld	a, h
      000315 DD 96 07         [19]  605 	sub	a, 7 (ix)
      000318 28 51            [12]  606 	jr	Z, 00106$
      00031A                        607 00124$:
                                    608 ;ff.c:1089: res = sync_window(fs);		/* Flush the window */
      00031A C5               [11]  609 	push	bc
      00031B 69               [ 4]  610 	ld	l, c
                                    611 ;	spillPairReg hl
                                    612 ;	spillPairReg hl
      00031C 60               [ 4]  613 	ld	h, b
                                    614 ;	spillPairReg hl
                                    615 ;	spillPairReg hl
      00031D CDr6Er01         [17]  616 	call	_sync_window
      000320 C1               [10]  617 	pop	bc
      000321 DD 77 FD         [19]  618 	ld	-3 (ix), a
                                    619 ;ff.c:1091: if (res == FR_OK) {			/* Fill sector window with new data */
      000324 B7               [ 4]  620 	or	a, a
      000325 20 44            [12]  621 	jr	NZ, 00106$
                                    622 ;ff.c:1092: if (disk_read(fs->pdrv, fs->win, sect, 1) != RES_OK) {
      000327 21 30 00         [10]  623 	ld	hl, #0x0030
      00032A 09               [11]  624 	add	hl, bc
      00032B EB               [ 4]  625 	ex	de, hl
      00032C 03               [ 6]  626 	inc	bc
      00032D 0A               [ 7]  627 	ld	a, (bc)
      00032E 4F               [ 4]  628 	ld	c, a
      00032F 21 01 00         [10]  629 	ld	hl, #0x0001
      000332 E5               [11]  630 	push	hl
      000333 DD 6E 06         [19]  631 	ld	l, 6 (ix)
                                    632 ;	spillPairReg hl
                                    633 ;	spillPairReg hl
      000336 DD 66 07         [19]  634 	ld	h, 7 (ix)
                                    635 ;	spillPairReg hl
                                    636 ;	spillPairReg hl
      000339 E5               [11]  637 	push	hl
      00033A DD 6E 04         [19]  638 	ld	l, 4 (ix)
                                    639 ;	spillPairReg hl
                                    640 ;	spillPairReg hl
      00033D DD 66 05         [19]  641 	ld	h, 5 (ix)
                                    642 ;	spillPairReg hl
                                    643 ;	spillPairReg hl
      000340 E5               [11]  644 	push	hl
      000341 79               [ 4]  645 	ld	a, c
      000342 CDr00r00         [17]  646 	call	_disk_read
      000345 B7               [ 4]  647 	or	a, a
      000346 28 14            [12]  648 	jr	Z, 00102$
                                    649 ;ff.c:1093: sect = (LBA_t)0 - 1;	/* Invalidate window if read data is not valid */
      000348 DD 36 04 FF      [19]  650 	ld	4 (ix), #0xff
      00034C DD 36 05 FF      [19]  651 	ld	5 (ix), #0xff
      000350 DD 36 06 FF      [19]  652 	ld	6 (ix), #0xff
      000354 DD 36 07 FF      [19]  653 	ld	7 (ix), #0xff
                                    654 ;ff.c:1094: res = FR_DISK_ERR;
      000358 DD 36 FD 01      [19]  655 	ld	-3 (ix), #0x01
      00035C                        656 00102$:
                                    657 ;ff.c:1096: fs->winsect = sect;
      00035C DD 5E FE         [19]  658 	ld	e, -2 (ix)
      00035F DD 56 FF         [19]  659 	ld	d, -1 (ix)
      000362 21 07 00         [10]  660 	ld	hl, #7
      000365 39               [11]  661 	add	hl, sp
      000366 01 04 00         [10]  662 	ld	bc, #0x0004
      000369 ED B0            [21]  663 	ldir
      00036B                        664 00106$:
                                    665 ;ff.c:1099: return res;
      00036B DD 7E FD         [19]  666 	ld	a, -3 (ix)
                                    667 ;ff.c:1100: }
      00036E DD F9            [10]  668 	ld	sp, ix
      000370 DD E1            [14]  669 	pop	ix
      000372 E1               [10]  670 	pop	hl
      000373 C1               [10]  671 	pop	bc
      000374 C1               [10]  672 	pop	bc
      000375 E9               [ 4]  673 	jp	(hl)
                                    674 ;ff.c:1110: static FRESULT sync_fs (	/* Returns FR_OK or FR_DISK_ERR */
                                    675 ;	---------------------------------
                                    676 ; Function sync_fs
                                    677 ; ---------------------------------
      000376                        678 _sync_fs:
      000376 DD E5            [15]  679 	push	ix
      000378 DD 21 00 00      [14]  680 	ld	ix,#0
      00037C DD 39            [15]  681 	add	ix,sp
      00037E FD 21 F7 FF      [14]  682 	ld	iy, #-9
      000382 FD 39            [15]  683 	add	iy, sp
      000384 FD F9            [10]  684 	ld	sp, iy
      000386 4D               [ 4]  685 	ld	c, l
      000387 44               [ 4]  686 	ld	b, h
                                    687 ;ff.c:1117: res = sync_window(fs);
      000388 C5               [11]  688 	push	bc
      000389 69               [ 4]  689 	ld	l, c
                                    690 ;	spillPairReg hl
                                    691 ;	spillPairReg hl
      00038A 60               [ 4]  692 	ld	h, b
                                    693 ;	spillPairReg hl
                                    694 ;	spillPairReg hl
      00038B CDr6Er01         [17]  695 	call	_sync_window
      00038E C1               [10]  696 	pop	bc
      00038F DD 77 F7         [19]  697 	ld	-9 (ix), a
                                    698 ;ff.c:1118: if (res == FR_OK) {
      000392 B7               [ 4]  699 	or	a, a
      000393 C2rFAr04         [10]  700 	jp	NZ, 00108$
                                    701 ;ff.c:1119: if (fs->fsi_flag == 1) {	/* Allocation changed? */
      000396 21 05 00         [10]  702 	ld	hl, #0x0005
      000399 09               [11]  703 	add	hl, bc
      00039A 5E               [ 7]  704 	ld	e, (hl)
                                    705 ;ff.c:1129: disk_write(fs->pdrv, fs->win, fs->winsect = fs->volbase + 1, 1);	/* Write it into the FSInfo sector (Next to VBR) */
      00039B 79               [ 4]  706 	ld	a, c
      00039C C6 01            [ 7]  707 	add	a, #0x01
      00039E DD 77 F8         [19]  708 	ld	-8 (ix), a
      0003A1 78               [ 4]  709 	ld	a, b
      0003A2 CE 00            [ 7]  710 	adc	a, #0x00
      0003A4 DD 77 F9         [19]  711 	ld	-7 (ix), a
                                    712 ;ff.c:1119: if (fs->fsi_flag == 1) {	/* Allocation changed? */
      0003A7 1D               [ 4]  713 	dec	e
      0003A8 C2rE2r04         [10]  714 	jp	NZ,00104$
                                    715 ;ff.c:1120: fs->fsi_flag = 0;
      0003AB 36 00            [10]  716 	ld	(hl), #0x00
                                    717 ;ff.c:1121: if (fs->fs_type == FS_FAT32) {	/* FAT32: Update FSInfo sector */
      0003AD 0A               [ 7]  718 	ld	a, (bc)
      0003AE D6 03            [ 7]  719 	sub	a, #0x03
      0003B0 C2rE2r04         [10]  720 	jp	NZ,00104$
                                    721 ;ff.c:1123: memset(fs->win, 0, sizeof fs->win);
      0003B3 21 30 00         [10]  722 	ld	hl, #0x0030
      0003B6 09               [11]  723 	add	hl, bc
                                    724 ;	spillPairReg hl
                                    725 ;	spillPairReg hl
                                    726 ;	spillPairReg hl
                                    727 ;	spillPairReg hl
      0003B7 E5               [11]  728 	push	hl
      0003B8 C5               [11]  729 	push	bc
      0003B9 36 00            [10]  730 	ld	(hl), #0x00
      0003BB 5D               [ 4]  731 	ld	e, l
      0003BC 54               [ 4]  732 	ld	d, h
      0003BD 13               [ 6]  733 	inc	de
      0003BE 01 FF 01         [10]  734 	ld	bc, #0x01ff
      0003C1 ED B0            [21]  735 	ldir
      0003C3 C1               [10]  736 	pop	bc
      0003C4 D1               [10]  737 	pop	de
                                    738 ;ff.c:1124: st_32(fs->win + FSI_LeadSig, 0x41615252);		/* Leading signature */
      0003C5 C5               [11]  739 	push	bc
      0003C6 D5               [11]  740 	push	de
      0003C7 21 61 41         [10]  741 	ld	hl, #0x4161
      0003CA E5               [11]  742 	push	hl
      0003CB 21 52 52         [10]  743 	ld	hl, #0x5252
                                    744 ;	spillPairReg hl
                                    745 ;	spillPairReg hl
      0003CE EB               [ 4]  746 	ex	de, hl
      0003CF D5               [11]  747 	push	de
                                    748 ;	spillPairReg hl
                                    749 ;	spillPairReg hl
      0003D0 CDrADr00         [17]  750 	call	_st_32
      0003D3 D1               [10]  751 	pop	de
      0003D4 C1               [10]  752 	pop	bc
                                    753 ;ff.c:1125: st_32(fs->win + FSI_StrucSig, 0x61417272);		/* Structure signature */
      0003D5 21 30 00         [10]  754 	ld	hl, #0x0030
      0003D8 09               [11]  755 	add	hl, bc
      0003D9 DD 75 FA         [19]  756 	ld	-6 (ix), l
      0003DC DD 74 FB         [19]  757 	ld	-5 (ix), h
      0003DF DD 7E FA         [19]  758 	ld	a, -6 (ix)
      0003E2 C6 E4            [ 7]  759 	add	a, #0xe4
      0003E4 6F               [ 4]  760 	ld	l, a
                                    761 ;	spillPairReg hl
                                    762 ;	spillPairReg hl
      0003E5 DD 7E FB         [19]  763 	ld	a, -5 (ix)
      0003E8 CE 01            [ 7]  764 	adc	a, #0x01
      0003EA 67               [ 4]  765 	ld	h, a
                                    766 ;	spillPairReg hl
                                    767 ;	spillPairReg hl
      0003EB C5               [11]  768 	push	bc
      0003EC D5               [11]  769 	push	de
      0003ED 11 41 61         [10]  770 	ld	de, #0x6141
      0003F0 D5               [11]  771 	push	de
      0003F1 11 72 72         [10]  772 	ld	de, #0x7272
      0003F4 D5               [11]  773 	push	de
      0003F5 CDrADr00         [17]  774 	call	_st_32
      0003F8 D1               [10]  775 	pop	de
      0003F9 C1               [10]  776 	pop	bc
                                    777 ;ff.c:1126: st_32(fs->win + FSI_Free_Count, fs->free_clst);	/* Number of free clusters */
      0003FA 69               [ 4]  778 	ld	l, c
                                    779 ;	spillPairReg hl
                                    780 ;	spillPairReg hl
      0003FB 60               [ 4]  781 	ld	h, b
                                    782 ;	spillPairReg hl
                                    783 ;	spillPairReg hl
      0003FC D5               [11]  784 	push	de
      0003FD C5               [11]  785 	push	bc
      0003FE EB               [ 4]  786 	ex	de, hl
      0003FF 21 09 00         [10]  787 	ld	hl, #9
      000402 39               [11]  788 	add	hl, sp
      000403 EB               [ 4]  789 	ex	de, hl
      000404 01 10 00         [10]  790 	ld	bc, #0x0010
      000407 09               [11]  791 	add	hl, bc
      000408 01 04 00         [10]  792 	ld	bc, #0x0004
      00040B ED B0            [21]  793 	ldir
      00040D C1               [10]  794 	pop	bc
      00040E D1               [10]  795 	pop	de
      00040F DD 7E FA         [19]  796 	ld	a, -6 (ix)
      000412 C6 E8            [ 7]  797 	add	a, #0xe8
      000414 6F               [ 4]  798 	ld	l, a
                                    799 ;	spillPairReg hl
                                    800 ;	spillPairReg hl
      000415 DD 7E FB         [19]  801 	ld	a, -5 (ix)
      000418 CE 01            [ 7]  802 	adc	a, #0x01
      00041A 67               [ 4]  803 	ld	h, a
                                    804 ;	spillPairReg hl
                                    805 ;	spillPairReg hl
      00041B C5               [11]  806 	push	bc
      00041C D5               [11]  807 	push	de
      00041D E5               [11]  808 	push	hl
      00041E DD 6E FE         [19]  809 	ld	l, -2 (ix)
                                    810 ;	spillPairReg hl
                                    811 ;	spillPairReg hl
      000421 DD 66 FF         [19]  812 	ld	h, -1 (ix)
                                    813 ;	spillPairReg hl
                                    814 ;	spillPairReg hl
      000424 E3               [19]  815 	ex	(sp), hl
      000425 E5               [11]  816 	push	hl
      000426 DD 6E FC         [19]  817 	ld	l, -4 (ix)
                                    818 ;	spillPairReg hl
                                    819 ;	spillPairReg hl
      000429 DD 66 FD         [19]  820 	ld	h, -3 (ix)
                                    821 ;	spillPairReg hl
                                    822 ;	spillPairReg hl
      00042C E3               [19]  823 	ex	(sp), hl
      00042D CDrADr00         [17]  824 	call	_st_32
      000430 D1               [10]  825 	pop	de
      000431 C1               [10]  826 	pop	bc
                                    827 ;ff.c:1127: st_32(fs->win + FSI_Nxt_Free, fs->last_clst);	/* Last allocated culuster */
      000432 69               [ 4]  828 	ld	l, c
                                    829 ;	spillPairReg hl
                                    830 ;	spillPairReg hl
      000433 60               [ 4]  831 	ld	h, b
                                    832 ;	spillPairReg hl
                                    833 ;	spillPairReg hl
      000434 D5               [11]  834 	push	de
      000435 C5               [11]  835 	push	bc
      000436 EB               [ 4]  836 	ex	de, hl
      000437 21 09 00         [10]  837 	ld	hl, #9
      00043A 39               [11]  838 	add	hl, sp
      00043B EB               [ 4]  839 	ex	de, hl
      00043C 01 0C 00         [10]  840 	ld	bc, #0x000c
      00043F 09               [11]  841 	add	hl, bc
      000440 01 04 00         [10]  842 	ld	bc, #0x0004
      000443 ED B0            [21]  843 	ldir
      000445 C1               [10]  844 	pop	bc
      000446 D1               [10]  845 	pop	de
      000447 DD 7E FA         [19]  846 	ld	a, -6 (ix)
      00044A C6 EC            [ 7]  847 	add	a, #0xec
      00044C 6F               [ 4]  848 	ld	l, a
                                    849 ;	spillPairReg hl
                                    850 ;	spillPairReg hl
      00044D DD 7E FB         [19]  851 	ld	a, -5 (ix)
      000450 CE 01            [ 7]  852 	adc	a, #0x01
      000452 67               [ 4]  853 	ld	h, a
                                    854 ;	spillPairReg hl
                                    855 ;	spillPairReg hl
      000453 C5               [11]  856 	push	bc
      000454 D5               [11]  857 	push	de
      000455 E5               [11]  858 	push	hl
      000456 DD 6E FE         [19]  859 	ld	l, -2 (ix)
                                    860 ;	spillPairReg hl
                                    861 ;	spillPairReg hl
      000459 DD 66 FF         [19]  862 	ld	h, -1 (ix)
                                    863 ;	spillPairReg hl
                                    864 ;	spillPairReg hl
      00045C E3               [19]  865 	ex	(sp), hl
      00045D E5               [11]  866 	push	hl
      00045E DD 6E FC         [19]  867 	ld	l, -4 (ix)
                                    868 ;	spillPairReg hl
                                    869 ;	spillPairReg hl
      000461 DD 66 FD         [19]  870 	ld	h, -3 (ix)
                                    871 ;	spillPairReg hl
                                    872 ;	spillPairReg hl
      000464 E3               [19]  873 	ex	(sp), hl
      000465 CDrADr00         [17]  874 	call	_st_32
      000468 D1               [10]  875 	pop	de
      000469 C1               [10]  876 	pop	bc
                                    877 ;ff.c:1128: st_32(fs->win + FSI_TrailSig, 0xAA550000);		/* Trailing signature */
      00046A DD 7E FA         [19]  878 	ld	a, -6 (ix)
      00046D C6 FC            [ 7]  879 	add	a, #0xfc
      00046F 6F               [ 4]  880 	ld	l, a
                                    881 ;	spillPairReg hl
                                    882 ;	spillPairReg hl
      000470 DD 7E FB         [19]  883 	ld	a, -5 (ix)
      000473 CE 01            [ 7]  884 	adc	a, #0x01
      000475 67               [ 4]  885 	ld	h, a
                                    886 ;	spillPairReg hl
                                    887 ;	spillPairReg hl
      000476 C5               [11]  888 	push	bc
      000477 D5               [11]  889 	push	de
      000478 11 55 AA         [10]  890 	ld	de, #0xaa55
      00047B D5               [11]  891 	push	de
      00047C 11 00 00         [10]  892 	ld	de, #0x0000
      00047F D5               [11]  893 	push	de
      000480 CDrADr00         [17]  894 	call	_st_32
      000483 D1               [10]  895 	pop	de
      000484 C1               [10]  896 	pop	bc
                                    897 ;ff.c:1129: disk_write(fs->pdrv, fs->win, fs->winsect = fs->volbase + 1, 1);	/* Write it into the FSInfo sector (Next to VBR) */
      000485 21 1C 00         [10]  898 	ld	hl, #0x001c
      000488 09               [11]  899 	add	hl, bc
      000489 DD 75 FA         [19]  900 	ld	-6 (ix), l
      00048C DD 74 FB         [19]  901 	ld	-5 (ix), h
      00048F 21 20 00         [10]  902 	ld	hl, #32
      000492 09               [11]  903 	add	hl, bc
      000493 4E               [ 7]  904 	ld	c, (hl)
      000494 23               [ 6]  905 	inc	hl
      000495 46               [ 7]  906 	ld	b, (hl)
      000496 23               [ 6]  907 	inc	hl
      000497 23               [ 6]  908 	inc	hl
      000498 7E               [ 7]  909 	ld	a, (hl)
      000499 2B               [ 6]  910 	dec	hl
      00049A 6E               [ 7]  911 	ld	l, (hl)
                                    912 ;	spillPairReg hl
      00049B 67               [ 4]  913 	ld	h, a
                                    914 ;	spillPairReg hl
                                    915 ;	spillPairReg hl
      00049C 79               [ 4]  916 	ld	a, c
      00049D C6 01            [ 7]  917 	add	a, #0x01
      00049F DD 77 FC         [19]  918 	ld	-4 (ix), a
      0004A2 78               [ 4]  919 	ld	a, b
      0004A3 CE 00            [ 7]  920 	adc	a, #0x00
      0004A5 DD 77 FD         [19]  921 	ld	-3 (ix), a
      0004A8 7D               [ 4]  922 	ld	a, l
      0004A9 CE 00            [ 7]  923 	adc	a, #0x00
      0004AB DD 77 FE         [19]  924 	ld	-2 (ix), a
      0004AE 7C               [ 4]  925 	ld	a, h
      0004AF CE 00            [ 7]  926 	adc	a, #0x00
      0004B1 DD 77 FF         [19]  927 	ld	-1 (ix), a
      0004B4 D5               [11]  928 	push	de
      0004B5 DD 5E FA         [19]  929 	ld	e, -6 (ix)
      0004B8 DD 56 FB         [19]  930 	ld	d, -5 (ix)
      0004BB 21 07 00         [10]  931 	ld	hl, #7
      0004BE 39               [11]  932 	add	hl, sp
      0004BF 01 04 00         [10]  933 	ld	bc, #0x0004
      0004C2 ED B0            [21]  934 	ldir
      0004C4 D1               [10]  935 	pop	de
      0004C5 DD 6E F8         [19]  936 	ld	l, -8 (ix)
      0004C8 DD 66 F9         [19]  937 	ld	h, -7 (ix)
      0004CB 4E               [ 7]  938 	ld	c, (hl)
      0004CC 21 01 00         [10]  939 	ld	hl, #0x0001
      0004CF E5               [11]  940 	push	hl
      0004D0 DD 6E FE         [19]  941 	ld	l, -2 (ix)
                                    942 ;	spillPairReg hl
                                    943 ;	spillPairReg hl
      0004D3 DD 66 FF         [19]  944 	ld	h, -1 (ix)
                                    945 ;	spillPairReg hl
                                    946 ;	spillPairReg hl
      0004D6 E5               [11]  947 	push	hl
      0004D7 DD 6E FC         [19]  948 	ld	l, -4 (ix)
                                    949 ;	spillPairReg hl
                                    950 ;	spillPairReg hl
      0004DA DD 66 FD         [19]  951 	ld	h, -3 (ix)
                                    952 ;	spillPairReg hl
                                    953 ;	spillPairReg hl
      0004DD E5               [11]  954 	push	hl
      0004DE 79               [ 4]  955 	ld	a, c
      0004DF CDr00r00         [17]  956 	call	_disk_write
      0004E2                        957 00104$:
                                    958 ;ff.c:1145: if (disk_ioctl(fs->pdrv, CTRL_SYNC, 0) != RES_OK) res = FR_DISK_ERR;
      0004E2 DD 6E F8         [19]  959 	ld	l, -8 (ix)
      0004E5 DD 66 F9         [19]  960 	ld	h, -7 (ix)
      0004E8 4E               [ 7]  961 	ld	c, (hl)
      0004E9 21 00 00         [10]  962 	ld	hl, #0x0000
      0004EC E5               [11]  963 	push	hl
      0004ED 2E 00            [ 7]  964 	ld	l, #0x00
                                    965 ;	spillPairReg hl
                                    966 ;	spillPairReg hl
      0004EF 79               [ 4]  967 	ld	a, c
      0004F0 CDr00r00         [17]  968 	call	_disk_ioctl
      0004F3 B7               [ 4]  969 	or	a, a
      0004F4 28 04            [12]  970 	jr	Z, 00108$
      0004F6 DD 36 F7 01      [19]  971 	ld	-9 (ix), #0x01
      0004FA                        972 00108$:
                                    973 ;ff.c:1148: return res;
      0004FA DD 7E F7         [19]  974 	ld	a, -9 (ix)
                                    975 ;ff.c:1149: }
      0004FD DD F9            [10]  976 	ld	sp, ix
      0004FF DD E1            [14]  977 	pop	ix
      000501 C9               [10]  978 	ret
                                    979 ;ff.c:1159: static LBA_t clst2sect (	/* !=0:Sector number, 0:Failed (invalid cluster#) */
                                    980 ;	---------------------------------
                                    981 ; Function clst2sect
                                    982 ; ---------------------------------
      000502                        983 _clst2sect:
      000502 DD E5            [15]  984 	push	ix
      000504 DD 21 00 00      [14]  985 	ld	ix,#0
      000508 DD 39            [15]  986 	add	ix,sp
      00050A F5               [11]  987 	push	af
      00050B F5               [11]  988 	push	af
      00050C EB               [ 4]  989 	ex	de, hl
                                    990 ;ff.c:1164: clst -= 2;		/* Cluster number is origin from 2 */
      00050D DD 7E 04         [19]  991 	ld	a, 4 (ix)
      000510 C6 FE            [ 7]  992 	add	a, #0xfe
      000512 DD 77 04         [19]  993 	ld	4 (ix), a
      000515 DD 7E 05         [19]  994 	ld	a, 5 (ix)
      000518 CE FF            [ 7]  995 	adc	a, #0xff
      00051A DD 77 05         [19]  996 	ld	5 (ix), a
      00051D DD 7E 06         [19]  997 	ld	a, 6 (ix)
      000520 CE FF            [ 7]  998 	adc	a, #0xff
      000522 DD 77 06         [19]  999 	ld	6 (ix), a
      000525 DD 7E 07         [19] 1000 	ld	a, 7 (ix)
      000528 CE FF            [ 7] 1001 	adc	a, #0xff
      00052A DD 77 07         [19] 1002 	ld	7 (ix), a
                                   1003 ;ff.c:1165: if (clst >= fs->n_fatent - 2) return 0;		/* Is it invalid cluster number? */
      00052D 4B               [ 4] 1004 	ld	c, e
      00052E 42               [ 4] 1005 	ld	b, d
      00052F 21 14 00         [10] 1006 	ld	hl, #20
      000532 09               [11] 1007 	add	hl, bc
      000533 4E               [ 7] 1008 	ld	c, (hl)
      000534 23               [ 6] 1009 	inc	hl
      000535 46               [ 7] 1010 	ld	b, (hl)
      000536 23               [ 6] 1011 	inc	hl
      000537 23               [ 6] 1012 	inc	hl
      000538 7E               [ 7] 1013 	ld	a, (hl)
      000539 2B               [ 6] 1014 	dec	hl
      00053A 6E               [ 7] 1015 	ld	l, (hl)
                                   1016 ;	spillPairReg hl
      00053B 67               [ 4] 1017 	ld	h, a
                                   1018 ;	spillPairReg hl
                                   1019 ;	spillPairReg hl
      00053C 79               [ 4] 1020 	ld	a, c
      00053D C6 FE            [ 7] 1021 	add	a, #0xfe
      00053F 4F               [ 4] 1022 	ld	c, a
      000540 78               [ 4] 1023 	ld	a, b
      000541 CE FF            [ 7] 1024 	adc	a, #0xff
      000543 47               [ 4] 1025 	ld	b, a
      000544 7D               [ 4] 1026 	ld	a, l
      000545 CE FF            [ 7] 1027 	adc	a, #0xff
      000547 6F               [ 4] 1028 	ld	l, a
                                   1029 ;	spillPairReg hl
                                   1030 ;	spillPairReg hl
      000548 7C               [ 4] 1031 	ld	a, h
      000549 CE FF            [ 7] 1032 	adc	a, #0xff
      00054B 67               [ 4] 1033 	ld	h, a
                                   1034 ;	spillPairReg hl
                                   1035 ;	spillPairReg hl
      00054C DD 7E 04         [19] 1036 	ld	a, 4 (ix)
      00054F 91               [ 4] 1037 	sub	a, c
      000550 DD 7E 05         [19] 1038 	ld	a, 5 (ix)
      000553 98               [ 4] 1039 	sbc	a, b
      000554 DD 7E 06         [19] 1040 	ld	a, 6 (ix)
      000557 9D               [ 4] 1041 	sbc	a, l
      000558 DD 7E 07         [19] 1042 	ld	a, 7 (ix)
      00055B 9C               [ 4] 1043 	sbc	a, h
      00055C 38 07            [12] 1044 	jr	C, 00102$
      00055E 11 00 00         [10] 1045 	ld	de, #0x0000
      000561 6B               [ 4] 1046 	ld	l, e
      000562 63               [ 4] 1047 	ld	h, e
      000563 18 44            [12] 1048 	jr	00103$
      000565                       1049 00102$:
                                   1050 ;ff.c:1166: return fs->database + (LBA_t)fs->csize * clst;	/* Start sector number of the cluster */
      000565 6B               [ 4] 1051 	ld	l, e
                                   1052 ;	spillPairReg hl
                                   1053 ;	spillPairReg hl
      000566 62               [ 4] 1054 	ld	h, d
                                   1055 ;	spillPairReg hl
                                   1056 ;	spillPairReg hl
      000567 EB               [ 4] 1057 	ex	de, hl
      000568 E5               [11] 1058 	push	hl
      000569 21 02 00         [10] 1059 	ld	hl, #2
      00056C 39               [11] 1060 	add	hl, sp
      00056D EB               [ 4] 1061 	ex	de, hl
      00056E 01 2C 00         [10] 1062 	ld	bc, #0x002c
      000571 09               [11] 1063 	add	hl, bc
      000572 01 04 00         [10] 1064 	ld	bc, #0x0004
      000575 ED B0            [21] 1065 	ldir
      000577 D1               [10] 1066 	pop	de
      000578 21 0A 00         [10] 1067 	ld	hl, #10
      00057B 19               [11] 1068 	add	hl, de
      00057C 5E               [ 7] 1069 	ld	e, (hl)
      00057D 23               [ 6] 1070 	inc	hl
      00057E 56               [ 7] 1071 	ld	d, (hl)
      00057F 21 00 00         [10] 1072 	ld	hl, #0x0000
      000582 DD 4E 06         [19] 1073 	ld	c, 6 (ix)
      000585 DD 46 07         [19] 1074 	ld	b, 7 (ix)
      000588 C5               [11] 1075 	push	bc
      000589 DD 4E 04         [19] 1076 	ld	c, 4 (ix)
      00058C DD 46 05         [19] 1077 	ld	b, 5 (ix)
      00058F C5               [11] 1078 	push	bc
      000590 CDr00r00         [17] 1079 	call	__mullong
      000593 F1               [10] 1080 	pop	af
      000594 F1               [10] 1081 	pop	af
      000595 DD 7E FC         [19] 1082 	ld	a, -4 (ix)
      000598 83               [ 4] 1083 	add	a, e
      000599 5F               [ 4] 1084 	ld	e, a
      00059A DD 7E FD         [19] 1085 	ld	a, -3 (ix)
      00059D 8A               [ 4] 1086 	adc	a, d
      00059E 57               [ 4] 1087 	ld	d, a
      00059F DD 7E FE         [19] 1088 	ld	a, -2 (ix)
      0005A2 8D               [ 4] 1089 	adc	a, l
      0005A3 6F               [ 4] 1090 	ld	l, a
                                   1091 ;	spillPairReg hl
                                   1092 ;	spillPairReg hl
      0005A4 DD 7E FF         [19] 1093 	ld	a, -1 (ix)
      0005A7 8C               [ 4] 1094 	adc	a, h
      0005A8 67               [ 4] 1095 	ld	h, a
                                   1096 ;	spillPairReg hl
                                   1097 ;	spillPairReg hl
      0005A9                       1098 00103$:
                                   1099 ;ff.c:1167: }
      0005A9 DD F9            [10] 1100 	ld	sp, ix
      0005AB DD E1            [14] 1101 	pop	ix
      0005AD C9               [10] 1102 	ret
                                   1103 ;ff.c:1176: static DWORD get_fat (		/* 0xFFFFFFFF:Disk error, 1:Internal error, 2..0x7FFFFFFF:Cluster status */
                                   1104 ;	---------------------------------
                                   1105 ; Function get_fat
                                   1106 ; ---------------------------------
      0005AE                       1107 _get_fat:
      0005AE DD E5            [15] 1108 	push	ix
      0005B0 DD 21 00 00      [14] 1109 	ld	ix,#0
      0005B4 DD 39            [15] 1110 	add	ix,sp
      0005B6 FD 21 F2 FF      [14] 1111 	ld	iy, #-14
      0005BA FD 39            [15] 1112 	add	iy, sp
      0005BC FD F9            [10] 1113 	ld	sp, iy
                                   1114 ;ff.c:1183: FATFS *fs = obj->fs;
      0005BE 7E               [ 7] 1115 	ld	a, (hl)
      0005BF DD 77 F2         [19] 1116 	ld	-14 (ix), a
      0005C2 23               [ 6] 1117 	inc	hl
      0005C3 7E               [ 7] 1118 	ld	a, (hl)
      0005C4 DD 77 F3         [19] 1119 	ld	-13 (ix), a
                                   1120 ;ff.c:1186: if (clst < 2 || clst >= fs->n_fatent) {	/* Check if in valid range */
      0005C7 DD 7E 04         [19] 1121 	ld	a, 4 (ix)
      0005CA D6 02            [ 7] 1122 	sub	a, #0x02
      0005CC DD 7E 05         [19] 1123 	ld	a, 5 (ix)
      0005CF DE 00            [ 7] 1124 	sbc	a, #0x00
      0005D1 DD 7E 06         [19] 1125 	ld	a, 6 (ix)
      0005D4 DE 00            [ 7] 1126 	sbc	a, #0x00
      0005D6 DD 7E 07         [19] 1127 	ld	a, 7 (ix)
      0005D9 DE 00            [ 7] 1128 	sbc	a, #0x00
      0005DB 38 1F            [12] 1129 	jr	C, 00114$
      0005DD C1               [10] 1130 	pop	bc
      0005DE C5               [11] 1131 	push	bc
      0005DF 21 14 00         [10] 1132 	ld	hl, #20
      0005E2 09               [11] 1133 	add	hl, bc
      0005E3 4E               [ 7] 1134 	ld	c, (hl)
      0005E4 23               [ 6] 1135 	inc	hl
      0005E5 46               [ 7] 1136 	ld	b, (hl)
      0005E6 23               [ 6] 1137 	inc	hl
      0005E7 5E               [ 7] 1138 	ld	e, (hl)
      0005E8 23               [ 6] 1139 	inc	hl
      0005E9 56               [ 7] 1140 	ld	d, (hl)
      0005EA DD 7E 04         [19] 1141 	ld	a, 4 (ix)
      0005ED 91               [ 4] 1142 	sub	a, c
      0005EE DD 7E 05         [19] 1143 	ld	a, 5 (ix)
      0005F1 98               [ 4] 1144 	sbc	a, b
      0005F2 DD 7E 06         [19] 1145 	ld	a, 6 (ix)
      0005F5 9B               [ 4] 1146 	sbc	a, e
      0005F6 DD 7E 07         [19] 1147 	ld	a, 7 (ix)
      0005F9 9A               [ 4] 1148 	sbc	a, d
      0005FA 38 11            [12] 1149 	jr	C, 00115$
      0005FC                       1150 00114$:
                                   1151 ;ff.c:1187: val = 1;	/* Internal error */
      0005FC DD 36 F4 01      [19] 1152 	ld	-12 (ix), #0x01
      000600 AF               [ 4] 1153 	xor	a, a
      000601 DD 77 F5         [19] 1154 	ld	-11 (ix), a
      000604 DD 77 F6         [19] 1155 	ld	-10 (ix), a
      000607 DD 77 F7         [19] 1156 	ld	-9 (ix), a
      00060A C3r6Cr08         [10] 1157 	jp	00116$
      00060D                       1158 00115$:
                                   1159 ;ff.c:1190: val = 0xFFFFFFFF;	/* Default value falls on disk error */
      00060D DD 36 F4 FF      [19] 1160 	ld	-12 (ix), #0xff
      000611 DD 36 F5 FF      [19] 1161 	ld	-11 (ix), #0xff
      000615 DD 36 F6 FF      [19] 1162 	ld	-10 (ix), #0xff
      000619 DD 36 F7 FF      [19] 1163 	ld	-9 (ix), #0xff
                                   1164 ;ff.c:1192: switch (fs->fs_type) {
      00061D E1               [10] 1165 	pop	hl
      00061E E5               [11] 1166 	push	hl
      00061F 4E               [ 7] 1167 	ld	c, (hl)
                                   1168 ;ff.c:1195: if (move_window(fs, fs->fatbase + (bc / SS(fs))) != FR_OK) break;
      000620 DD 7E F2         [19] 1169 	ld	a, -14 (ix)
      000623 C6 24            [ 7] 1170 	add	a, #0x24
      000625 DD 77 FE         [19] 1171 	ld	-2 (ix), a
      000628 DD 7E F3         [19] 1172 	ld	a, -13 (ix)
      00062B CE 00            [ 7] 1173 	adc	a, #0x00
      00062D DD 77 FF         [19] 1174 	ld	-1 (ix), a
                                   1175 ;ff.c:1196: wc = fs->win[bc++ % SS(fs)];		/* Get 1st byte of the entry */
      000630 DD 7E F2         [19] 1176 	ld	a, -14 (ix)
      000633 C6 30            [ 7] 1177 	add	a, #0x30
      000635 DD 77 F8         [19] 1178 	ld	-8 (ix), a
      000638 DD 7E F3         [19] 1179 	ld	a, -13 (ix)
      00063B CE 00            [ 7] 1180 	adc	a, #0x00
      00063D DD 77 F9         [19] 1181 	ld	-7 (ix), a
                                   1182 ;ff.c:1192: switch (fs->fs_type) {
      000640 79               [ 4] 1183 	ld	a, c
      000641 3D               [ 4] 1184 	dec	a
      000642 28 0E            [12] 1185 	jr	Z, 00101$
      000644 79               [ 4] 1186 	ld	a,c
      000645 FE 02            [ 7] 1187 	cp	a,#0x02
      000647 CAr7Dr07         [10] 1188 	jp	Z,00106$
      00064A D6 03            [ 7] 1189 	sub	a, #0x03
      00064C CArE1r07         [10] 1190 	jp	Z,00109$
      00064F C3r5Er08         [10] 1191 	jp	00112$
                                   1192 ;ff.c:1193: case FS_FAT12 :
      000652                       1193 00101$:
                                   1194 ;ff.c:1194: bc = (UINT)clst; bc += bc / 2;
      000652 DD 4E 04         [19] 1195 	ld	c, 4 (ix)
      000655 DD 46 05         [19] 1196 	ld	b, 5 (ix)
      000658 69               [ 4] 1197 	ld	l, c
      000659 60               [ 4] 1198 	ld	h, b
      00065A CB 3C            [ 8] 1199 	srl	h
      00065C CB 1D            [ 8] 1200 	rr	l
      00065E 09               [11] 1201 	add	hl, bc
                                   1202 ;ff.c:1195: if (move_window(fs, fs->fatbase + (bc / SS(fs))) != FR_OK) break;
      00065F E5               [11] 1203 	push	hl
      000660 DD 5E FE         [19] 1204 	ld	e, -2 (ix)
      000663 DD 56 FF         [19] 1205 	ld	d, -1 (ix)
      000666 21 0A 00         [10] 1206 	ld	hl, #10
      000669 39               [11] 1207 	add	hl, sp
      00066A EB               [ 4] 1208 	ex	de, hl
      00066B 01 04 00         [10] 1209 	ld	bc, #0x0004
      00066E ED B0            [21] 1210 	ldir
      000670 D1               [10] 1211 	pop	de
      000671 7A               [ 4] 1212 	ld	a, d
      000672 CB 3F            [ 8] 1213 	srl	a
      000674 4F               [ 4] 1214 	ld	c, a
      000675 06 00            [ 7] 1215 	ld	b, #0x00
      000677 21 00 00         [10] 1216 	ld	hl, #0x0000
      00067A 79               [ 4] 1217 	ld	a, c
      00067B DD 86 FA         [19] 1218 	add	a, -6 (ix)
      00067E 4F               [ 4] 1219 	ld	c, a
      00067F 78               [ 4] 1220 	ld	a, b
      000680 DD 8E FB         [19] 1221 	adc	a, -5 (ix)
      000683 47               [ 4] 1222 	ld	b, a
      000684 7D               [ 4] 1223 	ld	a, l
      000685 DD 8E FC         [19] 1224 	adc	a, -4 (ix)
      000688 6F               [ 4] 1225 	ld	l, a
                                   1226 ;	spillPairReg hl
                                   1227 ;	spillPairReg hl
      000689 7C               [ 4] 1228 	ld	a, h
      00068A DD 8E FD         [19] 1229 	adc	a, -3 (ix)
      00068D D5               [11] 1230 	push	de
      00068E 67               [ 4] 1231 	ld	h, a
                                   1232 ;	spillPairReg hl
                                   1233 ;	spillPairReg hl
      00068F E5               [11] 1234 	push	hl
      000690 C5               [11] 1235 	push	bc
      000691 DD 6E F2         [19] 1236 	ld	l, -14 (ix)
                                   1237 ;	spillPairReg hl
                                   1238 ;	spillPairReg hl
      000694 DD 66 F3         [19] 1239 	ld	h, -13 (ix)
                                   1240 ;	spillPairReg hl
                                   1241 ;	spillPairReg hl
      000697 CDrDFr02         [17] 1242 	call	_move_window
      00069A D1               [10] 1243 	pop	de
      00069B B7               [ 4] 1244 	or	a, a
      00069C C2r6Cr08         [10] 1245 	jp	NZ, 00116$
                                   1246 ;ff.c:1196: wc = fs->win[bc++ % SS(fs)];		/* Get 1st byte of the entry */
      00069F 4B               [ 4] 1247 	ld	c, e
      0006A0 7A               [ 4] 1248 	ld	a, d
      0006A1 13               [ 6] 1249 	inc	de
      0006A2 E6 01            [ 7] 1250 	and	a, #0x01
      0006A4 47               [ 4] 1251 	ld	b, a
      0006A5 DD 6E F8         [19] 1252 	ld	l, -8 (ix)
      0006A8 DD 66 F9         [19] 1253 	ld	h, -7 (ix)
      0006AB 09               [11] 1254 	add	hl, bc
      0006AC 7E               [ 7] 1255 	ld	a, (hl)
      0006AD DD 77 FA         [19] 1256 	ld	-6 (ix), a
      0006B0 DD 36 FB 00      [19] 1257 	ld	-5 (ix), #0x00
                                   1258 ;ff.c:1197: if (move_window(fs, fs->fatbase + (bc / SS(fs))) != FR_OK) break;
      0006B4 D5               [11] 1259 	push	de
      0006B5 DD 5E FE         [19] 1260 	ld	e, -2 (ix)
      0006B8 DD 56 FF         [19] 1261 	ld	d, -1 (ix)
      0006BB 21 0C 00         [10] 1262 	ld	hl, #12
      0006BE 39               [11] 1263 	add	hl, sp
      0006BF EB               [ 4] 1264 	ex	de, hl
      0006C0 01 04 00         [10] 1265 	ld	bc, #0x0004
      0006C3 ED B0            [21] 1266 	ldir
      0006C5 D1               [10] 1267 	pop	de
      0006C6 7A               [ 4] 1268 	ld	a, d
      0006C7 CB 3F            [ 8] 1269 	srl	a
      0006C9 4F               [ 4] 1270 	ld	c, a
      0006CA 06 00            [ 7] 1271 	ld	b, #0x00
      0006CC 21 00 00         [10] 1272 	ld	hl, #0x0000
      0006CF 79               [ 4] 1273 	ld	a, c
      0006D0 DD 86 FC         [19] 1274 	add	a, -4 (ix)
      0006D3 4F               [ 4] 1275 	ld	c, a
      0006D4 78               [ 4] 1276 	ld	a, b
      0006D5 DD 8E FD         [19] 1277 	adc	a, -3 (ix)
      0006D8 47               [ 4] 1278 	ld	b, a
      0006D9 7D               [ 4] 1279 	ld	a, l
      0006DA DD 8E FE         [19] 1280 	adc	a, -2 (ix)
      0006DD 6F               [ 4] 1281 	ld	l, a
                                   1282 ;	spillPairReg hl
                                   1283 ;	spillPairReg hl
      0006DE 7C               [ 4] 1284 	ld	a, h
      0006DF DD 8E FF         [19] 1285 	adc	a, -1 (ix)
      0006E2 D5               [11] 1286 	push	de
      0006E3 67               [ 4] 1287 	ld	h, a
                                   1288 ;	spillPairReg hl
                                   1289 ;	spillPairReg hl
      0006E4 E5               [11] 1290 	push	hl
      0006E5 C5               [11] 1291 	push	bc
      0006E6 DD 6E F2         [19] 1292 	ld	l, -14 (ix)
                                   1293 ;	spillPairReg hl
                                   1294 ;	spillPairReg hl
      0006E9 DD 66 F3         [19] 1295 	ld	h, -13 (ix)
                                   1296 ;	spillPairReg hl
                                   1297 ;	spillPairReg hl
      0006EC CDrDFr02         [17] 1298 	call	_move_window
      0006EF D1               [10] 1299 	pop	de
      0006F0 B7               [ 4] 1300 	or	a, a
      0006F1 C2r6Cr08         [10] 1301 	jp	NZ, 00116$
                                   1302 ;ff.c:1198: wc |= fs->win[bc % SS(fs)] << 8;	/* Merge 2nd byte of the entry */
      0006F4 7A               [ 4] 1303 	ld	a, d
      0006F5 E6 01            [ 7] 1304 	and	a, #0x01
      0006F7 57               [ 4] 1305 	ld	d, a
      0006F8 DD 6E F8         [19] 1306 	ld	l, -8 (ix)
      0006FB DD 66 F9         [19] 1307 	ld	h, -7 (ix)
      0006FE 19               [11] 1308 	add	hl, de
      0006FF 4E               [ 7] 1309 	ld	c, (hl)
      000700 DD 71 FD         [19] 1310 	ld	-3 (ix), c
      000703 DD 36 FC 00      [19] 1311 	ld	-4 (ix), #0x00
      000707 DD 7E FA         [19] 1312 	ld	a, -6 (ix)
      00070A DD B6 FC         [19] 1313 	or	a, -4 (ix)
      00070D DD 77 FE         [19] 1314 	ld	-2 (ix), a
      000710 DD 7E FB         [19] 1315 	ld	a, -5 (ix)
      000713 DD B6 FD         [19] 1316 	or	a, -3 (ix)
      000716 DD 77 FF         [19] 1317 	ld	-1 (ix), a
      000719 DD 7E FE         [19] 1318 	ld	a, -2 (ix)
      00071C DD 77 FC         [19] 1319 	ld	-4 (ix), a
      00071F DD 7E FF         [19] 1320 	ld	a, -1 (ix)
      000722 DD 77 FD         [19] 1321 	ld	-3 (ix), a
                                   1322 ;ff.c:1199: val = (clst & 1) ? (wc >> 4) : (wc & 0xFFF);	/* Adjust bit position */
      000725 DD CB 04 46      [20] 1323 	bit	0, 4 (ix)
      000729 28 2E            [12] 1324 	jr	Z, 00120$
      00072B DD 7E FC         [19] 1325 	ld	a, -4 (ix)
      00072E DD 77 FE         [19] 1326 	ld	-2 (ix), a
      000731 DD 7E FD         [19] 1327 	ld	a, -3 (ix)
      000734 DD 77 FF         [19] 1328 	ld	-1 (ix), a
      000737 DD CB FF 3E      [23] 1329 	srl	-1 (ix)
      00073B DD CB FE 1E      [23] 1330 	rr	-2 (ix)
      00073F DD CB FF 3E      [23] 1331 	srl	-1 (ix)
      000743 DD CB FE 1E      [23] 1332 	rr	-2 (ix)
      000747 DD CB FF 3E      [23] 1333 	srl	-1 (ix)
      00074B DD CB FE 1E      [23] 1334 	rr	-2 (ix)
      00074F DD CB FF 3E      [23] 1335 	srl	-1 (ix)
      000753 DD CB FE 1E      [23] 1336 	rr	-2 (ix)
      000757 18 0E            [12] 1337 	jr	00121$
      000759                       1338 00120$:
      000759 DD 7E FC         [19] 1339 	ld	a, -4 (ix)
      00075C DD 77 FE         [19] 1340 	ld	-2 (ix), a
      00075F DD 7E FD         [19] 1341 	ld	a, -3 (ix)
      000762 E6 0F            [ 7] 1342 	and	a, #0x0f
      000764 DD 77 FF         [19] 1343 	ld	-1 (ix), a
      000767                       1344 00121$:
      000767 DD 7E FE         [19] 1345 	ld	a, -2 (ix)
      00076A DD 77 F4         [19] 1346 	ld	-12 (ix), a
      00076D DD 7E FF         [19] 1347 	ld	a, -1 (ix)
      000770 DD 77 F5         [19] 1348 	ld	-11 (ix), a
      000773 AF               [ 4] 1349 	xor	a, a
      000774 DD 77 F6         [19] 1350 	ld	-10 (ix), a
      000777 DD 77 F7         [19] 1351 	ld	-9 (ix), a
                                   1352 ;ff.c:1200: break;
      00077A C3r6Cr08         [10] 1353 	jp	00116$
                                   1354 ;ff.c:1202: case FS_FAT16 :
      00077D                       1355 00106$:
                                   1356 ;ff.c:1203: if (move_window(fs, fs->fatbase + (clst / (SS(fs) / 2))) != FR_OK) break;
      00077D DD 5E FE         [19] 1357 	ld	e, -2 (ix)
      000780 DD 56 FF         [19] 1358 	ld	d, -1 (ix)
      000783 21 0A 00         [10] 1359 	ld	hl, #10
      000786 39               [11] 1360 	add	hl, sp
      000787 EB               [ 4] 1361 	ex	de, hl
      000788 01 04 00         [10] 1362 	ld	bc, #0x0004
      00078B ED B0            [21] 1363 	ldir
      00078D DD 4E 05         [19] 1364 	ld	c, 5 (ix)
      000790 DD 46 06         [19] 1365 	ld	b, 6 (ix)
      000793 DD 5E 07         [19] 1366 	ld	e, 7 (ix)
      000796 16 00            [ 7] 1367 	ld	d, #0x00
      000798 DD 7E FC         [19] 1368 	ld	a, -4 (ix)
      00079B 81               [ 4] 1369 	add	a, c
      00079C 4F               [ 4] 1370 	ld	c, a
      00079D DD 7E FD         [19] 1371 	ld	a, -3 (ix)
      0007A0 88               [ 4] 1372 	adc	a, b
      0007A1 47               [ 4] 1373 	ld	b, a
      0007A2 DD 7E FE         [19] 1374 	ld	a, -2 (ix)
      0007A5 8B               [ 4] 1375 	adc	a, e
      0007A6 5F               [ 4] 1376 	ld	e, a
      0007A7 DD 7E FF         [19] 1377 	ld	a, -1 (ix)
      0007AA 8A               [ 4] 1378 	adc	a, d
      0007AB 57               [ 4] 1379 	ld	d, a
      0007AC D5               [11] 1380 	push	de
      0007AD C5               [11] 1381 	push	bc
      0007AE DD 6E F2         [19] 1382 	ld	l, -14 (ix)
                                   1383 ;	spillPairReg hl
                                   1384 ;	spillPairReg hl
      0007B1 DD 66 F3         [19] 1385 	ld	h, -13 (ix)
                                   1386 ;	spillPairReg hl
                                   1387 ;	spillPairReg hl
      0007B4 CDrDFr02         [17] 1388 	call	_move_window
      0007B7 B7               [ 4] 1389 	or	a, a
      0007B8 C2r6Cr08         [10] 1390 	jp	NZ, 00116$
                                   1391 ;ff.c:1204: val = ld_16(fs->win + clst * 2 % SS(fs));		/* Simple WORD array */
      0007BB DD 4E 04         [19] 1392 	ld	c, 4 (ix)
      0007BE DD 7E 05         [19] 1393 	ld	a, 5 (ix)
                                   1394 ;	spillPairReg hl
                                   1395 ;	spillPairReg hl
                                   1396 ;	spillPairReg hl
                                   1397 ;	spillPairReg hl
      0007C1 CB 21            [ 8] 1398 	sla	c
      0007C3 8F               [ 4] 1399 	adc	a, a
      0007C4 E6 01            [ 7] 1400 	and	a, #0x01
      0007C6 47               [ 4] 1401 	ld	b, a
      0007C7 DD 6E F8         [19] 1402 	ld	l, -8 (ix)
      0007CA DD 66 F9         [19] 1403 	ld	h, -7 (ix)
      0007CD 09               [11] 1404 	add	hl, bc
      0007CE CDr00r00         [17] 1405 	call	_ld_16
      0007D1 DD 73 F4         [19] 1406 	ld	-12 (ix), e
      0007D4 DD 72 F5         [19] 1407 	ld	-11 (ix), d
      0007D7 AF               [ 4] 1408 	xor	a, a
      0007D8 DD 77 F6         [19] 1409 	ld	-10 (ix), a
      0007DB DD 77 F7         [19] 1410 	ld	-9 (ix), a
                                   1411 ;ff.c:1205: break;
      0007DE C3r6Cr08         [10] 1412 	jp	00116$
                                   1413 ;ff.c:1207: case FS_FAT32 :
      0007E1                       1414 00109$:
                                   1415 ;ff.c:1208: if (move_window(fs, fs->fatbase + (clst / (SS(fs) / 4))) != FR_OK) break;
      0007E1 DD 5E FE         [19] 1416 	ld	e, -2 (ix)
      0007E4 DD 56 FF         [19] 1417 	ld	d, -1 (ix)
      0007E7 21 0A 00         [10] 1418 	ld	hl, #10
      0007EA 39               [11] 1419 	add	hl, sp
      0007EB EB               [ 4] 1420 	ex	de, hl
      0007EC 01 04 00         [10] 1421 	ld	bc, #0x0004
      0007EF ED B0            [21] 1422 	ldir
      0007F1 DD 5E 04         [19] 1423 	ld	e, 4 (ix)
      0007F4 DD 56 05         [19] 1424 	ld	d, 5 (ix)
      0007F7 DD 6E 06         [19] 1425 	ld	l, 6 (ix)
                                   1426 ;	spillPairReg hl
                                   1427 ;	spillPairReg hl
      0007FA DD 66 07         [19] 1428 	ld	h, 7 (ix)
                                   1429 ;	spillPairReg hl
                                   1430 ;	spillPairReg hl
      0007FD 06 07            [ 7] 1431 	ld	b, #0x07
      0007FF                       1432 00175$:
      0007FF CB 3C            [ 8] 1433 	srl	h
      000801 CB 1D            [ 8] 1434 	rr	l
      000803 CB 1A            [ 8] 1435 	rr	d
      000805 CB 1B            [ 8] 1436 	rr	e
      000807 10 F6            [13] 1437 	djnz	00175$
      000809 DD 7E FC         [19] 1438 	ld	a, -4 (ix)
      00080C 83               [ 4] 1439 	add	a, e
      00080D 4F               [ 4] 1440 	ld	c, a
      00080E DD 7E FD         [19] 1441 	ld	a, -3 (ix)
      000811 8A               [ 4] 1442 	adc	a, d
      000812 47               [ 4] 1443 	ld	b, a
      000813 DD 7E FE         [19] 1444 	ld	a, -2 (ix)
      000816 8D               [ 4] 1445 	adc	a, l
      000817 5F               [ 4] 1446 	ld	e, a
      000818 DD 7E FF         [19] 1447 	ld	a, -1 (ix)
      00081B 8C               [ 4] 1448 	adc	a, h
      00081C 57               [ 4] 1449 	ld	d, a
      00081D D5               [11] 1450 	push	de
      00081E C5               [11] 1451 	push	bc
      00081F DD 6E F2         [19] 1452 	ld	l, -14 (ix)
                                   1453 ;	spillPairReg hl
                                   1454 ;	spillPairReg hl
      000822 DD 66 F3         [19] 1455 	ld	h, -13 (ix)
                                   1456 ;	spillPairReg hl
                                   1457 ;	spillPairReg hl
      000825 CDrDFr02         [17] 1458 	call	_move_window
      000828 B7               [ 4] 1459 	or	a, a
      000829 20 41            [12] 1460 	jr	NZ, 00116$
                                   1461 ;ff.c:1209: val = ld_32(fs->win + clst * 4 % SS(fs)) & 0x0FFFFFFF;	/* Simple DWORD array but mask out upper 4 bits */
      00082B DD 4E 04         [19] 1462 	ld	c, 4 (ix)
      00082E DD 7E 05         [19] 1463 	ld	a, 5 (ix)
      000831 DD 6E 06         [19] 1464 	ld	l, 6 (ix)
                                   1465 ;	spillPairReg hl
                                   1466 ;	spillPairReg hl
      000834 DD 66 07         [19] 1467 	ld	h, 7 (ix)
                                   1468 ;	spillPairReg hl
                                   1469 ;	spillPairReg hl
      000837 06 02            [ 7] 1470 	ld	b, #0x02
      000839                       1471 00177$:
      000839 CB 21            [ 8] 1472 	sla	c
      00083B 8F               [ 4] 1473 	adc	a, a
      00083C ED 6A            [15] 1474 	adc	hl, hl
      00083E 10 F9            [13] 1475 	djnz	00177$
      000840 E6 01            [ 7] 1476 	and	a, #0x01
      000842 47               [ 4] 1477 	ld	b, a
      000843 DD 6E F8         [19] 1478 	ld	l, -8 (ix)
      000846 DD 66 F9         [19] 1479 	ld	h, -7 (ix)
      000849 09               [11] 1480 	add	hl, bc
      00084A CDr1Dr00         [17] 1481 	call	_ld_32
      00084D DD 73 F4         [19] 1482 	ld	-12 (ix), e
      000850 DD 72 F5         [19] 1483 	ld	-11 (ix), d
      000853 DD 75 F6         [19] 1484 	ld	-10 (ix), l
      000856 7C               [ 4] 1485 	ld	a, h
      000857 E6 0F            [ 7] 1486 	and	a, #0x0f
      000859 DD 77 F7         [19] 1487 	ld	-9 (ix), a
                                   1488 ;ff.c:1210: break;
      00085C 18 0E            [12] 1489 	jr	00116$
                                   1490 ;ff.c:1238: default:
      00085E                       1491 00112$:
                                   1492 ;ff.c:1239: val = 1;	/* Internal error */
      00085E DD 36 F4 01      [19] 1493 	ld	-12 (ix), #0x01
      000862 AF               [ 4] 1494 	xor	a, a
      000863 DD 77 F5         [19] 1495 	ld	-11 (ix), a
      000866 DD 77 F6         [19] 1496 	ld	-10 (ix), a
      000869 DD 77 F7         [19] 1497 	ld	-9 (ix), a
                                   1498 ;ff.c:1240: }
      00086C                       1499 00116$:
                                   1500 ;ff.c:1243: return val;
      00086C E1               [10] 1501 	pop	hl
      00086D D1               [10] 1502 	pop	de
      00086E D5               [11] 1503 	push	de
      00086F E5               [11] 1504 	push	hl
      000870 DD 6E F6         [19] 1505 	ld	l, -10 (ix)
                                   1506 ;	spillPairReg hl
                                   1507 ;	spillPairReg hl
      000873 DD 66 F7         [19] 1508 	ld	h, -9 (ix)
                                   1509 ;	spillPairReg hl
                                   1510 ;	spillPairReg hl
                                   1511 ;ff.c:1244: }
      000876 DD F9            [10] 1512 	ld	sp, ix
      000878 DD E1            [14] 1513 	pop	ix
      00087A C9               [10] 1514 	ret
                                   1515 ;ff.c:1254: static FRESULT put_fat (	/* FR_OK(0):succeeded, !=0:error */
                                   1516 ;	---------------------------------
                                   1517 ; Function put_fat
                                   1518 ; ---------------------------------
      00087B                       1519 _put_fat:
      00087B DD E5            [15] 1520 	push	ix
      00087D DD 21 00 00      [14] 1521 	ld	ix,#0
      000881 DD 39            [15] 1522 	add	ix,sp
      000883 FD 21 F0 FF      [14] 1523 	ld	iy, #-16
      000887 FD 39            [15] 1524 	add	iy, sp
      000889 FD F9            [10] 1525 	ld	sp, iy
      00088B DD 75 FE         [19] 1526 	ld	-2 (ix), l
      00088E DD 74 FF         [19] 1527 	ld	-1 (ix), h
                                   1528 ;ff.c:1262: FRESULT res = FR_INT_ERR;
      000891 DD 36 F9 02      [19] 1529 	ld	-7 (ix), #0x02
                                   1530 ;ff.c:1265: if (clst >= 2 && clst < fs->n_fatent) {	/* Check if in valid range */
      000895 DD 7E 04         [19] 1531 	ld	a, 4 (ix)
      000898 D6 02            [ 7] 1532 	sub	a, #0x02
      00089A DD 7E 05         [19] 1533 	ld	a, 5 (ix)
      00089D DE 00            [ 7] 1534 	sbc	a, #0x00
      00089F DD 7E 06         [19] 1535 	ld	a, 6 (ix)
      0008A2 DE 00            [ 7] 1536 	sbc	a, #0x00
      0008A4 DD 7E 07         [19] 1537 	ld	a, 7 (ix)
      0008A7 DE 00            [ 7] 1538 	sbc	a, #0x00
      0008A9 DArD6r0B         [10] 1539 	jp	C, 00117$
      0008AC DD 4E FE         [19] 1540 	ld	c, -2 (ix)
      0008AF DD 46 FF         [19] 1541 	ld	b, -1 (ix)
      0008B2 21 14 00         [10] 1542 	ld	hl, #20
      0008B5 09               [11] 1543 	add	hl, bc
      0008B6 4E               [ 7] 1544 	ld	c, (hl)
      0008B7 23               [ 6] 1545 	inc	hl
      0008B8 46               [ 7] 1546 	ld	b, (hl)
      0008B9 23               [ 6] 1547 	inc	hl
      0008BA 5E               [ 7] 1548 	ld	e, (hl)
      0008BB 23               [ 6] 1549 	inc	hl
      0008BC 56               [ 7] 1550 	ld	d, (hl)
      0008BD DD 7E 04         [19] 1551 	ld	a, 4 (ix)
      0008C0 91               [ 4] 1552 	sub	a, c
      0008C1 DD 7E 05         [19] 1553 	ld	a, 5 (ix)
      0008C4 98               [ 4] 1554 	sbc	a, b
      0008C5 DD 7E 06         [19] 1555 	ld	a, 6 (ix)
      0008C8 9B               [ 4] 1556 	sbc	a, e
      0008C9 DD 7E 07         [19] 1557 	ld	a, 7 (ix)
      0008CC 9A               [ 4] 1558 	sbc	a, d
      0008CD D2rD6r0B         [10] 1559 	jp	NC, 00117$
                                   1560 ;ff.c:1266: switch (fs->fs_type) {
      0008D0 DD 6E FE         [19] 1561 	ld	l, -2 (ix)
      0008D3 DD 66 FF         [19] 1562 	ld	h, -1 (ix)
      0008D6 5E               [ 7] 1563 	ld	e, (hl)
                                   1564 ;ff.c:1269: res = move_window(fs, fs->fatbase + (bc / SS(fs)));
      0008D7 DD 7E FE         [19] 1565 	ld	a, -2 (ix)
      0008DA C6 24            [ 7] 1566 	add	a, #0x24
      0008DC DD 77 F0         [19] 1567 	ld	-16 (ix), a
      0008DF DD 7E FF         [19] 1568 	ld	a, -1 (ix)
      0008E2 CE 00            [ 7] 1569 	adc	a, #0x00
      0008E4 DD 77 F1         [19] 1570 	ld	-15 (ix), a
                                   1571 ;ff.c:1271: p = fs->win + bc++ % SS(fs);
      0008E7 DD 7E FE         [19] 1572 	ld	a, -2 (ix)
      0008EA C6 30            [ 7] 1573 	add	a, #0x30
      0008EC DD 77 F2         [19] 1574 	ld	-14 (ix), a
      0008EF DD 7E FF         [19] 1575 	ld	a, -1 (ix)
      0008F2 CE 00            [ 7] 1576 	adc	a, #0x00
      0008F4 DD 77 F3         [19] 1577 	ld	-13 (ix), a
                                   1578 ;ff.c:1273: fs->wflag = 1;
      0008F7 DD 7E FE         [19] 1579 	ld	a, -2 (ix)
      0008FA C6 04            [ 7] 1580 	add	a, #0x04
      0008FC 4F               [ 4] 1581 	ld	c, a
      0008FD DD 7E FF         [19] 1582 	ld	a, -1 (ix)
      000900 CE 00            [ 7] 1583 	adc	a, #0x00
      000902 47               [ 4] 1584 	ld	b, a
                                   1585 ;ff.c:1266: switch (fs->fs_type) {
      000903 7B               [ 4] 1586 	ld	a, e
      000904 3D               [ 4] 1587 	dec	a
      000905 28 0E            [12] 1588 	jr	Z, 00101$
      000907 7B               [ 4] 1589 	ld	a,e
      000908 FE 02            [ 7] 1590 	cp	a,#0x02
      00090A CAr83r0A         [10] 1591 	jp	Z,00106$
      00090D D6 03            [ 7] 1592 	sub	a, #0x03
      00090F CArF8r0A         [10] 1593 	jp	Z,00109$
      000912 C3rD6r0B         [10] 1594 	jp	00117$
                                   1595 ;ff.c:1267: case FS_FAT12:
      000915                       1596 00101$:
                                   1597 ;ff.c:1268: bc = (UINT)clst; bc += bc / 2;	/* bc: byte offset of the entry */
      000915 DD 5E 04         [19] 1598 	ld	e, 4 (ix)
      000918 DD 56 05         [19] 1599 	ld	d, 5 (ix)
      00091B 6B               [ 4] 1600 	ld	l, e
      00091C 62               [ 4] 1601 	ld	h, d
      00091D CB 3C            [ 8] 1602 	srl	h
      00091F CB 1D            [ 8] 1603 	rr	l
      000921 19               [11] 1604 	add	hl, de
      000922 DD 75 FC         [19] 1605 	ld	-4 (ix), l
      000925 DD 74 FD         [19] 1606 	ld	-3 (ix), h
                                   1607 ;ff.c:1269: res = move_window(fs, fs->fatbase + (bc / SS(fs)));
      000928 69               [ 4] 1608 	ld	l, c
      000929 60               [ 4] 1609 	ld	h, b
      00092A D1               [10] 1610 	pop	de
      00092B D5               [11] 1611 	push	de
      00092C E5               [11] 1612 	push	hl
      00092D 21 0A 00         [10] 1613 	ld	hl, #10
      000930 39               [11] 1614 	add	hl, sp
      000931 EB               [ 4] 1615 	ex	de, hl
      000932 01 04 00         [10] 1616 	ld	bc, #0x0004
      000935 ED B0            [21] 1617 	ldir
      000937 C1               [10] 1618 	pop	bc
      000938 DD 7E FD         [19] 1619 	ld	a, -3 (ix)
      00093B CB 3F            [ 8] 1620 	srl	a
      00093D 5F               [ 4] 1621 	ld	e, a
      00093E 16 00            [ 7] 1622 	ld	d, #0x00
      000940 21 00 00         [10] 1623 	ld	hl, #0x0000
      000943 7B               [ 4] 1624 	ld	a, e
      000944 DD 86 F8         [19] 1625 	add	a, -8 (ix)
      000947 5F               [ 4] 1626 	ld	e, a
      000948 7A               [ 4] 1627 	ld	a, d
      000949 DD 8E F9         [19] 1628 	adc	a, -7 (ix)
      00094C 57               [ 4] 1629 	ld	d, a
      00094D 7D               [ 4] 1630 	ld	a, l
      00094E DD 8E FA         [19] 1631 	adc	a, -6 (ix)
      000951 6F               [ 4] 1632 	ld	l, a
                                   1633 ;	spillPairReg hl
                                   1634 ;	spillPairReg hl
      000952 7C               [ 4] 1635 	ld	a, h
      000953 DD 8E FB         [19] 1636 	adc	a, -5 (ix)
      000956 C5               [11] 1637 	push	bc
      000957 67               [ 4] 1638 	ld	h, a
                                   1639 ;	spillPairReg hl
                                   1640 ;	spillPairReg hl
      000958 E5               [11] 1641 	push	hl
      000959 D5               [11] 1642 	push	de
      00095A DD 6E FE         [19] 1643 	ld	l, -2 (ix)
                                   1644 ;	spillPairReg hl
                                   1645 ;	spillPairReg hl
      00095D DD 66 FF         [19] 1646 	ld	h, -1 (ix)
                                   1647 ;	spillPairReg hl
                                   1648 ;	spillPairReg hl
      000960 CDrDFr02         [17] 1649 	call	_move_window
      000963 C1               [10] 1650 	pop	bc
                                   1651 ;ff.c:1270: if (res != FR_OK) break;
      000964 DD 77 F9         [19] 1652 	ld	-7 (ix), a
      000967 B7               [ 4] 1653 	or	a, a
      000968 C2rD6r0B         [10] 1654 	jp	NZ, 00117$
                                   1655 ;ff.c:1271: p = fs->win + bc++ % SS(fs);
      00096B DD 5E FC         [19] 1656 	ld	e, -4 (ix)
      00096E DD 56 FD         [19] 1657 	ld	d, -3 (ix)
      000971 DD 7E FC         [19] 1658 	ld	a, -4 (ix)
      000974 C6 01            [ 7] 1659 	add	a, #0x01
      000976 DD 77 F4         [19] 1660 	ld	-12 (ix), a
      000979 DD 7E FD         [19] 1661 	ld	a, -3 (ix)
      00097C CE 00            [ 7] 1662 	adc	a, #0x00
      00097E DD 77 F5         [19] 1663 	ld	-11 (ix), a
      000981 7A               [ 4] 1664 	ld	a, d
      000982 E6 01            [ 7] 1665 	and	a, #0x01
      000984 57               [ 4] 1666 	ld	d, a
      000985 DD 7E F2         [19] 1667 	ld	a, -14 (ix)
      000988 83               [ 4] 1668 	add	a, e
      000989 DD 77 F6         [19] 1669 	ld	-10 (ix), a
      00098C DD 7E F3         [19] 1670 	ld	a, -13 (ix)
      00098F 8A               [ 4] 1671 	adc	a, d
      000990 DD 77 F7         [19] 1672 	ld	-9 (ix), a
                                   1673 ;ff.c:1272: *p = (clst & 1) ? ((*p & 0x0F) | ((BYTE)val << 4)) : (BYTE)val;	/* Update 1st byte */
      000993 DD 7E F6         [19] 1674 	ld	a, -10 (ix)
      000996 DD 77 F8         [19] 1675 	ld	-8 (ix), a
      000999 DD 7E F7         [19] 1676 	ld	a, -9 (ix)
      00099C DD 77 F9         [19] 1677 	ld	-7 (ix), a
      00099F DD 7E 04         [19] 1678 	ld	a, 4 (ix)
      0009A2 E6 01            [ 7] 1679 	and	a, #0x01
      0009A4 DD 77 FA         [19] 1680 	ld	-6 (ix), a
      0009A7 AF               [ 4] 1681 	xor	a, a
      0009A8 DD 77 FB         [19] 1682 	ld	-5 (ix), a
      0009AB DD 77 FC         [19] 1683 	ld	-4 (ix), a
      0009AE DD 77 FD         [19] 1684 	ld	-3 (ix), a
      0009B1 DD 5E 08         [19] 1685 	ld	e, 8 (ix)
      0009B4 DD 7E FD         [19] 1686 	ld	a, -3 (ix)
      0009B7 DD B6 FC         [19] 1687 	or	a, -4 (ix)
      0009BA DD B6 FB         [19] 1688 	or	a, -5 (ix)
      0009BD DD B6 FA         [19] 1689 	or	a, -6 (ix)
      0009C0 28 14            [12] 1690 	jr	Z, 00121$
      0009C2 DD 6E F6         [19] 1691 	ld	l, -10 (ix)
      0009C5 DD 66 F7         [19] 1692 	ld	h, -9 (ix)
      0009C8 7E               [ 7] 1693 	ld	a, (hl)
      0009C9 E6 0F            [ 7] 1694 	and	a, #0x0f
      0009CB 6F               [ 4] 1695 	ld	l, a
                                   1696 ;	spillPairReg hl
                                   1697 ;	spillPairReg hl
                                   1698 ;	spillPairReg hl
                                   1699 ;	spillPairReg hl
      0009CC 7B               [ 4] 1700 	ld	a, e
      0009CD 87               [ 4] 1701 	add	a, a
      0009CE 87               [ 4] 1702 	add	a, a
      0009CF 87               [ 4] 1703 	add	a, a
      0009D0 87               [ 4] 1704 	add	a, a
      0009D1 F5               [11] 1705 	push	af
      0009D2 07               [ 4] 1706 	rlca
      0009D3 F1               [10] 1707 	pop	af
      0009D4 B5               [ 4] 1708 	or	a, l
      0009D5 5F               [ 4] 1709 	ld	e, a
      0009D6                       1710 00121$:
      0009D6 DD 6E F8         [19] 1711 	ld	l, -8 (ix)
      0009D9 DD 66 F9         [19] 1712 	ld	h, -7 (ix)
      0009DC 73               [ 7] 1713 	ld	(hl), e
                                   1714 ;ff.c:1273: fs->wflag = 1;
      0009DD 3E 01            [ 7] 1715 	ld	a, #0x01
      0009DF 02               [ 7] 1716 	ld	(bc), a
                                   1717 ;ff.c:1274: res = move_window(fs, fs->fatbase + (bc / SS(fs)));
      0009E0 69               [ 4] 1718 	ld	l, c
      0009E1 60               [ 4] 1719 	ld	h, b
      0009E2 D1               [10] 1720 	pop	de
      0009E3 D5               [11] 1721 	push	de
      0009E4 E5               [11] 1722 	push	hl
      0009E5 21 08 00         [10] 1723 	ld	hl, #8
      0009E8 39               [11] 1724 	add	hl, sp
      0009E9 EB               [ 4] 1725 	ex	de, hl
      0009EA 01 04 00         [10] 1726 	ld	bc, #0x0004
      0009ED ED B0            [21] 1727 	ldir
      0009EF C1               [10] 1728 	pop	bc
      0009F0 DD 7E F5         [19] 1729 	ld	a, -11 (ix)
      0009F3 CB 3F            [ 8] 1730 	srl	a
      0009F5 5F               [ 4] 1731 	ld	e, a
      0009F6 16 00            [ 7] 1732 	ld	d, #0x00
      0009F8 21 00 00         [10] 1733 	ld	hl, #0x0000
      0009FB 7B               [ 4] 1734 	ld	a, e
      0009FC DD 86 F6         [19] 1735 	add	a, -10 (ix)
      0009FF 5F               [ 4] 1736 	ld	e, a
      000A00 7A               [ 4] 1737 	ld	a, d
      000A01 DD 8E F7         [19] 1738 	adc	a, -9 (ix)
      000A04 57               [ 4] 1739 	ld	d, a
      000A05 7D               [ 4] 1740 	ld	a, l
      000A06 DD 8E F8         [19] 1741 	adc	a, -8 (ix)
      000A09 6F               [ 4] 1742 	ld	l, a
                                   1743 ;	spillPairReg hl
                                   1744 ;	spillPairReg hl
      000A0A 7C               [ 4] 1745 	ld	a, h
      000A0B DD 8E F9         [19] 1746 	adc	a, -7 (ix)
      000A0E 67               [ 4] 1747 	ld	h, a
                                   1748 ;	spillPairReg hl
                                   1749 ;	spillPairReg hl
      000A0F C5               [11] 1750 	push	bc
      000A10 E5               [11] 1751 	push	hl
      000A11 D5               [11] 1752 	push	de
      000A12 DD 6E FE         [19] 1753 	ld	l, -2 (ix)
                                   1754 ;	spillPairReg hl
                                   1755 ;	spillPairReg hl
      000A15 DD 66 FF         [19] 1756 	ld	h, -1 (ix)
                                   1757 ;	spillPairReg hl
                                   1758 ;	spillPairReg hl
      000A18 CDrDFr02         [17] 1759 	call	_move_window
      000A1B C1               [10] 1760 	pop	bc
                                   1761 ;ff.c:1275: if (res != FR_OK) break;
      000A1C DD 77 F9         [19] 1762 	ld	-7 (ix), a
      000A1F B7               [ 4] 1763 	or	a, a
      000A20 C2rD6r0B         [10] 1764 	jp	NZ, 00117$
                                   1765 ;ff.c:1276: p = fs->win + bc % SS(fs);
      000A23 DD 5E F4         [19] 1766 	ld	e, -12 (ix)
      000A26 DD 7E F5         [19] 1767 	ld	a, -11 (ix)
      000A29 E6 01            [ 7] 1768 	and	a, #0x01
      000A2B 57               [ 4] 1769 	ld	d, a
      000A2C DD 6E F2         [19] 1770 	ld	l, -14 (ix)
      000A2F DD 66 F3         [19] 1771 	ld	h, -13 (ix)
      000A32 19               [11] 1772 	add	hl, de
      000A33 EB               [ 4] 1773 	ex	de, hl
                                   1774 ;ff.c:1277: *p = (clst & 1) ? (BYTE)(val >> 4) : ((*p & 0xF0) | ((BYTE)(val >> 8) & 0x0F));	/* Update 2nd byte */
      000A34 DD 73 F7         [19] 1775 	ld	-9 (ix), e
      000A37 DD 72 F8         [19] 1776 	ld	-8 (ix), d
      000A3A DD 7E FD         [19] 1777 	ld	a, -3 (ix)
      000A3D DD B6 FC         [19] 1778 	or	a, -4 (ix)
      000A40 DD B6 FB         [19] 1779 	or	a, -5 (ix)
      000A43 DD B6 FA         [19] 1780 	or	a, -6 (ix)
      000A46 28 1A            [12] 1781 	jr	Z, 00123$
      000A48 DD 5E 08         [19] 1782 	ld	e, 8 (ix)
      000A4B DD 56 09         [19] 1783 	ld	d, 9 (ix)
      000A4E CB 3A            [ 8] 1784 	srl	d
      000A50 CB 1B            [ 8] 1785 	rr	e
      000A52 CB 3A            [ 8] 1786 	srl	d
      000A54 CB 1B            [ 8] 1787 	rr	e
      000A56 CB 3A            [ 8] 1788 	srl	d
      000A58 CB 1B            [ 8] 1789 	rr	e
      000A5A CB 3A            [ 8] 1790 	srl	d
      000A5C CB 1B            [ 8] 1791 	rr	e
      000A5E 16 00            [ 7] 1792 	ld	d, #0x00
      000A60 18 14            [12] 1793 	jr	00124$
      000A62                       1794 00123$:
      000A62 1A               [ 7] 1795 	ld	a, (de)
      000A63 E6 F0            [ 7] 1796 	and	a, #0xf0
      000A65 5F               [ 4] 1797 	ld	e, a
      000A66 16 00            [ 7] 1798 	ld	d, #0x00
                                   1799 ;	spillPairReg hl
                                   1800 ;	spillPairReg hl
                                   1801 ;	spillPairReg hl
                                   1802 ;	spillPairReg hl
      000A68 DD 7E 09         [19] 1803 	ld	a, 9 (ix)
      000A6B E6 0F            [ 7] 1804 	and	a, #0x0f
      000A6D 6F               [ 4] 1805 	ld	l, a
                                   1806 ;	spillPairReg hl
                                   1807 ;	spillPairReg hl
      000A6E 26 00            [ 7] 1808 	ld	h, #0x00
                                   1809 ;	spillPairReg hl
                                   1810 ;	spillPairReg hl
      000A70 7B               [ 4] 1811 	ld	a, e
      000A71 B5               [ 4] 1812 	or	a, l
      000A72 5F               [ 4] 1813 	ld	e, a
      000A73 7A               [ 4] 1814 	ld	a, d
      000A74 B4               [ 4] 1815 	or	a, h
      000A75 57               [ 4] 1816 	ld	d, a
      000A76                       1817 00124$:
      000A76 DD 6E F7         [19] 1818 	ld	l, -9 (ix)
      000A79 DD 66 F8         [19] 1819 	ld	h, -8 (ix)
      000A7C 73               [ 7] 1820 	ld	(hl), e
                                   1821 ;ff.c:1278: fs->wflag = 1;
      000A7D 3E 01            [ 7] 1822 	ld	a, #0x01
      000A7F 02               [ 7] 1823 	ld	(bc), a
                                   1824 ;ff.c:1279: break;
      000A80 C3rD6r0B         [10] 1825 	jp	00117$
                                   1826 ;ff.c:1281: case FS_FAT16:
      000A83                       1827 00106$:
                                   1828 ;ff.c:1282: res = move_window(fs, fs->fatbase + (clst / (SS(fs) / 2)));
      000A83 69               [ 4] 1829 	ld	l, c
      000A84 60               [ 4] 1830 	ld	h, b
      000A85 D1               [10] 1831 	pop	de
      000A86 D5               [11] 1832 	push	de
      000A87 E5               [11] 1833 	push	hl
      000A88 21 0C 00         [10] 1834 	ld	hl, #12
      000A8B 39               [11] 1835 	add	hl, sp
      000A8C EB               [ 4] 1836 	ex	de, hl
      000A8D 01 04 00         [10] 1837 	ld	bc, #0x0004
      000A90 ED B0            [21] 1838 	ldir
      000A92 C1               [10] 1839 	pop	bc
      000A93 DD 5E 05         [19] 1840 	ld	e, 5 (ix)
      000A96 DD 56 06         [19] 1841 	ld	d, 6 (ix)
      000A99 DD 6E 07         [19] 1842 	ld	l, 7 (ix)
                                   1843 ;	spillPairReg hl
                                   1844 ;	spillPairReg hl
      000A9C 26 00            [ 7] 1845 	ld	h, #0x00
                                   1846 ;	spillPairReg hl
                                   1847 ;	spillPairReg hl
      000A9E 7B               [ 4] 1848 	ld	a, e
      000A9F DD 86 FA         [19] 1849 	add	a, -6 (ix)
      000AA2 5F               [ 4] 1850 	ld	e, a
      000AA3 7A               [ 4] 1851 	ld	a, d
      000AA4 DD 8E FB         [19] 1852 	adc	a, -5 (ix)
      000AA7 57               [ 4] 1853 	ld	d, a
      000AA8 7D               [ 4] 1854 	ld	a, l
      000AA9 DD 8E FC         [19] 1855 	adc	a, -4 (ix)
      000AAC 6F               [ 4] 1856 	ld	l, a
                                   1857 ;	spillPairReg hl
                                   1858 ;	spillPairReg hl
      000AAD 7C               [ 4] 1859 	ld	a, h
      000AAE DD 8E FD         [19] 1860 	adc	a, -3 (ix)
      000AB1 67               [ 4] 1861 	ld	h, a
                                   1862 ;	spillPairReg hl
                                   1863 ;	spillPairReg hl
      000AB2 C5               [11] 1864 	push	bc
      000AB3 E5               [11] 1865 	push	hl
      000AB4 D5               [11] 1866 	push	de
      000AB5 DD 6E FE         [19] 1867 	ld	l, -2 (ix)
                                   1868 ;	spillPairReg hl
                                   1869 ;	spillPairReg hl
      000AB8 DD 66 FF         [19] 1870 	ld	h, -1 (ix)
                                   1871 ;	spillPairReg hl
                                   1872 ;	spillPairReg hl
      000ABB CDrDFr02         [17] 1873 	call	_move_window
      000ABE C1               [10] 1874 	pop	bc
                                   1875 ;ff.c:1283: if (res != FR_OK) break;
      000ABF DD 77 F9         [19] 1876 	ld	-7 (ix), a
      000AC2 B7               [ 4] 1877 	or	a, a
      000AC3 C2rD6r0B         [10] 1878 	jp	NZ, 00117$
                                   1879 ;ff.c:1284: st_16(fs->win + clst * 2 % SS(fs), (WORD)val);	/* Simple WORD array */
      000AC6 DD 7E 08         [19] 1880 	ld	a, 8 (ix)
      000AC9 DD 77 FC         [19] 1881 	ld	-4 (ix), a
      000ACC DD 7E 09         [19] 1882 	ld	a, 9 (ix)
      000ACF DD 77 FD         [19] 1883 	ld	-3 (ix), a
      000AD2 DD 6E 04         [19] 1884 	ld	l, 4 (ix)
                                   1885 ;	spillPairReg hl
                                   1886 ;	spillPairReg hl
      000AD5 DD 66 05         [19] 1887 	ld	h, 5 (ix)
                                   1888 ;	spillPairReg hl
                                   1889 ;	spillPairReg hl
      000AD8 29               [11] 1890 	add	hl, hl
      000AD9 7C               [ 4] 1891 	ld	a, h
      000ADA E6 01            [ 7] 1892 	and	a, #0x01
      000ADC 67               [ 4] 1893 	ld	h, a
                                   1894 ;	spillPairReg hl
                                   1895 ;	spillPairReg hl
      000ADD 7D               [ 4] 1896 	ld	a, l
      000ADE DD 86 F2         [19] 1897 	add	a, -14 (ix)
      000AE1 6F               [ 4] 1898 	ld	l, a
                                   1899 ;	spillPairReg hl
                                   1900 ;	spillPairReg hl
      000AE2 7C               [ 4] 1901 	ld	a, h
      000AE3 DD 8E F3         [19] 1902 	adc	a, -13 (ix)
      000AE6 67               [ 4] 1903 	ld	h, a
                                   1904 ;	spillPairReg hl
                                   1905 ;	spillPairReg hl
      000AE7 C5               [11] 1906 	push	bc
      000AE8 DD 5E FC         [19] 1907 	ld	e, -4 (ix)
      000AEB DD 56 FD         [19] 1908 	ld	d, -3 (ix)
      000AEE CDrA9r00         [17] 1909 	call	_st_16
      000AF1 C1               [10] 1910 	pop	bc
                                   1911 ;ff.c:1285: fs->wflag = 1;
      000AF2 3E 01            [ 7] 1912 	ld	a, #0x01
      000AF4 02               [ 7] 1913 	ld	(bc), a
                                   1914 ;ff.c:1286: break;
      000AF5 C3rD6r0B         [10] 1915 	jp	00117$
                                   1916 ;ff.c:1288: case FS_FAT32:
      000AF8                       1917 00109$:
                                   1918 ;ff.c:1292: res = move_window(fs, fs->fatbase + (clst / (SS(fs) / 4)));
      000AF8 69               [ 4] 1919 	ld	l, c
      000AF9 60               [ 4] 1920 	ld	h, b
      000AFA D1               [10] 1921 	pop	de
      000AFB D5               [11] 1922 	push	de
      000AFC E5               [11] 1923 	push	hl
      000AFD 21 0C 00         [10] 1924 	ld	hl, #12
      000B00 39               [11] 1925 	add	hl, sp
      000B01 EB               [ 4] 1926 	ex	de, hl
      000B02 01 04 00         [10] 1927 	ld	bc, #0x0004
      000B05 ED B0            [21] 1928 	ldir
      000B07 C1               [10] 1929 	pop	bc
      000B08 DD 5E 04         [19] 1930 	ld	e, 4 (ix)
      000B0B DD 56 05         [19] 1931 	ld	d, 5 (ix)
      000B0E DD 6E 06         [19] 1932 	ld	l, 6 (ix)
                                   1933 ;	spillPairReg hl
                                   1934 ;	spillPairReg hl
      000B11 DD 66 07         [19] 1935 	ld	h, 7 (ix)
                                   1936 ;	spillPairReg hl
                                   1937 ;	spillPairReg hl
      000B14 3E 07            [ 7] 1938 	ld	a, #0x07
      000B16                       1939 00187$:
      000B16 CB 3C            [ 8] 1940 	srl	h
      000B18 CB 1D            [ 8] 1941 	rr	l
      000B1A CB 1A            [ 8] 1942 	rr	d
      000B1C CB 1B            [ 8] 1943 	rr	e
      000B1E 3D               [ 4] 1944 	dec	a
      000B1F 20 F5            [12] 1945 	jr	NZ, 00187$
      000B21 7B               [ 4] 1946 	ld	a, e
      000B22 DD 86 FA         [19] 1947 	add	a, -6 (ix)
      000B25 5F               [ 4] 1948 	ld	e, a
      000B26 7A               [ 4] 1949 	ld	a, d
      000B27 DD 8E FB         [19] 1950 	adc	a, -5 (ix)
      000B2A 57               [ 4] 1951 	ld	d, a
      000B2B 7D               [ 4] 1952 	ld	a, l
      000B2C DD 8E FC         [19] 1953 	adc	a, -4 (ix)
      000B2F 6F               [ 4] 1954 	ld	l, a
                                   1955 ;	spillPairReg hl
                                   1956 ;	spillPairReg hl
      000B30 7C               [ 4] 1957 	ld	a, h
      000B31 DD 8E FD         [19] 1958 	adc	a, -3 (ix)
      000B34 67               [ 4] 1959 	ld	h, a
                                   1960 ;	spillPairReg hl
                                   1961 ;	spillPairReg hl
      000B35 C5               [11] 1962 	push	bc
      000B36 E5               [11] 1963 	push	hl
      000B37 D5               [11] 1964 	push	de
      000B38 DD 6E FE         [19] 1965 	ld	l, -2 (ix)
                                   1966 ;	spillPairReg hl
                                   1967 ;	spillPairReg hl
      000B3B DD 66 FF         [19] 1968 	ld	h, -1 (ix)
                                   1969 ;	spillPairReg hl
                                   1970 ;	spillPairReg hl
      000B3E CDrDFr02         [17] 1971 	call	_move_window
      000B41 C1               [10] 1972 	pop	bc
                                   1973 ;ff.c:1293: if (res != FR_OK) break;
      000B42 DD 77 F9         [19] 1974 	ld	-7 (ix), a
      000B45 B7               [ 4] 1975 	or	a, a
      000B46 C2rD6r0B         [10] 1976 	jp	NZ, 00117$
                                   1977 ;ff.c:1295: val = (val & 0x0FFFFFFF) | (ld_32(fs->win + clst * 4 % SS(fs)) & 0xF0000000);
      000B49 DD 7E 08         [19] 1978 	ld	a, 8 (ix)
      000B4C DD 77 FA         [19] 1979 	ld	-6 (ix), a
      000B4F DD 7E 09         [19] 1980 	ld	a, 9 (ix)
      000B52 DD 77 FB         [19] 1981 	ld	-5 (ix), a
      000B55 DD 7E 0A         [19] 1982 	ld	a, 10 (ix)
      000B58 DD 77 FC         [19] 1983 	ld	-4 (ix), a
      000B5B DD 7E 0B         [19] 1984 	ld	a, 11 (ix)
      000B5E E6 0F            [ 7] 1985 	and	a, #0x0f
      000B60 DD 77 FD         [19] 1986 	ld	-3 (ix), a
      000B63 DD 6E 04         [19] 1987 	ld	l, 4 (ix)
                                   1988 ;	spillPairReg hl
                                   1989 ;	spillPairReg hl
      000B66 DD 66 05         [19] 1990 	ld	h, 5 (ix)
                                   1991 ;	spillPairReg hl
                                   1992 ;	spillPairReg hl
      000B69 DD 5E 06         [19] 1993 	ld	e, 6 (ix)
      000B6C DD 56 07         [19] 1994 	ld	d, 7 (ix)
      000B6F 3E 02            [ 7] 1995 	ld	a, #0x02
      000B71                       1996 00189$:
      000B71 29               [11] 1997 	add	hl, hl
      000B72 CB 13            [ 8] 1998 	rl	e
      000B74 CB 12            [ 8] 1999 	rl	d
      000B76 3D               [ 4] 2000 	dec	a
      000B77 20 F8            [12] 2001 	jr	NZ,00189$
      000B79 7C               [ 4] 2002 	ld	a, h
      000B7A E6 01            [ 7] 2003 	and	a, #0x01
      000B7C 67               [ 4] 2004 	ld	h, a
                                   2005 ;	spillPairReg hl
                                   2006 ;	spillPairReg hl
      000B7D E5               [11] 2007 	push	hl
      000B7E FD E1            [14] 2008 	pop	iy
      000B80 DD 5E F2         [19] 2009 	ld	e, -14 (ix)
      000B83 DD 56 F3         [19] 2010 	ld	d, -13 (ix)
      000B86 FD 19            [15] 2011 	add	iy, de
      000B88 C5               [11] 2012 	push	bc
      000B89 FD E5            [15] 2013 	push	iy
      000B8B FD E5            [15] 2014 	push	iy
      000B8D E1               [10] 2015 	pop	hl
      000B8E CDr1Dr00         [17] 2016 	call	_ld_32
      000B91 FD E1            [14] 2017 	pop	iy
      000B93 C1               [10] 2018 	pop	bc
      000B94 11 00 00         [10] 2019 	ld	de, #0x0000
      000B97 2E 00            [ 7] 2020 	ld	l, #0x00
                                   2021 ;	spillPairReg hl
                                   2022 ;	spillPairReg hl
      000B99 7C               [ 4] 2023 	ld	a, h
      000B9A E6 F0            [ 7] 2024 	and	a, #0xf0
      000B9C 67               [ 4] 2025 	ld	h, a
                                   2026 ;	spillPairReg hl
                                   2027 ;	spillPairReg hl
      000B9D 7B               [ 4] 2028 	ld	a, e
      000B9E DD B6 FA         [19] 2029 	or	a, -6 (ix)
      000BA1 5F               [ 4] 2030 	ld	e, a
      000BA2 7A               [ 4] 2031 	ld	a, d
      000BA3 DD B6 FB         [19] 2032 	or	a, -5 (ix)
      000BA6 57               [ 4] 2033 	ld	d, a
      000BA7 7D               [ 4] 2034 	ld	a, l
      000BA8 DD B6 FC         [19] 2035 	or	a, -4 (ix)
      000BAB 6F               [ 4] 2036 	ld	l, a
                                   2037 ;	spillPairReg hl
                                   2038 ;	spillPairReg hl
      000BAC 7C               [ 4] 2039 	ld	a, h
      000BAD DD B6 FD         [19] 2040 	or	a, -3 (ix)
      000BB0 67               [ 4] 2041 	ld	h, a
                                   2042 ;	spillPairReg hl
                                   2043 ;	spillPairReg hl
      000BB1 DD 73 08         [19] 2044 	ld	8 (ix), e
      000BB4 DD 72 09         [19] 2045 	ld	9 (ix), d
      000BB7 DD 75 0A         [19] 2046 	ld	10 (ix), l
      000BBA DD 74 0B         [19] 2047 	ld	11 (ix), h
                                   2048 ;ff.c:1297: st_32(fs->win + clst * 4 % SS(fs), val);
      000BBD C5               [11] 2049 	push	bc
      000BBE DD 6E 0A         [19] 2050 	ld	l, 10 (ix)
                                   2051 ;	spillPairReg hl
                                   2052 ;	spillPairReg hl
      000BC1 DD 66 0B         [19] 2053 	ld	h, 11 (ix)
                                   2054 ;	spillPairReg hl
                                   2055 ;	spillPairReg hl
      000BC4 E5               [11] 2056 	push	hl
      000BC5 DD 6E 08         [19] 2057 	ld	l, 8 (ix)
                                   2058 ;	spillPairReg hl
                                   2059 ;	spillPairReg hl
      000BC8 DD 66 09         [19] 2060 	ld	h, 9 (ix)
                                   2061 ;	spillPairReg hl
                                   2062 ;	spillPairReg hl
      000BCB E5               [11] 2063 	push	hl
      000BCC FD E5            [15] 2064 	push	iy
      000BCE E1               [10] 2065 	pop	hl
      000BCF CDrADr00         [17] 2066 	call	_st_32
      000BD2 C1               [10] 2067 	pop	bc
                                   2068 ;ff.c:1298: fs->wflag = 1;
      000BD3 3E 01            [ 7] 2069 	ld	a, #0x01
      000BD5 02               [ 7] 2070 	ld	(bc), a
                                   2071 ;ff.c:1300: }
      000BD6                       2072 00117$:
                                   2073 ;ff.c:1302: return res;
      000BD6 DD 7E F9         [19] 2074 	ld	a, -7 (ix)
                                   2075 ;ff.c:1303: }
      000BD9 DD F9            [10] 2076 	ld	sp, ix
      000BDB DD E1            [14] 2077 	pop	ix
      000BDD E1               [10] 2078 	pop	hl
      000BDE C1               [10] 2079 	pop	bc
      000BDF C1               [10] 2080 	pop	bc
      000BE0 C1               [10] 2081 	pop	bc
      000BE1 C1               [10] 2082 	pop	bc
      000BE2 E9               [ 4] 2083 	jp	(hl)
                                   2084 ;ff.c:1444: static FRESULT remove_chain (	/* FR_OK(0):succeeded, !=0:error */
                                   2085 ;	---------------------------------
                                   2086 ; Function remove_chain
                                   2087 ; ---------------------------------
      000BE3                       2088 _remove_chain:
      000BE3 DD E5            [15] 2089 	push	ix
      000BE5 DD 21 00 00      [14] 2090 	ld	ix,#0
      000BE9 DD 39            [15] 2091 	add	ix,sp
      000BEB FD 21 F0 FF      [14] 2092 	ld	iy, #-16
      000BEF FD 39            [15] 2093 	add	iy, sp
      000BF1 FD F9            [10] 2094 	ld	sp, iy
                                   2095 ;ff.c:1452: FATFS *fs = obj->fs;
      000BF3 DD 75 FE         [19] 2096 	ld	-2 (ix), l
      000BF6 DD 74 FF         [19] 2097 	ld	-1 (ix), h
      000BF9 7E               [ 7] 2098 	ld	a, (hl)
      000BFA DD 77 F0         [19] 2099 	ld	-16 (ix), a
      000BFD 23               [ 6] 2100 	inc	hl
      000BFE 7E               [ 7] 2101 	ld	a, (hl)
      000BFF DD 77 F1         [19] 2102 	ld	-15 (ix), a
                                   2103 ;ff.c:1460: if (clst < 2 || clst >= fs->n_fatent) return FR_INT_ERR;	/* Check if in valid range */
      000C02 DD 7E 04         [19] 2104 	ld	a, 4 (ix)
      000C05 D6 02            [ 7] 2105 	sub	a, #0x02
      000C07 DD 7E 05         [19] 2106 	ld	a, 5 (ix)
      000C0A DE 00            [ 7] 2107 	sbc	a, #0x00
      000C0C DD 7E 06         [19] 2108 	ld	a, 6 (ix)
      000C0F DE 00            [ 7] 2109 	sbc	a, #0x00
      000C11 DD 7E 07         [19] 2110 	ld	a, 7 (ix)
      000C14 DE 00            [ 7] 2111 	sbc	a, #0x00
      000C16 38 21            [12] 2112 	jr	C, 00101$
      000C18 E1               [10] 2113 	pop	hl
      000C19 E5               [11] 2114 	push	hl
      000C1A 11 14 00         [10] 2115 	ld	de, #0x0014
      000C1D 19               [11] 2116 	add	hl, de
      000C1E E5               [11] 2117 	push	hl
      000C1F 4E               [ 7] 2118 	ld	c, (hl)
      000C20 23               [ 6] 2119 	inc	hl
      000C21 46               [ 7] 2120 	ld	b, (hl)
      000C22 23               [ 6] 2121 	inc	hl
      000C23 5E               [ 7] 2122 	ld	e, (hl)
      000C24 23               [ 6] 2123 	inc	hl
      000C25 56               [ 7] 2124 	ld	d, (hl)
      000C26 E1               [10] 2125 	pop	hl
      000C27 DD 7E 04         [19] 2126 	ld	a, 4 (ix)
      000C2A 91               [ 4] 2127 	sub	a, c
      000C2B DD 7E 05         [19] 2128 	ld	a, 5 (ix)
      000C2E 98               [ 4] 2129 	sbc	a, b
      000C2F DD 7E 06         [19] 2130 	ld	a, 6 (ix)
      000C32 9B               [ 4] 2131 	sbc	a, e
      000C33 DD 7E 07         [19] 2132 	ld	a, 7 (ix)
      000C36 9A               [ 4] 2133 	sbc	a, d
      000C37 38 05            [12] 2134 	jr	C, 00102$
      000C39                       2135 00101$:
      000C39 3E 02            [ 7] 2136 	ld	a, #0x02
      000C3B C3rA2r0D         [10] 2137 	jp	00127$
      000C3E                       2138 00102$:
                                   2139 ;ff.c:1463: if (pclst != 0 && (!FF_FS_EXFAT || fs->fs_type != FS_EXFAT || obj->stat != 2)) {
      000C3E DD 7E 0B         [19] 2140 	ld	a, 11 (ix)
      000C41 DD B6 0A         [19] 2141 	or	a, 10 (ix)
      000C44 DD B6 09         [19] 2142 	or	a, 9 (ix)
      000C47 DD B6 08         [19] 2143 	or	a, 8 (ix)
      000C4A 28 22            [12] 2144 	jr	Z, 00137$
                                   2145 ;ff.c:1464: res = put_fat(fs, pclst, 0xFFFFFFFF);
      000C4C E5               [11] 2146 	push	hl
      000C4D 11 FF FF         [10] 2147 	ld	de, #0xffff
      000C50 D5               [11] 2148 	push	de
      000C51 D5               [11] 2149 	push	de
      000C52 DD 5E 0A         [19] 2150 	ld	e, 10 (ix)
      000C55 DD 56 0B         [19] 2151 	ld	d, 11 (ix)
      000C58 D5               [11] 2152 	push	de
      000C59 DD 5E 08         [19] 2153 	ld	e, 8 (ix)
      000C5C DD 56 09         [19] 2154 	ld	d, 9 (ix)
      000C5F D5               [11] 2155 	push	de
      000C60 DD 6E F0         [19] 2156 	ld	l, -16 (ix)
                                   2157 ;	spillPairReg hl
                                   2158 ;	spillPairReg hl
      000C63 DD 66 F1         [19] 2159 	ld	h, -15 (ix)
                                   2160 ;	spillPairReg hl
                                   2161 ;	spillPairReg hl
      000C66 CDr7Br08         [17] 2162 	call	_put_fat
      000C69 E1               [10] 2163 	pop	hl
                                   2164 ;ff.c:1465: if (res != FR_OK) return res;
      000C6A B7               [ 4] 2165 	or	a, a
                                   2166 ;ff.c:1469: do {
      000C6B C2rA2r0D         [10] 2167 	jp	NZ,00127$
      000C6E                       2168 00137$:
      000C6E DD 75 F2         [19] 2169 	ld	-14 (ix), l
      000C71 DD 74 F3         [19] 2170 	ld	-13 (ix), h
      000C74                       2171 00124$:
                                   2172 ;ff.c:1470: nxt = get_fat(obj, clst);			/* Get cluster status */
      000C74 DD 6E 06         [19] 2173 	ld	l, 6 (ix)
                                   2174 ;	spillPairReg hl
                                   2175 ;	spillPairReg hl
      000C77 DD 66 07         [19] 2176 	ld	h, 7 (ix)
                                   2177 ;	spillPairReg hl
                                   2178 ;	spillPairReg hl
      000C7A E5               [11] 2179 	push	hl
      000C7B DD 6E 04         [19] 2180 	ld	l, 4 (ix)
                                   2181 ;	spillPairReg hl
                                   2182 ;	spillPairReg hl
      000C7E DD 66 05         [19] 2183 	ld	h, 5 (ix)
                                   2184 ;	spillPairReg hl
                                   2185 ;	spillPairReg hl
      000C81 E5               [11] 2186 	push	hl
      000C82 DD 6E FE         [19] 2187 	ld	l, -2 (ix)
                                   2188 ;	spillPairReg hl
                                   2189 ;	spillPairReg hl
      000C85 DD 66 FF         [19] 2190 	ld	h, -1 (ix)
                                   2191 ;	spillPairReg hl
                                   2192 ;	spillPairReg hl
      000C88 CDrAEr05         [17] 2193 	call	_get_fat
      000C8B F1               [10] 2194 	pop	af
      000C8C F1               [10] 2195 	pop	af
      000C8D DD 73 F4         [19] 2196 	ld	-12 (ix), e
      000C90 DD 72 F5         [19] 2197 	ld	-11 (ix), d
      000C93 DD 75 F6         [19] 2198 	ld	-10 (ix), l
                                   2199 ;ff.c:1471: if (nxt == 0) break;				/* Empty cluster? */
      000C96 DD 74 F7         [19] 2200 	ld	-9 (ix), h
      000C99 7C               [ 4] 2201 	ld	a, h
      000C9A DD B6 F6         [19] 2202 	or	a, -10 (ix)
      000C9D DD B6 F5         [19] 2203 	or	a, -11 (ix)
      000CA0 DD B6 F4         [19] 2204 	or	a, -12 (ix)
      000CA3 CArA1r0D         [10] 2205 	jp	Z, 00126$
                                   2206 ;ff.c:1472: if (nxt == 1) return FR_INT_ERR;	/* Internal error? */
      000CA6 DD 7E F4         [19] 2207 	ld	a, -12 (ix)
      000CA9 3D               [ 4] 2208 	dec	a
      000CAA DD B6 F5         [19] 2209 	or	a, -11 (ix)
      000CAD DD B6 F6         [19] 2210 	or	a, -10 (ix)
      000CB0 DD B6 F7         [19] 2211 	or	a, -9 (ix)
      000CB3 20 05            [12] 2212 	jr	NZ, 00114$
      000CB5 3E 02            [ 7] 2213 	ld	a, #0x02
      000CB7 C3rA2r0D         [10] 2214 	jp	00127$
      000CBA                       2215 00114$:
                                   2216 ;ff.c:1473: if (nxt == 0xFFFFFFFF) return FR_DISK_ERR;	/* Disk error? */
      000CBA DD 7E F4         [19] 2217 	ld	a, -12 (ix)
      000CBD DD A6 F5         [19] 2218 	and	a, -11 (ix)
      000CC0 DD A6 F6         [19] 2219 	and	a, -10 (ix)
      000CC3 DD A6 F7         [19] 2220 	and	a, -9 (ix)
      000CC6 3C               [ 4] 2221 	inc	a
      000CC7 20 05            [12] 2222 	jr	NZ, 00119$
      000CC9 3E 01            [ 7] 2223 	ld	a, #0x01
      000CCB C3rA2r0D         [10] 2224 	jp	00127$
                                   2225 ;ff.c:1474: if (!FF_FS_EXFAT || fs->fs_type != FS_EXFAT) {
      000CCE                       2226 00119$:
                                   2227 ;ff.c:1475: res = put_fat(fs, clst, 0);		/* Mark the cluster 'free' on the FAT */
      000CCE 21 00 00         [10] 2228 	ld	hl, #0x0000
      000CD1 E5               [11] 2229 	push	hl
      000CD2 E5               [11] 2230 	push	hl
      000CD3 DD 6E 06         [19] 2231 	ld	l, 6 (ix)
                                   2232 ;	spillPairReg hl
                                   2233 ;	spillPairReg hl
      000CD6 DD 66 07         [19] 2234 	ld	h, 7 (ix)
                                   2235 ;	spillPairReg hl
                                   2236 ;	spillPairReg hl
      000CD9 E5               [11] 2237 	push	hl
      000CDA DD 6E 04         [19] 2238 	ld	l, 4 (ix)
                                   2239 ;	spillPairReg hl
                                   2240 ;	spillPairReg hl
      000CDD DD 66 05         [19] 2241 	ld	h, 5 (ix)
                                   2242 ;	spillPairReg hl
                                   2243 ;	spillPairReg hl
      000CE0 E5               [11] 2244 	push	hl
      000CE1 DD 6E F0         [19] 2245 	ld	l, -16 (ix)
                                   2246 ;	spillPairReg hl
                                   2247 ;	spillPairReg hl
      000CE4 DD 66 F1         [19] 2248 	ld	h, -15 (ix)
                                   2249 ;	spillPairReg hl
                                   2250 ;	spillPairReg hl
      000CE7 CDr7Br08         [17] 2251 	call	_put_fat
                                   2252 ;ff.c:1476: if (res != FR_OK) return res;
      000CEA B7               [ 4] 2253 	or	a, a
      000CEB C2rA2r0D         [10] 2254 	jp	NZ,00127$
                                   2255 ;ff.c:1478: if (fs->free_clst < fs->n_fatent - 2) {	/* Update allocation information if it is valid */
      000CEE DD 7E F0         [19] 2256 	ld	a, -16 (ix)
      000CF1 C6 10            [ 7] 2257 	add	a, #0x10
      000CF3 DD 77 F8         [19] 2258 	ld	-8 (ix), a
      000CF6 DD 7E F1         [19] 2259 	ld	a, -15 (ix)
      000CF9 CE 00            [ 7] 2260 	adc	a, #0x00
      000CFB DD 77 F9         [19] 2261 	ld	-7 (ix), a
      000CFE DD 5E F8         [19] 2262 	ld	e, -8 (ix)
      000D01 DD 56 F9         [19] 2263 	ld	d, -7 (ix)
      000D04 21 0A 00         [10] 2264 	ld	hl, #10
      000D07 39               [11] 2265 	add	hl, sp
      000D08 EB               [ 4] 2266 	ex	de, hl
      000D09 01 04 00         [10] 2267 	ld	bc, #0x0004
      000D0C ED B0            [21] 2268 	ldir
      000D0E DD 6E F2         [19] 2269 	ld	l, -14 (ix)
      000D11 DD 66 F3         [19] 2270 	ld	h, -13 (ix)
      000D14 4E               [ 7] 2271 	ld	c, (hl)
      000D15 23               [ 6] 2272 	inc	hl
      000D16 46               [ 7] 2273 	ld	b, (hl)
      000D17 23               [ 6] 2274 	inc	hl
      000D18 5E               [ 7] 2275 	ld	e, (hl)
      000D19 23               [ 6] 2276 	inc	hl
      000D1A 56               [ 7] 2277 	ld	d, (hl)
      000D1B 79               [ 4] 2278 	ld	a, c
      000D1C C6 FE            [ 7] 2279 	add	a, #0xfe
      000D1E 4F               [ 4] 2280 	ld	c, a
      000D1F 78               [ 4] 2281 	ld	a, b
      000D20 CE FF            [ 7] 2282 	adc	a, #0xff
      000D22 47               [ 4] 2283 	ld	b, a
      000D23 7B               [ 4] 2284 	ld	a, e
      000D24 CE FF            [ 7] 2285 	adc	a, #0xff
      000D26 5F               [ 4] 2286 	ld	e, a
      000D27 7A               [ 4] 2287 	ld	a, d
      000D28 CE FF            [ 7] 2288 	adc	a, #0xff
      000D2A 57               [ 4] 2289 	ld	d, a
      000D2B DD 7E FA         [19] 2290 	ld	a, -6 (ix)
      000D2E 91               [ 4] 2291 	sub	a, c
      000D2F DD 7E FB         [19] 2292 	ld	a, -5 (ix)
      000D32 98               [ 4] 2293 	sbc	a, b
      000D33 DD 7E FC         [19] 2294 	ld	a, -4 (ix)
      000D36 9B               [ 4] 2295 	sbc	a, e
      000D37 DD 7E FD         [19] 2296 	ld	a, -3 (ix)
      000D3A 9A               [ 4] 2297 	sbc	a, d
      000D3B 30 2D            [12] 2298 	jr	NC, 00123$
                                   2299 ;ff.c:1479: fs->free_clst++;
      000D3D DD 7E FA         [19] 2300 	ld	a, -6 (ix)
      000D40 C6 01            [ 7] 2301 	add	a, #0x01
      000D42 4F               [ 4] 2302 	ld	c, a
      000D43 DD 7E FB         [19] 2303 	ld	a, -5 (ix)
      000D46 CE 00            [ 7] 2304 	adc	a, #0x00
      000D48 47               [ 4] 2305 	ld	b, a
      000D49 DD 7E FC         [19] 2306 	ld	a, -4 (ix)
      000D4C CE 00            [ 7] 2307 	adc	a, #0x00
      000D4E 5F               [ 4] 2308 	ld	e, a
      000D4F DD 7E FD         [19] 2309 	ld	a, -3 (ix)
      000D52 CE 00            [ 7] 2310 	adc	a, #0x00
      000D54 57               [ 4] 2311 	ld	d, a
      000D55 DD 6E F8         [19] 2312 	ld	l, -8 (ix)
      000D58 DD 66 F9         [19] 2313 	ld	h, -7 (ix)
      000D5B 71               [ 7] 2314 	ld	(hl), c
      000D5C 23               [ 6] 2315 	inc	hl
      000D5D 70               [ 7] 2316 	ld	(hl), b
      000D5E 23               [ 6] 2317 	inc	hl
      000D5F 73               [ 7] 2318 	ld	(hl), e
      000D60 23               [ 6] 2319 	inc	hl
      000D61 72               [ 7] 2320 	ld	(hl), d
                                   2321 ;ff.c:1480: fs->fsi_flag |= 1;
      000D62 E1               [10] 2322 	pop	hl
      000D63 E5               [11] 2323 	push	hl
      000D64 11 05 00         [10] 2324 	ld	de, #0x0005
      000D67 19               [11] 2325 	add	hl, de
      000D68 CB C6            [15] 2326 	set	0, (hl)
      000D6A                       2327 00123$:
                                   2328 ;ff.c:1500: clst = nxt;					/* Next cluster */
      000D6A 21 14 00         [10] 2329 	ld	hl, #20
      000D6D 39               [11] 2330 	add	hl, sp
      000D6E EB               [ 4] 2331 	ex	de, hl
      000D6F 21 04 00         [10] 2332 	ld	hl, #4
      000D72 39               [11] 2333 	add	hl, sp
      000D73 01 04 00         [10] 2334 	ld	bc, #4
      000D76 ED B0            [21] 2335 	ldir
                                   2336 ;ff.c:1501: } while (clst < fs->n_fatent);	/* Repeat until the last link */
      000D78 E1               [10] 2337 	pop	hl
      000D79 D1               [10] 2338 	pop	de
      000D7A D5               [11] 2339 	push	de
      000D7B E5               [11] 2340 	push	hl
      000D7C 21 0A 00         [10] 2341 	ld	hl, #10
      000D7F 39               [11] 2342 	add	hl, sp
      000D80 EB               [ 4] 2343 	ex	de, hl
      000D81 01 04 00         [10] 2344 	ld	bc, #0x0004
      000D84 ED B0            [21] 2345 	ldir
      000D86 DD 7E F4         [19] 2346 	ld	a, -12 (ix)
      000D89 DD 96 FA         [19] 2347 	sub	a, -6 (ix)
      000D8C DD 7E F5         [19] 2348 	ld	a, -11 (ix)
      000D8F DD 9E FB         [19] 2349 	sbc	a, -5 (ix)
      000D92 DD 7E F6         [19] 2350 	ld	a, -10 (ix)
      000D95 DD 9E FC         [19] 2351 	sbc	a, -4 (ix)
      000D98 DD 7E F7         [19] 2352 	ld	a, -9 (ix)
      000D9B DD 9E FD         [19] 2353 	sbc	a, -3 (ix)
      000D9E DAr74r0C         [10] 2354 	jp	C, 00124$
      000DA1                       2355 00126$:
                                   2356 ;ff.c:1529: return FR_OK;
      000DA1 AF               [ 4] 2357 	xor	a, a
      000DA2                       2358 00127$:
                                   2359 ;ff.c:1530: }
      000DA2 DD F9            [10] 2360 	ld	sp, ix
      000DA4 DD E1            [14] 2361 	pop	ix
      000DA6 E1               [10] 2362 	pop	hl
      000DA7 C1               [10] 2363 	pop	bc
      000DA8 C1               [10] 2364 	pop	bc
      000DA9 C1               [10] 2365 	pop	bc
      000DAA C1               [10] 2366 	pop	bc
      000DAB E9               [ 4] 2367 	jp	(hl)
                                   2368 ;ff.c:1539: static DWORD create_chain (	/* 0:No free cluster, 1:Internal error, 0xFFFFFFFF:Disk error, >=2:New cluster# */
                                   2369 ;	---------------------------------
                                   2370 ; Function create_chain
                                   2371 ; ---------------------------------
      000DAC                       2372 _create_chain:
      000DAC DD E5            [15] 2373 	push	ix
      000DAE DD 21 00 00      [14] 2374 	ld	ix,#0
      000DB2 DD 39            [15] 2375 	add	ix,sp
      000DB4 FD 21 ED FF      [14] 2376 	ld	iy, #-19
      000DB8 FD 39            [15] 2377 	add	iy, sp
      000DBA FD F9            [10] 2378 	ld	sp, iy
                                   2379 ;ff.c:1546: FATFS *fs = obj->fs;
      000DBC DD 75 FA         [19] 2380 	ld	-6 (ix), l
      000DBF DD 74 FB         [19] 2381 	ld	-5 (ix), h
      000DC2 7E               [ 7] 2382 	ld	a, (hl)
      000DC3 DD 77 ED         [19] 2383 	ld	-19 (ix), a
      000DC6 23               [ 6] 2384 	inc	hl
      000DC7 7E               [ 7] 2385 	ld	a, (hl)
      000DC8 DD 77 EE         [19] 2386 	ld	-18 (ix), a
                                   2387 ;ff.c:1550: scl = fs->last_clst;				/* Suggested cluster to start to find */
      000DCB DD 7E ED         [19] 2388 	ld	a, -19 (ix)
      000DCE C6 0C            [ 7] 2389 	add	a, #0x0c
      000DD0 DD 77 EF         [19] 2390 	ld	-17 (ix), a
      000DD3 DD 7E EE         [19] 2391 	ld	a, -18 (ix)
      000DD6 CE 00            [ 7] 2392 	adc	a, #0x00
      000DD8 DD 77 F0         [19] 2393 	ld	-16 (ix), a
                                   2394 ;ff.c:1551: if (scl == 0 || scl >= fs->n_fatent) scl = 1;
      000DDB DD 7E ED         [19] 2395 	ld	a, -19 (ix)
      000DDE C6 14            [ 7] 2396 	add	a, #0x14
      000DE0 DD 77 F1         [19] 2397 	ld	-15 (ix), a
      000DE3 DD 7E EE         [19] 2398 	ld	a, -18 (ix)
      000DE6 CE 00            [ 7] 2399 	adc	a, #0x00
      000DE8 DD 77 F2         [19] 2400 	ld	-14 (ix), a
                                   2401 ;ff.c:1549: if (clst == 0) {	/* Create a new chain */
      000DEB DD 7E 07         [19] 2402 	ld	a, 7 (ix)
      000DEE DD B6 06         [19] 2403 	or	a, 6 (ix)
      000DF1 DD B6 05         [19] 2404 	or	a, 5 (ix)
      000DF4 DD B6 04         [19] 2405 	or	a, 4 (ix)
      000DF7 20 58            [12] 2406 	jr	NZ, 00111$
                                   2407 ;ff.c:1550: scl = fs->last_clst;				/* Suggested cluster to start to find */
      000DF9 E1               [10] 2408 	pop	hl
      000DFA D1               [10] 2409 	pop	de
      000DFB D5               [11] 2410 	push	de
      000DFC E5               [11] 2411 	push	hl
      000DFD 21 06 00         [10] 2412 	ld	hl, #6
      000E00 39               [11] 2413 	add	hl, sp
      000E01 EB               [ 4] 2414 	ex	de, hl
      000E02 01 04 00         [10] 2415 	ld	bc, #0x0004
      000E05 ED B0            [21] 2416 	ldir
                                   2417 ;ff.c:1551: if (scl == 0 || scl >= fs->n_fatent) scl = 1;
      000E07 DD 7E F6         [19] 2418 	ld	a, -10 (ix)
      000E0A DD B6 F5         [19] 2419 	or	a, -11 (ix)
      000E0D DD B6 F4         [19] 2420 	or	a, -12 (ix)
      000E10 DD B6 F3         [19] 2421 	or	a, -13 (ix)
      000E13 28 2B            [12] 2422 	jr	Z, 00101$
      000E15 DD 5E F1         [19] 2423 	ld	e, -15 (ix)
      000E18 DD 56 F2         [19] 2424 	ld	d, -14 (ix)
      000E1B 21 0F 00         [10] 2425 	ld	hl, #15
      000E1E 39               [11] 2426 	add	hl, sp
      000E1F EB               [ 4] 2427 	ex	de, hl
      000E20 01 04 00         [10] 2428 	ld	bc, #0x0004
      000E23 ED B0            [21] 2429 	ldir
      000E25 DD 7E F3         [19] 2430 	ld	a, -13 (ix)
      000E28 DD 96 FC         [19] 2431 	sub	a, -4 (ix)
      000E2B DD 7E F4         [19] 2432 	ld	a, -12 (ix)
      000E2E DD 9E FD         [19] 2433 	sbc	a, -3 (ix)
      000E31 DD 7E F5         [19] 2434 	ld	a, -11 (ix)
      000E34 DD 9E FE         [19] 2435 	sbc	a, -2 (ix)
      000E37 DD 7E F6         [19] 2436 	ld	a, -10 (ix)
      000E3A DD 9E FF         [19] 2437 	sbc	a, -1 (ix)
      000E3D DArEEr0E         [10] 2438 	jp	C, 00112$
      000E40                       2439 00101$:
      000E40 DD 36 F3 01      [19] 2440 	ld	-13 (ix), #0x01
      000E44 AF               [ 4] 2441 	xor	a, a
      000E45 DD 77 F4         [19] 2442 	ld	-12 (ix), a
      000E48 DD 77 F5         [19] 2443 	ld	-11 (ix), a
      000E4B DD 77 F6         [19] 2444 	ld	-10 (ix), a
      000E4E C3rEEr0E         [10] 2445 	jp	00112$
      000E51                       2446 00111$:
                                   2447 ;ff.c:1554: cs = get_fat(obj, clst);			/* Check the cluster status */
      000E51 DD 6E 06         [19] 2448 	ld	l, 6 (ix)
                                   2449 ;	spillPairReg hl
                                   2450 ;	spillPairReg hl
      000E54 DD 66 07         [19] 2451 	ld	h, 7 (ix)
                                   2452 ;	spillPairReg hl
                                   2453 ;	spillPairReg hl
      000E57 E5               [11] 2454 	push	hl
      000E58 DD 6E 04         [19] 2455 	ld	l, 4 (ix)
                                   2456 ;	spillPairReg hl
                                   2457 ;	spillPairReg hl
      000E5B DD 66 05         [19] 2458 	ld	h, 5 (ix)
                                   2459 ;	spillPairReg hl
                                   2460 ;	spillPairReg hl
      000E5E E5               [11] 2461 	push	hl
      000E5F DD 6E FA         [19] 2462 	ld	l, -6 (ix)
                                   2463 ;	spillPairReg hl
                                   2464 ;	spillPairReg hl
      000E62 DD 66 FB         [19] 2465 	ld	h, -5 (ix)
                                   2466 ;	spillPairReg hl
                                   2467 ;	spillPairReg hl
      000E65 CDrAEr05         [17] 2468 	call	_get_fat
      000E68 F1               [10] 2469 	pop	af
      000E69 F1               [10] 2470 	pop	af
      000E6A DD 73 FC         [19] 2471 	ld	-4 (ix), e
      000E6D DD 72 FD         [19] 2472 	ld	-3 (ix), d
      000E70 DD 75 FE         [19] 2473 	ld	-2 (ix), l
      000E73 DD 74 FF         [19] 2474 	ld	-1 (ix), h
                                   2475 ;ff.c:1555: if (cs < 2) return 1;				/* Test for insanity */
      000E76 DD 7E FC         [19] 2476 	ld	a, -4 (ix)
      000E79 D6 02            [ 7] 2477 	sub	a, #0x02
      000E7B DD 7E FD         [19] 2478 	ld	a, -3 (ix)
      000E7E DE 00            [ 7] 2479 	sbc	a, #0x00
      000E80 DD 7E FE         [19] 2480 	ld	a, -2 (ix)
      000E83 DE 00            [ 7] 2481 	sbc	a, #0x00
      000E85 DD 7E FF         [19] 2482 	ld	a, -1 (ix)
      000E88 DE 00            [ 7] 2483 	sbc	a, #0x00
      000E8A 30 08            [12] 2484 	jr	NC, 00105$
      000E8C 11 01 00         [10] 2485 	ld	de, #0x0001
      000E8F 6A               [ 4] 2486 	ld	l, d
      000E90 62               [ 4] 2487 	ld	h, d
      000E91 C3r16r12         [10] 2488 	jp	00152$
      000E94                       2489 00105$:
                                   2490 ;ff.c:1556: if (cs == 0xFFFFFFFF) return cs;	/* Test for disk error */
      000E94 DD 7E FC         [19] 2491 	ld	a, -4 (ix)
      000E97 DD A6 FD         [19] 2492 	and	a, -3 (ix)
      000E9A DD A6 FE         [19] 2493 	and	a, -2 (ix)
      000E9D DD A6 FF         [19] 2494 	and	a, -1 (ix)
      000EA0 3C               [ 4] 2495 	inc	a
      000EA1 20 0F            [12] 2496 	jr	NZ, 00107$
      000EA3 DD 5E FC         [19] 2497 	ld	e, -4 (ix)
      000EA6 DD 56 FD         [19] 2498 	ld	d, -3 (ix)
      000EA9 DD 6E FE         [19] 2499 	ld	l, -2 (ix)
                                   2500 ;	spillPairReg hl
                                   2501 ;	spillPairReg hl
      000EAC DD 66 FF         [19] 2502 	ld	h, -1 (ix)
                                   2503 ;	spillPairReg hl
                                   2504 ;	spillPairReg hl
      000EAF C3r16r12         [10] 2505 	jp	00152$
      000EB2                       2506 00107$:
                                   2507 ;ff.c:1557: if (cs < fs->n_fatent) return cs;	/* It is already followed by next cluster */
      000EB2 DD 6E F1         [19] 2508 	ld	l, -15 (ix)
      000EB5 DD 66 F2         [19] 2509 	ld	h, -14 (ix)
      000EB8 4E               [ 7] 2510 	ld	c, (hl)
      000EB9 23               [ 6] 2511 	inc	hl
      000EBA 46               [ 7] 2512 	ld	b, (hl)
      000EBB 23               [ 6] 2513 	inc	hl
      000EBC 5E               [ 7] 2514 	ld	e, (hl)
      000EBD 23               [ 6] 2515 	inc	hl
      000EBE 56               [ 7] 2516 	ld	d, (hl)
      000EBF DD 7E FC         [19] 2517 	ld	a, -4 (ix)
      000EC2 91               [ 4] 2518 	sub	a, c
      000EC3 DD 7E FD         [19] 2519 	ld	a, -3 (ix)
      000EC6 98               [ 4] 2520 	sbc	a, b
      000EC7 DD 7E FE         [19] 2521 	ld	a, -2 (ix)
      000ECA 9B               [ 4] 2522 	sbc	a, e
      000ECB DD 7E FF         [19] 2523 	ld	a, -1 (ix)
      000ECE 9A               [ 4] 2524 	sbc	a, d
      000ECF 30 0F            [12] 2525 	jr	NC, 00109$
      000ED1 DD 5E FC         [19] 2526 	ld	e, -4 (ix)
      000ED4 DD 56 FD         [19] 2527 	ld	d, -3 (ix)
      000ED7 DD 6E FE         [19] 2528 	ld	l, -2 (ix)
                                   2529 ;	spillPairReg hl
                                   2530 ;	spillPairReg hl
      000EDA DD 66 FF         [19] 2531 	ld	h, -1 (ix)
                                   2532 ;	spillPairReg hl
                                   2533 ;	spillPairReg hl
      000EDD C3r16r12         [10] 2534 	jp	00152$
      000EE0                       2535 00109$:
                                   2536 ;ff.c:1558: scl = clst;							/* Cluster to start to find */
      000EE0 21 06 00         [10] 2537 	ld	hl, #6
      000EE3 39               [11] 2538 	add	hl, sp
      000EE4 EB               [ 4] 2539 	ex	de, hl
      000EE5 21 17 00         [10] 2540 	ld	hl, #23
      000EE8 39               [11] 2541 	add	hl, sp
      000EE9 01 04 00         [10] 2542 	ld	bc, #4
      000EEC ED B0            [21] 2543 	ldir
      000EEE                       2544 00112$:
                                   2545 ;ff.c:1560: if (fs->free_clst == 0) return 0;		/* No free cluster */
      000EEE DD 7E ED         [19] 2546 	ld	a, -19 (ix)
      000EF1 C6 10            [ 7] 2547 	add	a, #0x10
      000EF3 DD 77 F7         [19] 2548 	ld	-9 (ix), a
      000EF6 DD 7E EE         [19] 2549 	ld	a, -18 (ix)
      000EF9 CE 00            [ 7] 2550 	adc	a, #0x00
      000EFB DD 77 F8         [19] 2551 	ld	-8 (ix), a
      000EFE DD 6E F7         [19] 2552 	ld	l, -9 (ix)
      000F01 DD 66 F8         [19] 2553 	ld	h, -8 (ix)
      000F04 4E               [ 7] 2554 	ld	c, (hl)
      000F05 23               [ 6] 2555 	inc	hl
      000F06 46               [ 7] 2556 	ld	b, (hl)
      000F07 23               [ 6] 2557 	inc	hl
      000F08 5E               [ 7] 2558 	ld	e, (hl)
      000F09 23               [ 6] 2559 	inc	hl
      000F0A 56               [ 7] 2560 	ld	d, (hl)
      000F0B 7A               [ 4] 2561 	ld	a, d
      000F0C B3               [ 4] 2562 	or	a, e
      000F0D B0               [ 4] 2563 	or	a, b
      000F0E B1               [ 4] 2564 	or	a, c
      000F0F 20 08            [12] 2565 	jr	NZ, 00114$
      000F11 11 00 00         [10] 2566 	ld	de, #0x0000
      000F14 6B               [ 4] 2567 	ld	l, e
      000F15 63               [ 4] 2568 	ld	h, e
      000F16 C3r16r12         [10] 2569 	jp	00152$
      000F19                       2570 00114$:
                                   2571 ;ff.c:1589: ncl = 0;
      000F19 AF               [ 4] 2572 	xor	a, a
      000F1A DD 77 FC         [19] 2573 	ld	-4 (ix), a
      000F1D DD 77 FD         [19] 2574 	ld	-3 (ix), a
      000F20 DD 77 FE         [19] 2575 	ld	-2 (ix), a
      000F23 DD 77 FF         [19] 2576 	ld	-1 (ix), a
                                   2577 ;ff.c:1590: if (scl == clst) {						/* Stretching an existing chain? */
      000F26 DD 7E F3         [19] 2578 	ld	a, -13 (ix)
      000F29 DD 96 04         [19] 2579 	sub	a, 4 (ix)
      000F2C C2r24r10         [10] 2580 	jp	NZ,00126$
      000F2F DD 7E F4         [19] 2581 	ld	a, -12 (ix)
      000F32 DD 96 05         [19] 2582 	sub	a, 5 (ix)
      000F35 C2r24r10         [10] 2583 	jp	NZ,00126$
      000F38 DD 7E F5         [19] 2584 	ld	a, -11 (ix)
      000F3B DD 96 06         [19] 2585 	sub	a, 6 (ix)
      000F3E C2r24r10         [10] 2586 	jp	NZ,00126$
      000F41 DD 7E F6         [19] 2587 	ld	a, -10 (ix)
      000F44 DD 96 07         [19] 2588 	sub	a, 7 (ix)
      000F47 C2r24r10         [10] 2589 	jp	NZ,00126$
                                   2590 ;ff.c:1591: ncl = scl + 1;						/* Test if next cluster is free */
      000F4A DD 7E F3         [19] 2591 	ld	a, -13 (ix)
      000F4D C6 01            [ 7] 2592 	add	a, #0x01
      000F4F DD 77 FC         [19] 2593 	ld	-4 (ix), a
      000F52 DD 7E F4         [19] 2594 	ld	a, -12 (ix)
      000F55 CE 00            [ 7] 2595 	adc	a, #0x00
      000F57 DD 77 FD         [19] 2596 	ld	-3 (ix), a
      000F5A DD 7E F5         [19] 2597 	ld	a, -11 (ix)
      000F5D CE 00            [ 7] 2598 	adc	a, #0x00
      000F5F DD 77 FE         [19] 2599 	ld	-2 (ix), a
      000F62 DD 7E F6         [19] 2600 	ld	a, -10 (ix)
      000F65 CE 00            [ 7] 2601 	adc	a, #0x00
      000F67 DD 77 FF         [19] 2602 	ld	-1 (ix), a
                                   2603 ;ff.c:1592: if (ncl >= fs->n_fatent) ncl = 2;
      000F6A DD 6E F1         [19] 2604 	ld	l, -15 (ix)
      000F6D DD 66 F2         [19] 2605 	ld	h, -14 (ix)
      000F70 4E               [ 7] 2606 	ld	c, (hl)
      000F71 23               [ 6] 2607 	inc	hl
      000F72 46               [ 7] 2608 	ld	b, (hl)
      000F73 23               [ 6] 2609 	inc	hl
      000F74 5E               [ 7] 2610 	ld	e, (hl)
      000F75 23               [ 6] 2611 	inc	hl
      000F76 56               [ 7] 2612 	ld	d, (hl)
      000F77 DD 7E FC         [19] 2613 	ld	a, -4 (ix)
      000F7A 91               [ 4] 2614 	sub	a, c
      000F7B DD 7E FD         [19] 2615 	ld	a, -3 (ix)
      000F7E 98               [ 4] 2616 	sbc	a, b
      000F7F DD 7E FE         [19] 2617 	ld	a, -2 (ix)
      000F82 9B               [ 4] 2618 	sbc	a, e
      000F83 DD 7E FF         [19] 2619 	ld	a, -1 (ix)
      000F86 9A               [ 4] 2620 	sbc	a, d
      000F87 38 0E            [12] 2621 	jr	C, 00116$
      000F89 DD 36 FC 02      [19] 2622 	ld	-4 (ix), #0x02
      000F8D AF               [ 4] 2623 	xor	a, a
      000F8E DD 77 FD         [19] 2624 	ld	-3 (ix), a
      000F91 DD 77 FE         [19] 2625 	ld	-2 (ix), a
      000F94 DD 77 FF         [19] 2626 	ld	-1 (ix), a
      000F97                       2627 00116$:
                                   2628 ;ff.c:1593: cs = get_fat(obj, ncl);				/* Get next cluster status */
      000F97 DD 6E FE         [19] 2629 	ld	l, -2 (ix)
                                   2630 ;	spillPairReg hl
                                   2631 ;	spillPairReg hl
      000F9A DD 66 FF         [19] 2632 	ld	h, -1 (ix)
                                   2633 ;	spillPairReg hl
                                   2634 ;	spillPairReg hl
      000F9D E5               [11] 2635 	push	hl
      000F9E DD 6E FC         [19] 2636 	ld	l, -4 (ix)
                                   2637 ;	spillPairReg hl
                                   2638 ;	spillPairReg hl
      000FA1 DD 66 FD         [19] 2639 	ld	h, -3 (ix)
                                   2640 ;	spillPairReg hl
                                   2641 ;	spillPairReg hl
      000FA4 E5               [11] 2642 	push	hl
      000FA5 DD 6E FA         [19] 2643 	ld	l, -6 (ix)
                                   2644 ;	spillPairReg hl
                                   2645 ;	spillPairReg hl
      000FA8 DD 66 FB         [19] 2646 	ld	h, -5 (ix)
                                   2647 ;	spillPairReg hl
                                   2648 ;	spillPairReg hl
      000FAB CDrAEr05         [17] 2649 	call	_get_fat
      000FAE F1               [10] 2650 	pop	af
      000FAF F1               [10] 2651 	pop	af
                                   2652 ;ff.c:1594: if (cs == 1 || cs == 0xFFFFFFFF) return cs;	/* Test for error */
      000FB0 7B               [ 4] 2653 	ld	a, e
      000FB1 3D               [ 4] 2654 	dec	a
      000FB2 B2               [ 4] 2655 	or	a, d
      000FB3 B5               [ 4] 2656 	or	a, l
      000FB4 B4               [ 4] 2657 	or	a, h
      000FB5 CAr16r12         [10] 2658 	jp	Z,00152$
      000FB8 7B               [ 4] 2659 	ld	a, e
      000FB9 A2               [ 4] 2660 	and	a, d
      000FBA A5               [ 4] 2661 	and	a, l
      000FBB A4               [ 4] 2662 	and	a, h
      000FBC 3C               [ 4] 2663 	inc	a
      000FBD CAr16r12         [10] 2664 	jp	Z,00152$
                                   2665 ;ff.c:1595: if (cs != 0) {						/* Not free? */
      000FC0 7C               [ 4] 2666 	ld	a, h
      000FC1 B5               [ 4] 2667 	or	a, l
      000FC2 B2               [ 4] 2668 	or	a, d
      000FC3 B3               [ 4] 2669 	or	a, e
      000FC4 28 5E            [12] 2670 	jr	Z, 00126$
                                   2671 ;ff.c:1596: cs = fs->last_clst;				/* Start at suggested cluster if it is valid */
      000FC6 E1               [10] 2672 	pop	hl
      000FC7 D1               [10] 2673 	pop	de
      000FC8 D5               [11] 2674 	push	de
      000FC9 E5               [11] 2675 	push	hl
      000FCA 21 0F 00         [10] 2676 	ld	hl, #15
      000FCD 39               [11] 2677 	add	hl, sp
      000FCE EB               [ 4] 2678 	ex	de, hl
      000FCF 01 04 00         [10] 2679 	ld	bc, #0x0004
      000FD2 ED B0            [21] 2680 	ldir
                                   2681 ;ff.c:1597: if (cs >= 2 && cs < fs->n_fatent) scl = cs;
      000FD4 DD 7E FC         [19] 2682 	ld	a, -4 (ix)
      000FD7 D6 02            [ 7] 2683 	sub	a, #0x02
      000FD9 DD 7E FD         [19] 2684 	ld	a, -3 (ix)
      000FDC DE 00            [ 7] 2685 	sbc	a, #0x00
      000FDE DD 7E FE         [19] 2686 	ld	a, -2 (ix)
      000FE1 DE 00            [ 7] 2687 	sbc	a, #0x00
      000FE3 DD 7E FF         [19] 2688 	ld	a, -1 (ix)
      000FE6 DE 00            [ 7] 2689 	sbc	a, #0x00
      000FE8 38 2D            [12] 2690 	jr	C, 00121$
      000FEA DD 6E F1         [19] 2691 	ld	l, -15 (ix)
      000FED DD 66 F2         [19] 2692 	ld	h, -14 (ix)
      000FF0 4E               [ 7] 2693 	ld	c, (hl)
      000FF1 23               [ 6] 2694 	inc	hl
      000FF2 46               [ 7] 2695 	ld	b, (hl)
      000FF3 23               [ 6] 2696 	inc	hl
      000FF4 5E               [ 7] 2697 	ld	e, (hl)
      000FF5 23               [ 6] 2698 	inc	hl
      000FF6 56               [ 7] 2699 	ld	d, (hl)
      000FF7 DD 7E FC         [19] 2700 	ld	a, -4 (ix)
      000FFA 91               [ 4] 2701 	sub	a, c
      000FFB DD 7E FD         [19] 2702 	ld	a, -3 (ix)
      000FFE 98               [ 4] 2703 	sbc	a, b
      000FFF DD 7E FE         [19] 2704 	ld	a, -2 (ix)
      001002 9B               [ 4] 2705 	sbc	a, e
      001003 DD 7E FF         [19] 2706 	ld	a, -1 (ix)
      001006 9A               [ 4] 2707 	sbc	a, d
      001007 30 0E            [12] 2708 	jr	NC, 00121$
      001009 21 06 00         [10] 2709 	ld	hl, #6
      00100C 39               [11] 2710 	add	hl, sp
      00100D EB               [ 4] 2711 	ex	de, hl
      00100E 21 0F 00         [10] 2712 	ld	hl, #15
      001011 39               [11] 2713 	add	hl, sp
      001012 01 04 00         [10] 2714 	ld	bc, #4
      001015 ED B0            [21] 2715 	ldir
      001017                       2716 00121$:
                                   2717 ;ff.c:1598: ncl = 0;
      001017 AF               [ 4] 2718 	xor	a, a
      001018 DD 77 FC         [19] 2719 	ld	-4 (ix), a
      00101B DD 77 FD         [19] 2720 	ld	-3 (ix), a
      00101E DD 77 FE         [19] 2721 	ld	-2 (ix), a
      001021 DD 77 FF         [19] 2722 	ld	-1 (ix), a
      001024                       2723 00126$:
                                   2724 ;ff.c:1601: if (ncl == 0) {	/* The new cluster cannot be contiguous and find another fragment */
      001024 DD 7E FF         [19] 2725 	ld	a, -1 (ix)
      001027 DD B6 FE         [19] 2726 	or	a, -2 (ix)
      00102A DD B6 FD         [19] 2727 	or	a, -3 (ix)
      00102D DD B6 FC         [19] 2728 	or	a, -4 (ix)
      001030 C2r09r11         [10] 2729 	jp	NZ, 00140$
                                   2730 ;ff.c:1602: ncl = scl;	/* Start cluster */
      001033 21 0F 00         [10] 2731 	ld	hl, #15
      001036 39               [11] 2732 	add	hl, sp
      001037 EB               [ 4] 2733 	ex	de, hl
      001038 21 06 00         [10] 2734 	ld	hl, #6
      00103B 39               [11] 2735 	add	hl, sp
      00103C 01 04 00         [10] 2736 	ld	bc, #4
      00103F ED B0            [21] 2737 	ldir
      001041 DD 7E F3         [19] 2738 	ld	a, -13 (ix)
      001044 D6 02            [ 7] 2739 	sub	a, #0x02
      001046 DD 7E F4         [19] 2740 	ld	a, -12 (ix)
      001049 DE 00            [ 7] 2741 	sbc	a, #0x00
      00104B DD 7E F5         [19] 2742 	ld	a, -11 (ix)
      00104E DE 00            [ 7] 2743 	sbc	a, #0x00
      001050 DD 7E F6         [19] 2744 	ld	a, -10 (ix)
      001053 DE 00            [ 7] 2745 	sbc	a, #0x00
      001055 3E 00            [ 7] 2746 	ld	a, #0x00
      001057 17               [ 4] 2747 	rla
      001058 DD 77 F9         [19] 2748 	ld	-7 (ix), a
      00105B DD 4E F1         [19] 2749 	ld	c, -15 (ix)
      00105E DD 46 F2         [19] 2750 	ld	b, -14 (ix)
      001061                       2751 00150$:
                                   2752 ;ff.c:1604: ncl++;							/* Next cluster */
      001061 DD 34 FC         [23] 2753 	inc	-4 (ix)
      001064 20 0D            [12] 2754 	jr	NZ, 00288$
      001066 DD 34 FD         [23] 2755 	inc	-3 (ix)
      001069 20 08            [12] 2756 	jr	NZ, 00288$
      00106B DD 34 FE         [23] 2757 	inc	-2 (ix)
      00106E 20 03            [12] 2758 	jr	NZ, 00288$
      001070 DD 34 FF         [23] 2759 	inc	-1 (ix)
      001073                       2760 00288$:
                                   2761 ;ff.c:1605: if (ncl >= fs->n_fatent) {		/* Check wrap-around */
      001073 69               [ 4] 2762 	ld	l, c
      001074 60               [ 4] 2763 	ld	h, b
      001075 5E               [ 7] 2764 	ld	e, (hl)
      001076 23               [ 6] 2765 	inc	hl
      001077 56               [ 7] 2766 	ld	d, (hl)
      001078 23               [ 6] 2767 	inc	hl
      001079 23               [ 6] 2768 	inc	hl
      00107A 7E               [ 7] 2769 	ld	a, (hl)
      00107B 2B               [ 6] 2770 	dec	hl
      00107C 6E               [ 7] 2771 	ld	l, (hl)
                                   2772 ;	spillPairReg hl
      00107D 67               [ 4] 2773 	ld	h, a
                                   2774 ;	spillPairReg hl
                                   2775 ;	spillPairReg hl
      00107E DD 7E FC         [19] 2776 	ld	a, -4 (ix)
      001081 93               [ 4] 2777 	sub	a, e
      001082 DD 7E FD         [19] 2778 	ld	a, -3 (ix)
      001085 9A               [ 4] 2779 	sbc	a, d
      001086 DD 7E FE         [19] 2780 	ld	a, -2 (ix)
      001089 9D               [ 4] 2781 	sbc	a, l
      00108A DD 7E FF         [19] 2782 	ld	a, -1 (ix)
      00108D 9C               [ 4] 2783 	sbc	a, h
      00108E 38 1C            [12] 2784 	jr	C, 00130$
                                   2785 ;ff.c:1606: ncl = 2;
      001090 DD 36 FC 02      [19] 2786 	ld	-4 (ix), #0x02
      001094 AF               [ 4] 2787 	xor	a, a
      001095 DD 77 FD         [19] 2788 	ld	-3 (ix), a
      001098 DD 77 FE         [19] 2789 	ld	-2 (ix), a
      00109B DD 77 FF         [19] 2790 	ld	-1 (ix), a
                                   2791 ;ff.c:1607: if (ncl > scl) return 0;	/* No free cluster found? */
      00109E DD 7E F9         [19] 2792 	ld	a, -7 (ix)
      0010A1 B7               [ 4] 2793 	or	a, a
      0010A2 28 08            [12] 2794 	jr	Z, 00130$
      0010A4 11 00 00         [10] 2795 	ld	de, #0x0000
      0010A7 6B               [ 4] 2796 	ld	l, e
      0010A8 63               [ 4] 2797 	ld	h, e
      0010A9 C3r16r12         [10] 2798 	jp	00152$
      0010AC                       2799 00130$:
                                   2800 ;ff.c:1609: cs = get_fat(obj, ncl);			/* Get the cluster status */
      0010AC C5               [11] 2801 	push	bc
      0010AD DD 6E FE         [19] 2802 	ld	l, -2 (ix)
                                   2803 ;	spillPairReg hl
                                   2804 ;	spillPairReg hl
      0010B0 DD 66 FF         [19] 2805 	ld	h, -1 (ix)
                                   2806 ;	spillPairReg hl
                                   2807 ;	spillPairReg hl
      0010B3 E5               [11] 2808 	push	hl
      0010B4 DD 6E FC         [19] 2809 	ld	l, -4 (ix)
                                   2810 ;	spillPairReg hl
                                   2811 ;	spillPairReg hl
      0010B7 DD 66 FD         [19] 2812 	ld	h, -3 (ix)
                                   2813 ;	spillPairReg hl
                                   2814 ;	spillPairReg hl
      0010BA E5               [11] 2815 	push	hl
      0010BB DD 6E FA         [19] 2816 	ld	l, -6 (ix)
                                   2817 ;	spillPairReg hl
                                   2818 ;	spillPairReg hl
      0010BE DD 66 FB         [19] 2819 	ld	h, -5 (ix)
                                   2820 ;	spillPairReg hl
                                   2821 ;	spillPairReg hl
      0010C1 CDrAEr05         [17] 2822 	call	_get_fat
      0010C4 F1               [10] 2823 	pop	af
      0010C5 F1               [10] 2824 	pop	af
      0010C6 C1               [10] 2825 	pop	bc
                                   2826 ;ff.c:1610: if (cs == 0) break;				/* Found a free cluster? */
      0010C7 7C               [ 4] 2827 	ld	a, h
      0010C8 B5               [ 4] 2828 	or	a, l
      0010C9 B2               [ 4] 2829 	or	a, d
      0010CA B3               [ 4] 2830 	or	a, e
      0010CB 28 3C            [12] 2831 	jr	Z, 00140$
                                   2832 ;ff.c:1611: if (cs == 1 || cs == 0xFFFFFFFF) return cs;	/* Test for error */
      0010CD 7B               [ 4] 2833 	ld	a, e
      0010CE 3D               [ 4] 2834 	dec	a
      0010CF B2               [ 4] 2835 	or	a, d
      0010D0 B5               [ 4] 2836 	or	a, l
      0010D1 B4               [ 4] 2837 	or	a, h
      0010D2 CAr16r12         [10] 2838 	jp	Z,00152$
      0010D5 7B               [ 4] 2839 	ld	a, e
      0010D6 A2               [ 4] 2840 	and	a, d
      0010D7 A5               [ 4] 2841 	and	a, l
      0010D8 A4               [ 4] 2842 	and	a, h
      0010D9 3C               [ 4] 2843 	inc	a
      0010DA CAr16r12         [10] 2844 	jp	Z,00152$
                                   2845 ;ff.c:1612: if (ncl == scl) return 0;		/* No free cluster found? */
      0010DD DD 7E FC         [19] 2846 	ld	a, -4 (ix)
      0010E0 DD 96 F3         [19] 2847 	sub	a, -13 (ix)
      0010E3 C2r61r10         [10] 2848 	jp	NZ,00150$
      0010E6 DD 7E FD         [19] 2849 	ld	a, -3 (ix)
      0010E9 DD 96 F4         [19] 2850 	sub	a, -12 (ix)
      0010EC C2r61r10         [10] 2851 	jp	NZ,00150$
      0010EF DD 7E FE         [19] 2852 	ld	a, -2 (ix)
      0010F2 DD 96 F5         [19] 2853 	sub	a, -11 (ix)
      0010F5 C2r61r10         [10] 2854 	jp	NZ,00150$
      0010F8 DD 7E FF         [19] 2855 	ld	a, -1 (ix)
      0010FB DD 96 F6         [19] 2856 	sub	a, -10 (ix)
      0010FE C2r61r10         [10] 2857 	jp	NZ,00150$
      001101 11 00 00         [10] 2858 	ld	de, #0x0000
      001104 6B               [ 4] 2859 	ld	l, e
      001105 63               [ 4] 2860 	ld	h, e
      001106 C3r16r12         [10] 2861 	jp	00152$
      001109                       2862 00140$:
                                   2863 ;ff.c:1615: res = put_fat(fs, ncl, 0xFFFFFFFF);		/* Mark the new cluster 'EOC' */
      001109 21 FF FF         [10] 2864 	ld	hl, #0xffff
      00110C E5               [11] 2865 	push	hl
      00110D E5               [11] 2866 	push	hl
      00110E DD 6E FE         [19] 2867 	ld	l, -2 (ix)
                                   2868 ;	spillPairReg hl
                                   2869 ;	spillPairReg hl
      001111 DD 66 FF         [19] 2870 	ld	h, -1 (ix)
                                   2871 ;	spillPairReg hl
                                   2872 ;	spillPairReg hl
      001114 E5               [11] 2873 	push	hl
      001115 DD 6E FC         [19] 2874 	ld	l, -4 (ix)
                                   2875 ;	spillPairReg hl
                                   2876 ;	spillPairReg hl
      001118 DD 66 FD         [19] 2877 	ld	h, -3 (ix)
                                   2878 ;	spillPairReg hl
                                   2879 ;	spillPairReg hl
      00111B E5               [11] 2880 	push	hl
      00111C DD 6E ED         [19] 2881 	ld	l, -19 (ix)
                                   2882 ;	spillPairReg hl
                                   2883 ;	spillPairReg hl
      00111F DD 66 EE         [19] 2884 	ld	h, -18 (ix)
                                   2885 ;	spillPairReg hl
                                   2886 ;	spillPairReg hl
      001122 CDr7Br08         [17] 2887 	call	_put_fat
                                   2888 ;ff.c:1616: if (res == FR_OK && clst != 0) {
      001125 4F               [ 4] 2889 	ld	c, a
      001126 B7               [ 4] 2890 	or	a, a
      001127 20 34            [12] 2891 	jr	NZ, 00142$
      001129 DD 7E 07         [19] 2892 	ld	a, 7 (ix)
      00112C DD B6 06         [19] 2893 	or	a, 6 (ix)
      00112F DD B6 05         [19] 2894 	or	a, 5 (ix)
      001132 DD B6 04         [19] 2895 	or	a, 4 (ix)
      001135 28 26            [12] 2896 	jr	Z, 00142$
                                   2897 ;ff.c:1617: res = put_fat(fs, clst, ncl);		/* Link it from the previous one if needed */
      001137 DD 6E FE         [19] 2898 	ld	l, -2 (ix)
                                   2899 ;	spillPairReg hl
                                   2900 ;	spillPairReg hl
      00113A DD 66 FF         [19] 2901 	ld	h, -1 (ix)
                                   2902 ;	spillPairReg hl
                                   2903 ;	spillPairReg hl
      00113D E5               [11] 2904 	push	hl
      00113E DD 6E FC         [19] 2905 	ld	l, -4 (ix)
                                   2906 ;	spillPairReg hl
                                   2907 ;	spillPairReg hl
      001141 DD 66 FD         [19] 2908 	ld	h, -3 (ix)
                                   2909 ;	spillPairReg hl
                                   2910 ;	spillPairReg hl
      001144 E5               [11] 2911 	push	hl
      001145 DD 6E 06         [19] 2912 	ld	l, 6 (ix)
                                   2913 ;	spillPairReg hl
                                   2914 ;	spillPairReg hl
      001148 DD 66 07         [19] 2915 	ld	h, 7 (ix)
                                   2916 ;	spillPairReg hl
                                   2917 ;	spillPairReg hl
      00114B E5               [11] 2918 	push	hl
      00114C DD 6E 04         [19] 2919 	ld	l, 4 (ix)
                                   2920 ;	spillPairReg hl
                                   2921 ;	spillPairReg hl
      00114F DD 66 05         [19] 2922 	ld	h, 5 (ix)
                                   2923 ;	spillPairReg hl
                                   2924 ;	spillPairReg hl
      001152 E5               [11] 2925 	push	hl
      001153 DD 6E ED         [19] 2926 	ld	l, -19 (ix)
                                   2927 ;	spillPairReg hl
                                   2928 ;	spillPairReg hl
      001156 DD 66 EE         [19] 2929 	ld	h, -18 (ix)
                                   2930 ;	spillPairReg hl
                                   2931 ;	spillPairReg hl
      001159 CDr7Br08         [17] 2932 	call	_put_fat
      00115C 4F               [ 4] 2933 	ld	c, a
      00115D                       2934 00142$:
                                   2935 ;ff.c:1621: if (res == FR_OK) {			/* Update allocation information if the function succeeded */
      00115D 79               [ 4] 2936 	ld	a, c
      00115E B7               [ 4] 2937 	or	a, a
      00115F C2rEDr11         [10] 2938 	jp	NZ, 00148$
                                   2939 ;ff.c:1622: fs->last_clst = ncl;
      001162 DD 5E EF         [19] 2940 	ld	e, -17 (ix)
      001165 DD 56 F0         [19] 2941 	ld	d, -16 (ix)
      001168 21 0F 00         [10] 2942 	ld	hl, #15
      00116B 39               [11] 2943 	add	hl, sp
      00116C 01 04 00         [10] 2944 	ld	bc, #0x0004
      00116F ED B0            [21] 2945 	ldir
                                   2946 ;ff.c:1623: if (fs->free_clst > 0 && fs->free_clst <= fs->n_fatent - 2) {
      001171 DD 5E F7         [19] 2947 	ld	e, -9 (ix)
      001174 DD 56 F8         [19] 2948 	ld	d, -8 (ix)
      001177 21 06 00         [10] 2949 	ld	hl, #6
      00117A 39               [11] 2950 	add	hl, sp
      00117B EB               [ 4] 2951 	ex	de, hl
      00117C 01 04 00         [10] 2952 	ld	bc, #0x0004
      00117F ED B0            [21] 2953 	ldir
      001181 DD 7E F6         [19] 2954 	ld	a, -10 (ix)
      001184 DD B6 F5         [19] 2955 	or	a, -11 (ix)
      001187 DD B6 F4         [19] 2956 	or	a, -12 (ix)
      00118A DD B6 F3         [19] 2957 	or	a, -13 (ix)
      00118D 28 7B            [12] 2958 	jr	Z, 00149$
      00118F DD 6E F1         [19] 2959 	ld	l, -15 (ix)
      001192 DD 66 F2         [19] 2960 	ld	h, -14 (ix)
      001195 4E               [ 7] 2961 	ld	c, (hl)
      001196 23               [ 6] 2962 	inc	hl
      001197 46               [ 7] 2963 	ld	b, (hl)
      001198 23               [ 6] 2964 	inc	hl
      001199 5E               [ 7] 2965 	ld	e, (hl)
      00119A 23               [ 6] 2966 	inc	hl
      00119B 56               [ 7] 2967 	ld	d, (hl)
      00119C 79               [ 4] 2968 	ld	a, c
      00119D C6 FE            [ 7] 2969 	add	a, #0xfe
      00119F 4F               [ 4] 2970 	ld	c, a
      0011A0 78               [ 4] 2971 	ld	a, b
      0011A1 CE FF            [ 7] 2972 	adc	a, #0xff
      0011A3 47               [ 4] 2973 	ld	b, a
      0011A4 7B               [ 4] 2974 	ld	a, e
      0011A5 CE FF            [ 7] 2975 	adc	a, #0xff
      0011A7 5F               [ 4] 2976 	ld	e, a
      0011A8 7A               [ 4] 2977 	ld	a, d
      0011A9 CE FF            [ 7] 2978 	adc	a, #0xff
      0011AB 57               [ 4] 2979 	ld	d, a
      0011AC 79               [ 4] 2980 	ld	a, c
      0011AD DD 96 F3         [19] 2981 	sub	a, -13 (ix)
      0011B0 78               [ 4] 2982 	ld	a, b
      0011B1 DD 9E F4         [19] 2983 	sbc	a, -12 (ix)
      0011B4 7B               [ 4] 2984 	ld	a, e
      0011B5 DD 9E F5         [19] 2985 	sbc	a, -11 (ix)
      0011B8 7A               [ 4] 2986 	ld	a, d
      0011B9 DD 9E F6         [19] 2987 	sbc	a, -10 (ix)
      0011BC 38 4C            [12] 2988 	jr	C, 00149$
                                   2989 ;ff.c:1624: fs->free_clst--;
      0011BE DD 7E F3         [19] 2990 	ld	a, -13 (ix)
      0011C1 C6 FF            [ 7] 2991 	add	a, #0xff
      0011C3 4F               [ 4] 2992 	ld	c, a
      0011C4 DD 7E F4         [19] 2993 	ld	a, -12 (ix)
      0011C7 CE FF            [ 7] 2994 	adc	a, #0xff
      0011C9 47               [ 4] 2995 	ld	b, a
      0011CA DD 7E F5         [19] 2996 	ld	a, -11 (ix)
      0011CD CE FF            [ 7] 2997 	adc	a, #0xff
      0011CF 5F               [ 4] 2998 	ld	e, a
      0011D0 DD 7E F6         [19] 2999 	ld	a, -10 (ix)
      0011D3 CE FF            [ 7] 3000 	adc	a, #0xff
      0011D5 57               [ 4] 3001 	ld	d, a
      0011D6 DD 6E F7         [19] 3002 	ld	l, -9 (ix)
      0011D9 DD 66 F8         [19] 3003 	ld	h, -8 (ix)
      0011DC 71               [ 7] 3004 	ld	(hl), c
      0011DD 23               [ 6] 3005 	inc	hl
      0011DE 70               [ 7] 3006 	ld	(hl), b
      0011DF 23               [ 6] 3007 	inc	hl
      0011E0 73               [ 7] 3008 	ld	(hl), e
      0011E1 23               [ 6] 3009 	inc	hl
      0011E2 72               [ 7] 3010 	ld	(hl), d
                                   3011 ;ff.c:1625: fs->fsi_flag |= 1;
      0011E3 E1               [10] 3012 	pop	hl
      0011E4 E5               [11] 3013 	push	hl
      0011E5 11 05 00         [10] 3014 	ld	de, #0x0005
      0011E8 19               [11] 3015 	add	hl, de
      0011E9 CB C6            [15] 3016 	set	0, (hl)
      0011EB 18 1D            [12] 3017 	jr	00149$
      0011ED                       3018 00148$:
                                   3019 ;ff.c:1628: ncl = (res == FR_DISK_ERR) ? 0xFFFFFFFF : 1;	/* Failed. Generate error status */
      0011ED 0D               [ 4] 3020 	dec	c
      0011EE 20 08            [12] 3021 	jr	NZ, 00154$
      0011F0 01 FF FF         [10] 3022 	ld	bc, #0xffff
      0011F3 11 FF FF         [10] 3023 	ld	de, #0xffff
      0011F6 18 06            [12] 3024 	jr	00155$
      0011F8                       3025 00154$:
      0011F8 01 01 00         [10] 3026 	ld	bc, #0x0001
      0011FB 11 00 00         [10] 3027 	ld	de, #0x0000
      0011FE                       3028 00155$:
      0011FE DD 71 FC         [19] 3029 	ld	-4 (ix), c
      001201 DD 70 FD         [19] 3030 	ld	-3 (ix), b
      001204 DD 73 FE         [19] 3031 	ld	-2 (ix), e
      001207 DD 72 FF         [19] 3032 	ld	-1 (ix), d
      00120A                       3033 00149$:
                                   3034 ;ff.c:1631: return ncl;		/* Return new cluster number or error status */
      00120A DD 5E FC         [19] 3035 	ld	e, -4 (ix)
      00120D DD 56 FD         [19] 3036 	ld	d, -3 (ix)
      001210 DD 6E FE         [19] 3037 	ld	l, -2 (ix)
                                   3038 ;	spillPairReg hl
                                   3039 ;	spillPairReg hl
      001213 DD 66 FF         [19] 3040 	ld	h, -1 (ix)
                                   3041 ;	spillPairReg hl
                                   3042 ;	spillPairReg hl
      001216                       3043 00152$:
                                   3044 ;ff.c:1632: }
      001216 DD F9            [10] 3045 	ld	sp, ix
      001218 DD E1            [14] 3046 	pop	ix
      00121A C9               [10] 3047 	ret
                                   3048 ;ff.c:1675: static FRESULT dir_clear (	/* Returns FR_OK or FR_DISK_ERR */
                                   3049 ;	---------------------------------
                                   3050 ; Function dir_clear
                                   3051 ; ---------------------------------
      00121B                       3052 _dir_clear:
      00121B DD E5            [15] 3053 	push	ix
      00121D DD 21 00 00      [14] 3054 	ld	ix,#0
      001221 DD 39            [15] 3055 	add	ix,sp
      001223 FD 21 EE FF      [14] 3056 	ld	iy, #-18
      001227 FD 39            [15] 3057 	add	iy, sp
      001229 FD F9            [10] 3058 	ld	sp, iy
                                   3059 ;ff.c:1685: if (sync_window(fs) != FR_OK) return FR_DISK_ERR;	/* Flush disk access window */
                                   3060 ;	spillPairReg hl
                                   3061 ;	spillPairReg hl
      00122B DD 75 FC         [19] 3062 	ld	-4 (ix), l
      00122E DD 74 FD         [19] 3063 	ld	-3 (ix), h
                                   3064 ;	spillPairReg hl
                                   3065 ;	spillPairReg hl
      001231 CDr6Er01         [17] 3066 	call	_sync_window
      001234 DD 77 FF         [19] 3067 	ld	-1 (ix), a
      001237 B7               [ 4] 3068 	or	a, a
      001238 28 05            [12] 3069 	jr	Z, 00102$
      00123A 3E 01            [ 7] 3070 	ld	a, #0x01
      00123C C3r71r13         [10] 3071 	jp	00108$
      00123F                       3072 00102$:
                                   3073 ;ff.c:1686: sect = clst2sect(fs, clst);		/* Top of the cluster */
      00123F DD 6E 06         [19] 3074 	ld	l, 6 (ix)
                                   3075 ;	spillPairReg hl
                                   3076 ;	spillPairReg hl
      001242 DD 66 07         [19] 3077 	ld	h, 7 (ix)
                                   3078 ;	spillPairReg hl
                                   3079 ;	spillPairReg hl
      001245 E5               [11] 3080 	push	hl
      001246 DD 6E 04         [19] 3081 	ld	l, 4 (ix)
                                   3082 ;	spillPairReg hl
                                   3083 ;	spillPairReg hl
      001249 DD 66 05         [19] 3084 	ld	h, 5 (ix)
                                   3085 ;	spillPairReg hl
                                   3086 ;	spillPairReg hl
      00124C E5               [11] 3087 	push	hl
      00124D DD 6E FC         [19] 3088 	ld	l, -4 (ix)
                                   3089 ;	spillPairReg hl
                                   3090 ;	spillPairReg hl
      001250 DD 66 FD         [19] 3091 	ld	h, -3 (ix)
                                   3092 ;	spillPairReg hl
                                   3093 ;	spillPairReg hl
      001253 CDr02r05         [17] 3094 	call	_clst2sect
      001256 F1               [10] 3095 	pop	af
      001257 F1               [10] 3096 	pop	af
      001258 DD 73 F8         [19] 3097 	ld	-8 (ix), e
      00125B DD 72 F9         [19] 3098 	ld	-7 (ix), d
      00125E DD 75 FA         [19] 3099 	ld	-6 (ix), l
      001261 DD 74 FB         [19] 3100 	ld	-5 (ix), h
      001264 21 00 00         [10] 3101 	ld	hl, #0
      001267 39               [11] 3102 	add	hl, sp
      001268 EB               [ 4] 3103 	ex	de, hl
      001269 21 0A 00         [10] 3104 	ld	hl, #10
      00126C 39               [11] 3105 	add	hl, sp
      00126D 01 04 00         [10] 3106 	ld	bc, #4
      001270 ED B0            [21] 3107 	ldir
                                   3108 ;ff.c:1687: fs->winsect = sect;				/* Set window to top of the cluster */
      001272 DD 7E FC         [19] 3109 	ld	a, -4 (ix)
      001275 C6 1C            [ 7] 3110 	add	a, #0x1c
      001277 DD 77 FE         [19] 3111 	ld	-2 (ix), a
      00127A DD 7E FD         [19] 3112 	ld	a, -3 (ix)
      00127D CE 00            [ 7] 3113 	adc	a, #0x00
      00127F DD 77 FF         [19] 3114 	ld	-1 (ix), a
      001282 DD 5E FE         [19] 3115 	ld	e, -2 (ix)
      001285 DD 56 FF         [19] 3116 	ld	d, -1 (ix)
      001288 21 00 00         [10] 3117 	ld	hl, #0
      00128B 39               [11] 3118 	add	hl, sp
      00128C 01 04 00         [10] 3119 	ld	bc, #0x0004
      00128F ED B0            [21] 3120 	ldir
                                   3121 ;ff.c:1688: memset(fs->win, 0, sizeof fs->win);	/* Clear window buffer */
      001291 DD 7E FC         [19] 3122 	ld	a, -4 (ix)
      001294 C6 30            [ 7] 3123 	add	a, #0x30
      001296 DD 77 FE         [19] 3124 	ld	-2 (ix), a
      001299 DD 7E FD         [19] 3125 	ld	a, -3 (ix)
      00129C CE 00            [ 7] 3126 	adc	a, #0x00
      00129E DD 77 FF         [19] 3127 	ld	-1 (ix), a
      0012A1 DD 6E FE         [19] 3128 	ld	l, -2 (ix)
                                   3129 ;	spillPairReg hl
                                   3130 ;	spillPairReg hl
      0012A4 DD 66 FF         [19] 3131 	ld	h, -1 (ix)
                                   3132 ;	spillPairReg hl
                                   3133 ;	spillPairReg hl
      0012A7 36 00            [10] 3134 	ld	(hl), #0x00
      0012A9 5D               [ 4] 3135 	ld	e, l
      0012AA 54               [ 4] 3136 	ld	d, h
      0012AB 13               [ 6] 3137 	inc	de
      0012AC 01 FF 01         [10] 3138 	ld	bc, #0x01ff
      0012AF ED B0            [21] 3139 	ldir
                                   3140 ;ff.c:1700: ibuf = fs->win; szb = 1;	/* Use window buffer (many single-sector writes may take a time) */
      0012B1 DD 7E FE         [19] 3141 	ld	a, -2 (ix)
      0012B4 DD 77 F2         [19] 3142 	ld	-14 (ix), a
      0012B7 DD 7E FF         [19] 3143 	ld	a, -1 (ix)
      0012BA DD 77 F3         [19] 3144 	ld	-13 (ix), a
                                   3145 ;ff.c:1701: for (n = 0; n < fs->csize && disk_write(fs->pdrv, ibuf, sect + n, szb) == RES_OK; n += szb) ;	/* Fill the cluster with 0 */
      0012BD DD 7E FC         [19] 3146 	ld	a, -4 (ix)
      0012C0 DD 77 F4         [19] 3147 	ld	-12 (ix), a
      0012C3 DD 7E FD         [19] 3148 	ld	a, -3 (ix)
      0012C6 DD 77 F5         [19] 3149 	ld	-11 (ix), a
      0012C9 DD 7E FC         [19] 3150 	ld	a, -4 (ix)
      0012CC C6 0A            [ 7] 3151 	add	a, #0x0a
      0012CE DD 77 F6         [19] 3152 	ld	-10 (ix), a
      0012D1 DD 7E FD         [19] 3153 	ld	a, -3 (ix)
      0012D4 CE 00            [ 7] 3154 	adc	a, #0x00
      0012D6 DD 77 F7         [19] 3155 	ld	-9 (ix), a
      0012D9 AF               [ 4] 3156 	xor	a, a
      0012DA DD 77 FE         [19] 3157 	ld	-2 (ix), a
      0012DD DD 77 FF         [19] 3158 	ld	-1 (ix), a
      0012E0                       3159 00106$:
      0012E0 DD 6E F6         [19] 3160 	ld	l, -10 (ix)
      0012E3 DD 66 F7         [19] 3161 	ld	h, -9 (ix)
      0012E6 7E               [ 7] 3162 	ld	a, (hl)
      0012E7 DD 77 F8         [19] 3163 	ld	-8 (ix), a
      0012EA 23               [ 6] 3164 	inc	hl
      0012EB 7E               [ 7] 3165 	ld	a, (hl)
      0012EC DD 77 F9         [19] 3166 	ld	-7 (ix), a
      0012EF DD 7E FE         [19] 3167 	ld	a, -2 (ix)
      0012F2 DD 77 FA         [19] 3168 	ld	-6 (ix), a
      0012F5 DD 7E FF         [19] 3169 	ld	a, -1 (ix)
      0012F8 DD 77 FB         [19] 3170 	ld	-5 (ix), a
      0012FB DD 7E FA         [19] 3171 	ld	a, -6 (ix)
      0012FE DD 96 F8         [19] 3172 	sub	a, -8 (ix)
      001301 DD 7E FB         [19] 3173 	ld	a, -5 (ix)
      001304 DD 9E F9         [19] 3174 	sbc	a, -7 (ix)
      001307 30 44            [12] 3175 	jr	NC, 00103$
      001309 DD 4E FE         [19] 3176 	ld	c, -2 (ix)
      00130C DD 46 FF         [19] 3177 	ld	b, -1 (ix)
      00130F 11 00 00         [10] 3178 	ld	de, #0x0000
      001312 79               [ 4] 3179 	ld	a, c
      001313 DD 86 EE         [19] 3180 	add	a, -18 (ix)
      001316 4F               [ 4] 3181 	ld	c, a
      001317 78               [ 4] 3182 	ld	a, b
      001318 DD 8E EF         [19] 3183 	adc	a, -17 (ix)
      00131B 47               [ 4] 3184 	ld	b, a
      00131C 7B               [ 4] 3185 	ld	a, e
      00131D DD 8E F0         [19] 3186 	adc	a, -16 (ix)
      001320 5F               [ 4] 3187 	ld	e, a
      001321 7A               [ 4] 3188 	ld	a, d
      001322 DD 8E F1         [19] 3189 	adc	a, -15 (ix)
      001325 57               [ 4] 3190 	ld	d, a
      001326 DD 6E F4         [19] 3191 	ld	l, -12 (ix)
      001329 DD 66 F5         [19] 3192 	ld	h, -11 (ix)
      00132C 23               [ 6] 3193 	inc	hl
      00132D 6E               [ 7] 3194 	ld	l, (hl)
                                   3195 ;	spillPairReg hl
      00132E FD 21 01 00      [14] 3196 	ld	iy, #0x0001
      001332 FD E5            [15] 3197 	push	iy
      001334 D5               [11] 3198 	push	de
      001335 C5               [11] 3199 	push	bc
      001336 DD 5E F2         [19] 3200 	ld	e, -14 (ix)
      001339 DD 56 F3         [19] 3201 	ld	d, -13 (ix)
      00133C 7D               [ 4] 3202 	ld	a, l
      00133D CDr00r00         [17] 3203 	call	_disk_write
      001340 B7               [ 4] 3204 	or	a, a
      001341 20 0A            [12] 3205 	jr	NZ, 00103$
      001343 DD 34 FE         [23] 3206 	inc	-2 (ix)
      001346 20 98            [12] 3207 	jr	NZ, 00106$
      001348 DD 34 FF         [23] 3208 	inc	-1 (ix)
      00134B 18 93            [12] 3209 	jr	00106$
      00134D                       3210 00103$:
                                   3211 ;ff.c:1703: return (n == fs->csize) ? FR_OK : FR_DISK_ERR;
      00134D DD 6E F6         [19] 3212 	ld	l, -10 (ix)
      001350 DD 66 F7         [19] 3213 	ld	h, -9 (ix)
      001353 7E               [ 7] 3214 	ld	a, (hl)
      001354 DD 77 FE         [19] 3215 	ld	-2 (ix), a
      001357 23               [ 6] 3216 	inc	hl
      001358 7E               [ 7] 3217 	ld	a, (hl)
      001359 DD 77 FF         [19] 3218 	ld	-1 (ix), a
      00135C DD 7E FA         [19] 3219 	ld	a, -6 (ix)
      00135F DD 96 FE         [19] 3220 	sub	a, -2 (ix)
      001362 20 0B            [12] 3221 	jr	NZ, 00110$
      001364 DD 7E FB         [19] 3222 	ld	a, -5 (ix)
      001367 DD 96 FF         [19] 3223 	sub	a, -1 (ix)
      00136A 20 03            [12] 3224 	jr	NZ, 00110$
      00136C AF               [ 4] 3225 	xor	a, a
      00136D 18 02            [12] 3226 	jr	00111$
      00136F                       3227 00110$:
      00136F 3E 01            [ 7] 3228 	ld	a, #0x01
      001371                       3229 00111$:
      001371                       3230 00108$:
                                   3231 ;ff.c:1704: }
      001371 DD F9            [10] 3232 	ld	sp, ix
      001373 DD E1            [14] 3233 	pop	ix
      001375 E1               [10] 3234 	pop	hl
      001376 C1               [10] 3235 	pop	bc
      001377 C1               [10] 3236 	pop	bc
      001378 E9               [ 4] 3237 	jp	(hl)
                                   3238 ;ff.c:1714: static FRESULT dir_sdi (	/* FR_OK(0):succeeded, !=0:error */
                                   3239 ;	---------------------------------
                                   3240 ; Function dir_sdi
                                   3241 ; ---------------------------------
      001379                       3242 _dir_sdi:
      001379 DD E5            [15] 3243 	push	ix
      00137B DD 21 00 00      [14] 3244 	ld	ix,#0
      00137F DD 39            [15] 3245 	add	ix,sp
      001381 FD 21 EE FF      [14] 3246 	ld	iy, #-18
      001385 FD 39            [15] 3247 	add	iy, sp
      001387 FD F9            [10] 3248 	ld	sp, iy
                                   3249 ;ff.c:1720: FATFS *fs = dp->obj.fs;
      001389 DD 75 FE         [19] 3250 	ld	-2 (ix), l
      00138C DD 74 FF         [19] 3251 	ld	-1 (ix), h
      00138F 7E               [ 7] 3252 	ld	a, (hl)
      001390 DD 77 EE         [19] 3253 	ld	-18 (ix), a
      001393 23               [ 6] 3254 	inc	hl
      001394 7E               [ 7] 3255 	ld	a, (hl)
      001395 DD 77 EF         [19] 3256 	ld	-17 (ix), a
                                   3257 ;ff.c:1723: if (ofs >= (DWORD)((FF_FS_EXFAT && fs->fs_type == FS_EXFAT) ? MAX_DIR_EX : MAX_DIR) || ofs % SZDIRE) {	/* Check range of offset and alignment */
      001398 DD 7E 06         [19] 3258 	ld	a, 6 (ix)
      00139B D6 20            [ 7] 3259 	sub	a, #0x20
      00139D DD 7E 07         [19] 3260 	ld	a, 7 (ix)
      0013A0 DE 00            [ 7] 3261 	sbc	a, #0x00
      0013A2 30 07            [12] 3262 	jr	NC, 00101$
      0013A4 DD 7E 04         [19] 3263 	ld	a, 4 (ix)
      0013A7 E6 1F            [ 7] 3264 	and	a, #0x1f
      0013A9 28 05            [12] 3265 	jr	Z, 00102$
      0013AB                       3266 00101$:
                                   3267 ;ff.c:1724: return FR_INT_ERR;
      0013AB 3E 02            [ 7] 3268 	ld	a, #0x02
      0013AD C3r8Cr16         [10] 3269 	jp	00124$
      0013B0                       3270 00102$:
                                   3271 ;ff.c:1726: dp->dptr = ofs;				/* Set current offset */
      0013B0 DD 7E FE         [19] 3272 	ld	a, -2 (ix)
      0013B3 C6 0E            [ 7] 3273 	add	a, #0x0e
      0013B5 5F               [ 4] 3274 	ld	e, a
      0013B6 DD 7E FF         [19] 3275 	ld	a, -1 (ix)
      0013B9 CE 00            [ 7] 3276 	adc	a, #0x00
      0013BB 57               [ 4] 3277 	ld	d, a
      0013BC 21 16 00         [10] 3278 	ld	hl, #22
      0013BF 39               [11] 3279 	add	hl, sp
      0013C0 01 04 00         [10] 3280 	ld	bc, #0x0004
      0013C3 ED B0            [21] 3281 	ldir
                                   3282 ;ff.c:1727: clst = dp->obj.sclust;		/* Table start cluster (0:root) */
      0013C5 DD 7E FE         [19] 3283 	ld	a, -2 (ix)
      0013C8 DD 77 FC         [19] 3284 	ld	-4 (ix), a
      0013CB DD 7E FF         [19] 3285 	ld	a, -1 (ix)
      0013CE DD 77 FD         [19] 3286 	ld	-3 (ix), a
      0013D1 DD 5E FC         [19] 3287 	ld	e, -4 (ix)
      0013D4 DD 56 FD         [19] 3288 	ld	d, -3 (ix)
      0013D7 21 06 00         [10] 3289 	ld	hl, #6
      0013DA 39               [11] 3290 	add	hl, sp
      0013DB EB               [ 4] 3291 	ex	de, hl
      0013DC 01 06 00         [10] 3292 	ld	bc, #0x0006
      0013DF 09               [11] 3293 	add	hl, bc
      0013E0 01 04 00         [10] 3294 	ld	bc, #0x0004
      0013E3 ED B0            [21] 3295 	ldir
                                   3296 ;ff.c:1729: clst = (DWORD)fs->dirbase;
      0013E5 DD 7E EE         [19] 3297 	ld	a, -18 (ix)
      0013E8 C6 28            [ 7] 3298 	add	a, #0x28
      0013EA DD 77 F8         [19] 3299 	ld	-8 (ix), a
      0013ED DD 7E EF         [19] 3300 	ld	a, -17 (ix)
      0013F0 CE 00            [ 7] 3301 	adc	a, #0x00
      0013F2 DD 77 F9         [19] 3302 	ld	-7 (ix), a
                                   3303 ;ff.c:1728: if (clst == 0 && fs->fs_type >= FS_FAT32) {	/* Replace cluster# 0 with root cluster# */
      0013F5 DD 7E F7         [19] 3304 	ld	a, -9 (ix)
      0013F8 DD B6 F6         [19] 3305 	or	a, -10 (ix)
      0013FB DD B6 F5         [19] 3306 	or	a, -11 (ix)
      0013FE DD B6 F4         [19] 3307 	or	a, -12 (ix)
      001401 20 17            [12] 3308 	jr	NZ, 00107$
      001403 E1               [10] 3309 	pop	hl
      001404 E5               [11] 3310 	push	hl
      001405 7E               [ 7] 3311 	ld	a, (hl)
      001406 D6 03            [ 7] 3312 	sub	a, #0x03
      001408 38 10            [12] 3313 	jr	C, 00107$
                                   3314 ;ff.c:1729: clst = (DWORD)fs->dirbase;
      00140A DD 5E F8         [19] 3315 	ld	e, -8 (ix)
      00140D DD 56 F9         [19] 3316 	ld	d, -7 (ix)
      001410 21 06 00         [10] 3317 	ld	hl, #6
      001413 39               [11] 3318 	add	hl, sp
      001414 EB               [ 4] 3319 	ex	de, hl
      001415 01 04 00         [10] 3320 	ld	bc, #0x0004
      001418 ED B0            [21] 3321 	ldir
                                   3322 ;ff.c:1730: if (FF_FS_EXFAT) dp->obj.stat = 0;	/* exFAT: Root dir has an FAT chain */
      00141A                       3323 00107$:
                                   3324 ;ff.c:1735: dp->sect = fs->dirbase;
      00141A DD 7E FE         [19] 3325 	ld	a, -2 (ix)
      00141D C6 16            [ 7] 3326 	add	a, #0x16
      00141F DD 77 F0         [19] 3327 	ld	-16 (ix), a
      001422 DD 7E FF         [19] 3328 	ld	a, -1 (ix)
      001425 CE 00            [ 7] 3329 	adc	a, #0x00
      001427 DD 77 F1         [19] 3330 	ld	-15 (ix), a
                                   3331 ;ff.c:1733: if (clst == 0) {	/* Static table (root-directory on the FAT volume) */
      00142A DD 7E F7         [19] 3332 	ld	a, -9 (ix)
      00142D DD B6 F6         [19] 3333 	or	a, -10 (ix)
      001430 DD B6 F5         [19] 3334 	or	a, -11 (ix)
      001433 DD B6 F4         [19] 3335 	or	a, -12 (ix)
      001436 20 65            [12] 3336 	jr	NZ, 00120$
                                   3337 ;ff.c:1734: if (ofs / SZDIRE >= fs->n_rootdir) return FR_INT_ERR;	/* Is index out of range? */
      001438 DD 4E 04         [19] 3338 	ld	c, 4 (ix)
      00143B DD 46 05         [19] 3339 	ld	b, 5 (ix)
      00143E DD 5E 06         [19] 3340 	ld	e, 6 (ix)
      001441 DD 56 07         [19] 3341 	ld	d, 7 (ix)
      001444 3E 05            [ 7] 3342 	ld	a, #0x05
      001446                       3343 00183$:
      001446 CB 3A            [ 8] 3344 	srl	d
      001448 CB 1B            [ 8] 3345 	rr	e
      00144A CB 18            [ 8] 3346 	rr	b
      00144C CB 19            [ 8] 3347 	rr	c
      00144E 3D               [ 4] 3348 	dec	a
      00144F 20 F5            [12] 3349 	jr	NZ, 00183$
      001451 E1               [10] 3350 	pop	hl
      001452 E5               [11] 3351 	push	hl
      001453 C5               [11] 3352 	push	bc
      001454 01 08 00         [10] 3353 	ld	bc, #0x0008
      001457 09               [11] 3354 	add	hl, bc
      001458 C1               [10] 3355 	pop	bc
      001459 7E               [ 7] 3356 	ld	a, (hl)
      00145A 23               [ 6] 3357 	inc	hl
      00145B 66               [ 7] 3358 	ld	h, (hl)
                                   3359 ;	spillPairReg hl
                                   3360 ;	spillPairReg hl
                                   3361 ;	spillPairReg hl
      00145C DD 77 FA         [19] 3362 	ld	-6 (ix), a
      00145F DD 74 FB         [19] 3363 	ld	-5 (ix), h
      001462 AF               [ 4] 3364 	xor	a, a
      001463 DD 77 FC         [19] 3365 	ld	-4 (ix), a
      001466 DD 77 FD         [19] 3366 	ld	-3 (ix), a
      001469 79               [ 4] 3367 	ld	a, c
      00146A DD 96 FA         [19] 3368 	sub	a, -6 (ix)
      00146D 78               [ 4] 3369 	ld	a, b
      00146E DD 9E FB         [19] 3370 	sbc	a, -5 (ix)
      001471 7B               [ 4] 3371 	ld	a, e
      001472 DD 9E FC         [19] 3372 	sbc	a, -4 (ix)
      001475 7A               [ 4] 3373 	ld	a, d
      001476 DD 9E FD         [19] 3374 	sbc	a, -3 (ix)
      001479 38 05            [12] 3375 	jr	C, 00110$
      00147B 3E 02            [ 7] 3376 	ld	a, #0x02
      00147D C3r8Cr16         [10] 3377 	jp	00124$
      001480                       3378 00110$:
                                   3379 ;ff.c:1735: dp->sect = fs->dirbase;
      001480 DD 6E F8         [19] 3380 	ld	l, -8 (ix)
      001483 DD 66 F9         [19] 3381 	ld	h, -7 (ix)
      001486 4E               [ 7] 3382 	ld	c, (hl)
      001487 23               [ 6] 3383 	inc	hl
      001488 46               [ 7] 3384 	ld	b, (hl)
      001489 23               [ 6] 3385 	inc	hl
      00148A 5E               [ 7] 3386 	ld	e, (hl)
      00148B 23               [ 6] 3387 	inc	hl
      00148C 56               [ 7] 3388 	ld	d, (hl)
      00148D DD 6E F0         [19] 3389 	ld	l, -16 (ix)
      001490 DD 66 F1         [19] 3390 	ld	h, -15 (ix)
      001493 71               [ 7] 3391 	ld	(hl), c
      001494 23               [ 6] 3392 	inc	hl
      001495 70               [ 7] 3393 	ld	(hl), b
      001496 23               [ 6] 3394 	inc	hl
      001497 73               [ 7] 3395 	ld	(hl), e
      001498 23               [ 6] 3396 	inc	hl
      001499 72               [ 7] 3397 	ld	(hl), d
      00149A C3rAAr15         [10] 3398 	jp	00121$
      00149D                       3399 00120$:
                                   3400 ;ff.c:1738: csz = (DWORD)fs->csize * SS(fs);	/* Bytes per cluster */
      00149D C1               [10] 3401 	pop	bc
      00149E C5               [11] 3402 	push	bc
      00149F 21 0A 00         [10] 3403 	ld	hl, #10
      0014A2 09               [11] 3404 	add	hl, bc
      0014A3 4E               [ 7] 3405 	ld	c, (hl)
      0014A4 23               [ 6] 3406 	inc	hl
      0014A5 7E               [ 7] 3407 	ld	a, (hl)
      0014A6 21 00 00         [10] 3408 	ld	hl, #0x0000
      0014A9 65               [ 4] 3409 	ld	h, l
                                   3410 ;	spillPairReg hl
                                   3411 ;	spillPairReg hl
      0014AA 6F               [ 4] 3412 	ld	l, a
                                   3413 ;	spillPairReg hl
                                   3414 ;	spillPairReg hl
      0014AB 79               [ 4] 3415 	ld	a, c
      0014AC 0E 00            [ 7] 3416 	ld	c, #0x00
      0014AE 87               [ 4] 3417 	add	a, a
      0014AF ED 6A            [15] 3418 	adc	hl, hl
      0014B1 DD 71 F8         [19] 3419 	ld	-8 (ix), c
      0014B4 DD 77 F9         [19] 3420 	ld	-7 (ix), a
      0014B7 DD 75 FA         [19] 3421 	ld	-6 (ix), l
      0014BA DD 74 FB         [19] 3422 	ld	-5 (ix), h
                                   3423 ;ff.c:1739: while (ofs >= csz) {				/* Follow cluster chain */
      0014BD DD 7E EE         [19] 3424 	ld	a, -18 (ix)
      0014C0 DD 77 FC         [19] 3425 	ld	-4 (ix), a
      0014C3 DD 7E EF         [19] 3426 	ld	a, -17 (ix)
      0014C6 DD 77 FD         [19] 3427 	ld	-3 (ix), a
      0014C9                       3428 00116$:
      0014C9 DD 7E 04         [19] 3429 	ld	a, 4 (ix)
      0014CC DD 96 F8         [19] 3430 	sub	a, -8 (ix)
      0014CF DD 7E 05         [19] 3431 	ld	a, 5 (ix)
      0014D2 DD 9E F9         [19] 3432 	sbc	a, -7 (ix)
      0014D5 DD 7E 06         [19] 3433 	ld	a, 6 (ix)
      0014D8 DD 9E FA         [19] 3434 	sbc	a, -6 (ix)
      0014DB DD 7E 07         [19] 3435 	ld	a, 7 (ix)
      0014DE DD 9E FB         [19] 3436 	sbc	a, -5 (ix)
      0014E1 DAr82r15         [10] 3437 	jp	C, 00118$
                                   3438 ;ff.c:1740: clst = get_fat(&dp->obj, clst);				/* Get next cluster */
      0014E4 DD 6E F6         [19] 3439 	ld	l, -10 (ix)
                                   3440 ;	spillPairReg hl
                                   3441 ;	spillPairReg hl
      0014E7 DD 66 F7         [19] 3442 	ld	h, -9 (ix)
                                   3443 ;	spillPairReg hl
                                   3444 ;	spillPairReg hl
      0014EA E5               [11] 3445 	push	hl
      0014EB DD 6E F4         [19] 3446 	ld	l, -12 (ix)
                                   3447 ;	spillPairReg hl
                                   3448 ;	spillPairReg hl
      0014EE DD 66 F5         [19] 3449 	ld	h, -11 (ix)
                                   3450 ;	spillPairReg hl
                                   3451 ;	spillPairReg hl
      0014F1 E5               [11] 3452 	push	hl
      0014F2 DD 6E FE         [19] 3453 	ld	l, -2 (ix)
                                   3454 ;	spillPairReg hl
                                   3455 ;	spillPairReg hl
      0014F5 DD 66 FF         [19] 3456 	ld	h, -1 (ix)
                                   3457 ;	spillPairReg hl
                                   3458 ;	spillPairReg hl
      0014F8 CDrAEr05         [17] 3459 	call	_get_fat
      0014FB F1               [10] 3460 	pop	af
      0014FC F1               [10] 3461 	pop	af
      0014FD DD 73 F4         [19] 3462 	ld	-12 (ix), e
      001500 DD 72 F5         [19] 3463 	ld	-11 (ix), d
      001503 DD 75 F6         [19] 3464 	ld	-10 (ix), l
      001506 DD 74 F7         [19] 3465 	ld	-9 (ix), h
                                   3466 ;ff.c:1741: if (clst == 0xFFFFFFFF) return FR_DISK_ERR;	/* Disk error */
      001509 DD 7E F4         [19] 3467 	ld	a, -12 (ix)
      00150C DD A6 F5         [19] 3468 	and	a, -11 (ix)
      00150F DD A6 F6         [19] 3469 	and	a, -10 (ix)
      001512 DD A6 F7         [19] 3470 	and	a, -9 (ix)
      001515 3C               [ 4] 3471 	inc	a
      001516 20 05            [12] 3472 	jr	NZ, 00112$
      001518 3E 01            [ 7] 3473 	ld	a, #0x01
      00151A C3r8Cr16         [10] 3474 	jp	00124$
      00151D                       3475 00112$:
                                   3476 ;ff.c:1742: if (clst < 2 || clst >= fs->n_fatent) return FR_INT_ERR;	/* Reached to end of table or internal error */
      00151D DD 7E F4         [19] 3477 	ld	a, -12 (ix)
      001520 D6 02            [ 7] 3478 	sub	a, #0x02
      001522 DD 7E F5         [19] 3479 	ld	a, -11 (ix)
      001525 DE 00            [ 7] 3480 	sbc	a, #0x00
      001527 DD 7E F6         [19] 3481 	ld	a, -10 (ix)
      00152A DE 00            [ 7] 3482 	sbc	a, #0x00
      00152C DD 7E F7         [19] 3483 	ld	a, -9 (ix)
      00152F DE 00            [ 7] 3484 	sbc	a, #0x00
      001531 38 23            [12] 3485 	jr	C, 00113$
      001533 DD 6E FC         [19] 3486 	ld	l, -4 (ix)
      001536 DD 66 FD         [19] 3487 	ld	h, -3 (ix)
      001539 11 14 00         [10] 3488 	ld	de, #0x0014
      00153C 19               [11] 3489 	add	hl, de
      00153D 4E               [ 7] 3490 	ld	c, (hl)
      00153E 23               [ 6] 3491 	inc	hl
      00153F 46               [ 7] 3492 	ld	b, (hl)
      001540 23               [ 6] 3493 	inc	hl
      001541 5E               [ 7] 3494 	ld	e, (hl)
      001542 23               [ 6] 3495 	inc	hl
      001543 56               [ 7] 3496 	ld	d, (hl)
      001544 DD 7E F4         [19] 3497 	ld	a, -12 (ix)
      001547 91               [ 4] 3498 	sub	a, c
      001548 DD 7E F5         [19] 3499 	ld	a, -11 (ix)
      00154B 98               [ 4] 3500 	sbc	a, b
      00154C DD 7E F6         [19] 3501 	ld	a, -10 (ix)
      00154F 9B               [ 4] 3502 	sbc	a, e
      001550 DD 7E F7         [19] 3503 	ld	a, -9 (ix)
      001553 9A               [ 4] 3504 	sbc	a, d
      001554 38 05            [12] 3505 	jr	C, 00114$
      001556                       3506 00113$:
      001556 3E 02            [ 7] 3507 	ld	a, #0x02
      001558 C3r8Cr16         [10] 3508 	jp	00124$
      00155B                       3509 00114$:
                                   3510 ;ff.c:1743: ofs -= csz;
      00155B DD 7E 04         [19] 3511 	ld	a, 4 (ix)
      00155E DD 96 F8         [19] 3512 	sub	a, -8 (ix)
      001561 DD 77 04         [19] 3513 	ld	4 (ix), a
      001564 DD 7E 05         [19] 3514 	ld	a, 5 (ix)
      001567 DD 9E F9         [19] 3515 	sbc	a, -7 (ix)
      00156A DD 77 05         [19] 3516 	ld	5 (ix), a
      00156D DD 7E 06         [19] 3517 	ld	a, 6 (ix)
      001570 DD 9E FA         [19] 3518 	sbc	a, -6 (ix)
      001573 DD 77 06         [19] 3519 	ld	6 (ix), a
      001576 DD 7E 07         [19] 3520 	ld	a, 7 (ix)
      001579 DD 9E FB         [19] 3521 	sbc	a, -5 (ix)
      00157C DD 77 07         [19] 3522 	ld	7 (ix), a
      00157F C3rC9r14         [10] 3523 	jp	00116$
      001582                       3524 00118$:
                                   3525 ;ff.c:1745: dp->sect = clst2sect(fs, clst);
      001582 DD 6E F6         [19] 3526 	ld	l, -10 (ix)
                                   3527 ;	spillPairReg hl
                                   3528 ;	spillPairReg hl
      001585 DD 66 F7         [19] 3529 	ld	h, -9 (ix)
                                   3530 ;	spillPairReg hl
                                   3531 ;	spillPairReg hl
      001588 E5               [11] 3532 	push	hl
      001589 DD 6E F4         [19] 3533 	ld	l, -12 (ix)
                                   3534 ;	spillPairReg hl
                                   3535 ;	spillPairReg hl
      00158C DD 66 F5         [19] 3536 	ld	h, -11 (ix)
                                   3537 ;	spillPairReg hl
                                   3538 ;	spillPairReg hl
      00158F E5               [11] 3539 	push	hl
      001590 DD 6E EE         [19] 3540 	ld	l, -18 (ix)
                                   3541 ;	spillPairReg hl
                                   3542 ;	spillPairReg hl
      001593 DD 66 EF         [19] 3543 	ld	h, -17 (ix)
                                   3544 ;	spillPairReg hl
                                   3545 ;	spillPairReg hl
      001596 CDr02r05         [17] 3546 	call	_clst2sect
      001599 F1               [10] 3547 	pop	af
      00159A F1               [10] 3548 	pop	af
      00159B 4D               [ 4] 3549 	ld	c, l
      00159C 44               [ 4] 3550 	ld	b, h
      00159D DD 6E F0         [19] 3551 	ld	l, -16 (ix)
      0015A0 DD 66 F1         [19] 3552 	ld	h, -15 (ix)
      0015A3 73               [ 7] 3553 	ld	(hl), e
      0015A4 23               [ 6] 3554 	inc	hl
      0015A5 72               [ 7] 3555 	ld	(hl), d
      0015A6 23               [ 6] 3556 	inc	hl
      0015A7 71               [ 7] 3557 	ld	(hl), c
      0015A8 23               [ 6] 3558 	inc	hl
      0015A9 70               [ 7] 3559 	ld	(hl), b
      0015AA                       3560 00121$:
                                   3561 ;ff.c:1747: dp->clust = clst;					/* Current cluster# */
      0015AA DD 7E FE         [19] 3562 	ld	a, -2 (ix)
      0015AD C6 12            [ 7] 3563 	add	a, #0x12
      0015AF 5F               [ 4] 3564 	ld	e, a
      0015B0 DD 7E FF         [19] 3565 	ld	a, -1 (ix)
      0015B3 CE 00            [ 7] 3566 	adc	a, #0x00
      0015B5 57               [ 4] 3567 	ld	d, a
      0015B6 21 06 00         [10] 3568 	ld	hl, #6
      0015B9 39               [11] 3569 	add	hl, sp
      0015BA 01 04 00         [10] 3570 	ld	bc, #0x0004
      0015BD ED B0            [21] 3571 	ldir
                                   3572 ;ff.c:1748: if (dp->sect == 0) return FR_INT_ERR;
      0015BF E1               [10] 3573 	pop	hl
      0015C0 D1               [10] 3574 	pop	de
      0015C1 D5               [11] 3575 	push	de
      0015C2 E5               [11] 3576 	push	hl
      0015C3 21 04 00         [10] 3577 	ld	hl, #4
      0015C6 39               [11] 3578 	add	hl, sp
      0015C7 EB               [ 4] 3579 	ex	de, hl
      0015C8 01 04 00         [10] 3580 	ld	bc, #0x0004
      0015CB ED B0            [21] 3581 	ldir
      0015CD DD 7E F5         [19] 3582 	ld	a, -11 (ix)
      0015D0 DD B6 F4         [19] 3583 	or	a, -12 (ix)
      0015D3 DD B6 F3         [19] 3584 	or	a, -13 (ix)
      0015D6 DD B6 F2         [19] 3585 	or	a, -14 (ix)
      0015D9 20 05            [12] 3586 	jr	NZ, 00123$
      0015DB 3E 02            [ 7] 3587 	ld	a, #0x02
      0015DD C3r8Cr16         [10] 3588 	jp	00124$
      0015E0                       3589 00123$:
                                   3590 ;ff.c:1749: dp->sect += ofs / SS(fs);			/* Sector# of the directory entry */
      0015E0 DD 7E 05         [19] 3591 	ld	a, 5 (ix)
      0015E3 DD 77 F6         [19] 3592 	ld	-10 (ix), a
      0015E6 DD 7E 06         [19] 3593 	ld	a, 6 (ix)
      0015E9 DD 77 F7         [19] 3594 	ld	-9 (ix), a
      0015EC DD 7E 07         [19] 3595 	ld	a, 7 (ix)
      0015EF DD 77 F8         [19] 3596 	ld	-8 (ix), a
      0015F2 DD 36 F9 00      [19] 3597 	ld	-7 (ix), #0x00
      0015F6 DD CB F8 3E      [23] 3598 	srl	-8 (ix)
      0015FA DD CB F7 1E      [23] 3599 	rr	-9 (ix)
      0015FE DD CB F6 1E      [23] 3600 	rr	-10 (ix)
      001602 DD 7E F6         [19] 3601 	ld	a, -10 (ix)
      001605 DD 86 F2         [19] 3602 	add	a, -14 (ix)
      001608 DD 77 FA         [19] 3603 	ld	-6 (ix), a
      00160B DD 7E F7         [19] 3604 	ld	a, -9 (ix)
      00160E DD 8E F3         [19] 3605 	adc	a, -13 (ix)
      001611 DD 77 FB         [19] 3606 	ld	-5 (ix), a
      001614 DD 7E F8         [19] 3607 	ld	a, -8 (ix)
      001617 DD 8E F4         [19] 3608 	adc	a, -12 (ix)
      00161A DD 77 FC         [19] 3609 	ld	-4 (ix), a
      00161D DD 7E F9         [19] 3610 	ld	a, -7 (ix)
      001620 DD 8E F5         [19] 3611 	adc	a, -11 (ix)
      001623 DD 77 FD         [19] 3612 	ld	-3 (ix), a
      001626 DD 5E F0         [19] 3613 	ld	e, -16 (ix)
      001629 DD 56 F1         [19] 3614 	ld	d, -15 (ix)
      00162C 21 0C 00         [10] 3615 	ld	hl, #12
      00162F 39               [11] 3616 	add	hl, sp
      001630 01 04 00         [10] 3617 	ld	bc, #0x0004
      001633 ED B0            [21] 3618 	ldir
                                   3619 ;ff.c:1750: dp->dir = fs->win + (ofs % SS(fs));	/* Pointer to the entry in the win[] */
      001635 DD 7E FE         [19] 3620 	ld	a, -2 (ix)
      001638 C6 1A            [ 7] 3621 	add	a, #0x1a
      00163A DD 77 FA         [19] 3622 	ld	-6 (ix), a
      00163D DD 7E FF         [19] 3623 	ld	a, -1 (ix)
      001640 CE 00            [ 7] 3624 	adc	a, #0x00
      001642 DD 77 FB         [19] 3625 	ld	-5 (ix), a
      001645 DD 7E EE         [19] 3626 	ld	a, -18 (ix)
      001648 C6 30            [ 7] 3627 	add	a, #0x30
      00164A DD 77 FC         [19] 3628 	ld	-4 (ix), a
      00164D DD 7E EF         [19] 3629 	ld	a, -17 (ix)
      001650 CE 00            [ 7] 3630 	adc	a, #0x00
      001652 DD 77 FD         [19] 3631 	ld	-3 (ix), a
      001655 DD 7E 04         [19] 3632 	ld	a, 4 (ix)
      001658 DD 77 F4         [19] 3633 	ld	-12 (ix), a
      00165B DD 7E 05         [19] 3634 	ld	a, 5 (ix)
      00165E E6 01            [ 7] 3635 	and	a, #0x01
      001660 DD 77 F5         [19] 3636 	ld	-11 (ix), a
      001663 AF               [ 4] 3637 	xor	a, a
      001664 DD 77 F6         [19] 3638 	ld	-10 (ix), a
      001667 DD 77 F7         [19] 3639 	ld	-9 (ix), a
      00166A DD 7E FC         [19] 3640 	ld	a, -4 (ix)
      00166D DD 86 F4         [19] 3641 	add	a, -12 (ix)
      001670 DD 77 F8         [19] 3642 	ld	-8 (ix), a
      001673 DD 7E FD         [19] 3643 	ld	a, -3 (ix)
      001676 DD 8E F5         [19] 3644 	adc	a, -11 (ix)
      001679 DD 77 F9         [19] 3645 	ld	-7 (ix), a
      00167C DD 6E FA         [19] 3646 	ld	l, -6 (ix)
      00167F DD 66 FB         [19] 3647 	ld	h, -5 (ix)
      001682 DD 7E F8         [19] 3648 	ld	a, -8 (ix)
      001685 77               [ 7] 3649 	ld	(hl), a
      001686 23               [ 6] 3650 	inc	hl
      001687 DD 7E F9         [19] 3651 	ld	a, -7 (ix)
      00168A 77               [ 7] 3652 	ld	(hl), a
                                   3653 ;ff.c:1752: return FR_OK;
      00168B AF               [ 4] 3654 	xor	a, a
      00168C                       3655 00124$:
                                   3656 ;ff.c:1753: }
      00168C DD F9            [10] 3657 	ld	sp, ix
      00168E DD E1            [14] 3658 	pop	ix
      001690 E1               [10] 3659 	pop	hl
      001691 C1               [10] 3660 	pop	bc
      001692 C1               [10] 3661 	pop	bc
      001693 E9               [ 4] 3662 	jp	(hl)
                                   3663 ;ff.c:1762: static FRESULT dir_next (	/* FR_OK(0):succeeded, FR_NO_FILE:End of table, FR_DENIED:Could not stretch */
                                   3664 ;	---------------------------------
                                   3665 ; Function dir_next
                                   3666 ; ---------------------------------
      001694                       3667 _dir_next:
      001694 DD E5            [15] 3668 	push	ix
      001696 DD 21 00 00      [14] 3669 	ld	ix,#0
      00169A DD 39            [15] 3670 	add	ix,sp
      00169C FD 21 E4 FF      [14] 3671 	ld	iy, #-28
      0016A0 FD 39            [15] 3672 	add	iy, sp
      0016A2 FD F9            [10] 3673 	ld	sp, iy
      0016A4 DD 75 FE         [19] 3674 	ld	-2 (ix), l
      0016A7 DD 74 FF         [19] 3675 	ld	-1 (ix), h
      0016AA DD 73 FC         [19] 3676 	ld	-4 (ix), e
      0016AD DD 72 FD         [19] 3677 	ld	-3 (ix), d
                                   3678 ;ff.c:1768: FATFS *fs = dp->obj.fs;
      0016B0 DD 6E FE         [19] 3679 	ld	l, -2 (ix)
      0016B3 DD 66 FF         [19] 3680 	ld	h, -1 (ix)
      0016B6 7E               [ 7] 3681 	ld	a, (hl)
      0016B7 DD 77 E4         [19] 3682 	ld	-28 (ix), a
      0016BA 23               [ 6] 3683 	inc	hl
      0016BB 7E               [ 7] 3684 	ld	a, (hl)
      0016BC DD 77 E5         [19] 3685 	ld	-27 (ix), a
                                   3686 ;ff.c:1771: ofs = dp->dptr + SZDIRE;	/* Next entry */
      0016BF DD 7E FE         [19] 3687 	ld	a, -2 (ix)
      0016C2 C6 0E            [ 7] 3688 	add	a, #0x0e
      0016C4 DD 77 E6         [19] 3689 	ld	-26 (ix), a
      0016C7 DD 7E FF         [19] 3690 	ld	a, -1 (ix)
      0016CA CE 00            [ 7] 3691 	adc	a, #0x00
      0016CC DD 77 E7         [19] 3692 	ld	-25 (ix), a
      0016CF E1               [10] 3693 	pop	hl
      0016D0 D1               [10] 3694 	pop	de
      0016D1 D5               [11] 3695 	push	de
      0016D2 E5               [11] 3696 	push	hl
      0016D3 21 14 00         [10] 3697 	ld	hl, #20
      0016D6 39               [11] 3698 	add	hl, sp
      0016D7 EB               [ 4] 3699 	ex	de, hl
      0016D8 01 04 00         [10] 3700 	ld	bc, #0x0004
      0016DB ED B0            [21] 3701 	ldir
      0016DD DD 7E F8         [19] 3702 	ld	a, -8 (ix)
      0016E0 C6 20            [ 7] 3703 	add	a, #0x20
      0016E2 DD 77 E8         [19] 3704 	ld	-24 (ix), a
      0016E5 DD 7E F9         [19] 3705 	ld	a, -7 (ix)
      0016E8 CE 00            [ 7] 3706 	adc	a, #0x00
      0016EA DD 77 E9         [19] 3707 	ld	-23 (ix), a
      0016ED DD 7E FA         [19] 3708 	ld	a, -6 (ix)
      0016F0 CE 00            [ 7] 3709 	adc	a, #0x00
      0016F2 DD 77 EA         [19] 3710 	ld	-22 (ix), a
      0016F5 DD 7E FB         [19] 3711 	ld	a, -5 (ix)
      0016F8 CE 00            [ 7] 3712 	adc	a, #0x00
      0016FA DD 77 EB         [19] 3713 	ld	-21 (ix), a
                                   3714 ;ff.c:1772: if (ofs >= (DWORD)((FF_FS_EXFAT && fs->fs_type == FS_EXFAT) ? MAX_DIR_EX : MAX_DIR)) dp->sect = 0;	/* Disable it if the offset reached the max value */
      0016FD DD 7E FE         [19] 3715 	ld	a, -2 (ix)
      001700 C6 16            [ 7] 3716 	add	a, #0x16
      001702 DD 77 EC         [19] 3717 	ld	-20 (ix), a
      001705 DD 7E FF         [19] 3718 	ld	a, -1 (ix)
      001708 CE 00            [ 7] 3719 	adc	a, #0x00
      00170A DD 77 ED         [19] 3720 	ld	-19 (ix), a
      00170D DD 7E EA         [19] 3721 	ld	a, -22 (ix)
      001710 D6 20            [ 7] 3722 	sub	a, #0x20
      001712 DD 7E EB         [19] 3723 	ld	a, -21 (ix)
      001715 DE 00            [ 7] 3724 	sbc	a, #0x00
      001717 38 0E            [12] 3725 	jr	C, 00102$
      001719 DD 6E EC         [19] 3726 	ld	l, -20 (ix)
      00171C DD 66 ED         [19] 3727 	ld	h, -19 (ix)
      00171F AF               [ 4] 3728 	xor	a, a
      001720 77               [ 7] 3729 	ld	(hl), a
      001721 23               [ 6] 3730 	inc	hl
      001722 77               [ 7] 3731 	ld	(hl), a
      001723 23               [ 6] 3732 	inc	hl
      001724 77               [ 7] 3733 	ld	(hl), a
      001725 23               [ 6] 3734 	inc	hl
      001726 77               [ 7] 3735 	ld	(hl), a
      001727                       3736 00102$:
                                   3737 ;ff.c:1773: if (dp->sect == 0) return FR_NO_FILE;	/* Report EOT if it has been disabled */
      001727 DD 5E EC         [19] 3738 	ld	e, -20 (ix)
      00172A DD 56 ED         [19] 3739 	ld	d, -19 (ix)
      00172D 21 14 00         [10] 3740 	ld	hl, #20
      001730 39               [11] 3741 	add	hl, sp
      001731 EB               [ 4] 3742 	ex	de, hl
      001732 01 04 00         [10] 3743 	ld	bc, #0x0004
      001735 ED B0            [21] 3744 	ldir
      001737 DD 7E FB         [19] 3745 	ld	a, -5 (ix)
      00173A DD B6 FA         [19] 3746 	or	a, -6 (ix)
      00173D DD B6 F9         [19] 3747 	or	a, -7 (ix)
      001740 DD B6 F8         [19] 3748 	or	a, -8 (ix)
      001743 20 05            [12] 3749 	jr	NZ, 00104$
      001745 3E 04            [ 7] 3750 	ld	a, #0x04
      001747 C3rA3r19         [10] 3751 	jp	00132$
      00174A                       3752 00104$:
                                   3753 ;ff.c:1775: if (ofs % SS(fs) == 0) {	/* Sector changed? */
      00174A DD 7E E8         [19] 3754 	ld	a, -24 (ix)
      00174D DD 77 EE         [19] 3755 	ld	-18 (ix), a
      001750 DD 7E E9         [19] 3756 	ld	a, -23 (ix)
      001753 E6 01            [ 7] 3757 	and	a, #0x01
      001755 DD 77 EF         [19] 3758 	ld	-17 (ix), a
      001758 AF               [ 4] 3759 	xor	a, a
      001759 DD 77 F0         [19] 3760 	ld	-16 (ix), a
      00175C DD 77 F1         [19] 3761 	ld	-15 (ix), a
      00175F DD B6 F0         [19] 3762 	or	a, -16 (ix)
      001762 DD B6 EF         [19] 3763 	or	a, -17 (ix)
      001765 DD B6 EE         [19] 3764 	or	a, -18 (ix)
      001768 C2r52r19         [10] 3765 	jp	NZ, 00131$
                                   3766 ;ff.c:1776: dp->sect++;				/* Next sector */
      00176B DD 7E F8         [19] 3767 	ld	a, -8 (ix)
      00176E C6 01            [ 7] 3768 	add	a, #0x01
      001770 4F               [ 4] 3769 	ld	c, a
      001771 DD 7E F9         [19] 3770 	ld	a, -7 (ix)
      001774 CE 00            [ 7] 3771 	adc	a, #0x00
      001776 47               [ 4] 3772 	ld	b, a
      001777 DD 7E FA         [19] 3773 	ld	a, -6 (ix)
      00177A CE 00            [ 7] 3774 	adc	a, #0x00
      00177C 5F               [ 4] 3775 	ld	e, a
      00177D DD 7E FB         [19] 3776 	ld	a, -5 (ix)
      001780 CE 00            [ 7] 3777 	adc	a, #0x00
      001782 57               [ 4] 3778 	ld	d, a
      001783 DD 6E EC         [19] 3779 	ld	l, -20 (ix)
      001786 DD 66 ED         [19] 3780 	ld	h, -19 (ix)
      001789 71               [ 7] 3781 	ld	(hl), c
      00178A 23               [ 6] 3782 	inc	hl
      00178B 70               [ 7] 3783 	ld	(hl), b
      00178C 23               [ 6] 3784 	inc	hl
      00178D 73               [ 7] 3785 	ld	(hl), e
      00178E 23               [ 6] 3786 	inc	hl
      00178F 72               [ 7] 3787 	ld	(hl), d
                                   3788 ;ff.c:1778: if (dp->clust == 0) {	/* Static table */
      001790 DD 7E FE         [19] 3789 	ld	a, -2 (ix)
      001793 C6 12            [ 7] 3790 	add	a, #0x12
      001795 DD 77 F2         [19] 3791 	ld	-14 (ix), a
      001798 DD 7E FF         [19] 3792 	ld	a, -1 (ix)
      00179B CE 00            [ 7] 3793 	adc	a, #0x00
      00179D DD 77 F3         [19] 3794 	ld	-13 (ix), a
      0017A0 DD 5E F2         [19] 3795 	ld	e, -14 (ix)
      0017A3 DD 56 F3         [19] 3796 	ld	d, -13 (ix)
      0017A6 21 10 00         [10] 3797 	ld	hl, #16
      0017A9 39               [11] 3798 	add	hl, sp
      0017AA EB               [ 4] 3799 	ex	de, hl
      0017AB 01 04 00         [10] 3800 	ld	bc, #0x0004
      0017AE ED B0            [21] 3801 	ldir
      0017B0 DD 7E F7         [19] 3802 	ld	a, -9 (ix)
      0017B3 DD B6 F6         [19] 3803 	or	a, -10 (ix)
      0017B6 DD B6 F5         [19] 3804 	or	a, -11 (ix)
      0017B9 DD B6 F4         [19] 3805 	or	a, -12 (ix)
      0017BC 20 57            [12] 3806 	jr	NZ, 00128$
                                   3807 ;ff.c:1779: if (ofs / SZDIRE >= fs->n_rootdir) {	/* Report EOT if it reached end of static table */
      0017BE DD 4E E8         [19] 3808 	ld	c, -24 (ix)
      0017C1 DD 46 E9         [19] 3809 	ld	b, -23 (ix)
      0017C4 DD 5E EA         [19] 3810 	ld	e, -22 (ix)
      0017C7 DD 56 EB         [19] 3811 	ld	d, -21 (ix)
      0017CA 3E 05            [ 7] 3812 	ld	a, #0x05
      0017CC                       3813 00210$:
      0017CC CB 3A            [ 8] 3814 	srl	d
      0017CE CB 1B            [ 8] 3815 	rr	e
      0017D0 CB 18            [ 8] 3816 	rr	b
      0017D2 CB 19            [ 8] 3817 	rr	c
      0017D4 3D               [ 4] 3818 	dec	a
      0017D5 20 F5            [12] 3819 	jr	NZ, 00210$
      0017D7 E1               [10] 3820 	pop	hl
      0017D8 E5               [11] 3821 	push	hl
      0017D9 C5               [11] 3822 	push	bc
      0017DA 01 08 00         [10] 3823 	ld	bc, #0x0008
      0017DD 09               [11] 3824 	add	hl, bc
      0017DE C1               [10] 3825 	pop	bc
      0017DF 7E               [ 7] 3826 	ld	a, (hl)
      0017E0 23               [ 6] 3827 	inc	hl
      0017E1 66               [ 7] 3828 	ld	h, (hl)
                                   3829 ;	spillPairReg hl
                                   3830 ;	spillPairReg hl
                                   3831 ;	spillPairReg hl
      0017E2 DD 77 F8         [19] 3832 	ld	-8 (ix), a
      0017E5 DD 74 F9         [19] 3833 	ld	-7 (ix), h
      0017E8 AF               [ 4] 3834 	xor	a, a
      0017E9 DD 77 FA         [19] 3835 	ld	-6 (ix), a
      0017EC DD 77 FB         [19] 3836 	ld	-5 (ix), a
      0017EF 79               [ 4] 3837 	ld	a, c
      0017F0 DD 96 F8         [19] 3838 	sub	a, -8 (ix)
      0017F3 78               [ 4] 3839 	ld	a, b
      0017F4 DD 9E F9         [19] 3840 	sbc	a, -7 (ix)
      0017F7 7B               [ 4] 3841 	ld	a, e
      0017F8 DD 9E FA         [19] 3842 	sbc	a, -6 (ix)
      0017FB 7A               [ 4] 3843 	ld	a, d
      0017FC DD 9E FB         [19] 3844 	sbc	a, -5 (ix)
      0017FF DAr52r19         [10] 3845 	jp	C, 00131$
                                   3846 ;ff.c:1780: dp->sect = 0; return FR_NO_FILE;
      001802 DD 6E EC         [19] 3847 	ld	l, -20 (ix)
      001805 DD 66 ED         [19] 3848 	ld	h, -19 (ix)
      001808 AF               [ 4] 3849 	xor	a, a
      001809 77               [ 7] 3850 	ld	(hl), a
      00180A 23               [ 6] 3851 	inc	hl
      00180B 77               [ 7] 3852 	ld	(hl), a
      00180C 23               [ 6] 3853 	inc	hl
      00180D 77               [ 7] 3854 	ld	(hl), a
      00180E 23               [ 6] 3855 	inc	hl
      00180F 77               [ 7] 3856 	ld	(hl), a
      001810 3E 04            [ 7] 3857 	ld	a, #0x04
      001812 C3rA3r19         [10] 3858 	jp	00132$
      001815                       3859 00128$:
                                   3860 ;ff.c:1784: if ((ofs / SS(fs) & (fs->csize - 1)) == 0) {	/* Cluster changed? */
      001815 DD 4E E9         [19] 3861 	ld	c, -23 (ix)
      001818 DD 46 EA         [19] 3862 	ld	b, -22 (ix)
      00181B DD 5E EB         [19] 3863 	ld	e, -21 (ix)
      00181E 16 00            [ 7] 3864 	ld	d, #0x00
      001820 CB 3B            [ 8] 3865 	srl	e
      001822 CB 18            [ 8] 3866 	rr	b
      001824 CB 19            [ 8] 3867 	rr	c
      001826 E1               [10] 3868 	pop	hl
      001827 E5               [11] 3869 	push	hl
      001828 C5               [11] 3870 	push	bc
      001829 01 0A 00         [10] 3871 	ld	bc, #0x000a
      00182C 09               [11] 3872 	add	hl, bc
      00182D C1               [10] 3873 	pop	bc
      00182E 7E               [ 7] 3874 	ld	a, (hl)
      00182F 23               [ 6] 3875 	inc	hl
      001830 66               [ 7] 3876 	ld	h, (hl)
                                   3877 ;	spillPairReg hl
      001831 6F               [ 4] 3878 	ld	l, a
                                   3879 ;	spillPairReg hl
                                   3880 ;	spillPairReg hl
      001832 2B               [ 6] 3881 	dec	hl
      001833 DD 75 F8         [19] 3882 	ld	-8 (ix), l
      001836 DD 74 F9         [19] 3883 	ld	-7 (ix), h
      001839 AF               [ 4] 3884 	xor	a, a
      00183A DD 77 FA         [19] 3885 	ld	-6 (ix), a
      00183D DD 77 FB         [19] 3886 	ld	-5 (ix), a
      001840 79               [ 4] 3887 	ld	a, c
      001841 DD A6 F8         [19] 3888 	and	a, -8 (ix)
      001844 4F               [ 4] 3889 	ld	c, a
      001845 78               [ 4] 3890 	ld	a, b
      001846 DD A6 F9         [19] 3891 	and	a, -7 (ix)
      001849 47               [ 4] 3892 	ld	b, a
      00184A 7B               [ 4] 3893 	ld	a, e
      00184B DD A6 FA         [19] 3894 	and	a, -6 (ix)
      00184E 5F               [ 4] 3895 	ld	e, a
      00184F 7A               [ 4] 3896 	ld	a, d
      001850 DD A6 FB         [19] 3897 	and	a, -5 (ix)
      001853 B3               [ 4] 3898 	or	a, e
      001854 B0               [ 4] 3899 	or	a, b
      001855 B1               [ 4] 3900 	or	a, c
      001856 C2r52r19         [10] 3901 	jp	NZ, 00131$
                                   3902 ;ff.c:1785: clst = get_fat(&dp->obj, dp->clust);		/* Get next cluster */
      001859 DD 6E F6         [19] 3903 	ld	l, -10 (ix)
                                   3904 ;	spillPairReg hl
                                   3905 ;	spillPairReg hl
      00185C DD 66 F7         [19] 3906 	ld	h, -9 (ix)
                                   3907 ;	spillPairReg hl
                                   3908 ;	spillPairReg hl
      00185F E5               [11] 3909 	push	hl
      001860 DD 6E F4         [19] 3910 	ld	l, -12 (ix)
                                   3911 ;	spillPairReg hl
                                   3912 ;	spillPairReg hl
      001863 DD 66 F5         [19] 3913 	ld	h, -11 (ix)
                                   3914 ;	spillPairReg hl
                                   3915 ;	spillPairReg hl
      001866 E5               [11] 3916 	push	hl
      001867 DD 6E FE         [19] 3917 	ld	l, -2 (ix)
                                   3918 ;	spillPairReg hl
                                   3919 ;	spillPairReg hl
      00186A DD 66 FF         [19] 3920 	ld	h, -1 (ix)
                                   3921 ;	spillPairReg hl
                                   3922 ;	spillPairReg hl
      00186D CDrAEr05         [17] 3923 	call	_get_fat
      001870 F1               [10] 3924 	pop	af
      001871 F1               [10] 3925 	pop	af
      001872 4D               [ 4] 3926 	ld	c, l
      001873 44               [ 4] 3927 	ld	b, h
                                   3928 ;ff.c:1786: if (clst <= 1) return FR_INT_ERR;			/* Internal error */
      001874 3E 01            [ 7] 3929 	ld	a, #0x01
      001876 BB               [ 4] 3930 	cp	a, e
      001877 3E 00            [ 7] 3931 	ld	a, #0x00
      001879 9A               [ 4] 3932 	sbc	a, d
      00187A 21 00 00         [10] 3933 	ld	hl, #0x0000
      00187D ED 42            [15] 3934 	sbc	hl, bc
      00187F 38 05            [12] 3935 	jr	C, 00108$
      001881 3E 02            [ 7] 3936 	ld	a, #0x02
      001883 C3rA3r19         [10] 3937 	jp	00132$
      001886                       3938 00108$:
                                   3939 ;ff.c:1787: if (clst == 0xFFFFFFFF) return FR_DISK_ERR;	/* Disk error */
      001886 7B               [ 4] 3940 	ld	a, e
      001887 A2               [ 4] 3941 	and	a, d
      001888 A1               [ 4] 3942 	and	a, c
      001889 A0               [ 4] 3943 	and	a, b
      00188A 3C               [ 4] 3944 	inc	a
      00188B 20 05            [12] 3945 	jr	NZ, 00110$
      00188D 3E 01            [ 7] 3946 	ld	a, #0x01
      00188F C3rA3r19         [10] 3947 	jp	00132$
      001892                       3948 00110$:
                                   3949 ;ff.c:1788: if (clst >= fs->n_fatent) {					/* It reached end of dynamic table */
      001892 E1               [10] 3950 	pop	hl
      001893 E5               [11] 3951 	push	hl
      001894 D5               [11] 3952 	push	de
      001895 C5               [11] 3953 	push	bc
      001896 EB               [ 4] 3954 	ex	de, hl
      001897 21 18 00         [10] 3955 	ld	hl, #24
      00189A 39               [11] 3956 	add	hl, sp
      00189B EB               [ 4] 3957 	ex	de, hl
      00189C 01 14 00         [10] 3958 	ld	bc, #0x0014
      00189F 09               [11] 3959 	add	hl, bc
      0018A0 01 04 00         [10] 3960 	ld	bc, #0x0004
      0018A3 ED B0            [21] 3961 	ldir
      0018A5 C1               [10] 3962 	pop	bc
      0018A6 D1               [10] 3963 	pop	de
      0018A7 7B               [ 4] 3964 	ld	a, e
      0018A8 DD 96 F8         [19] 3965 	sub	a, -8 (ix)
      0018AB 7A               [ 4] 3966 	ld	a, d
      0018AC DD 9E F9         [19] 3967 	sbc	a, -7 (ix)
      0018AF 79               [ 4] 3968 	ld	a, c
      0018B0 DD 9E FA         [19] 3969 	sbc	a, -6 (ix)
      0018B3 78               [ 4] 3970 	ld	a, b
      0018B4 DD 9E FB         [19] 3971 	sbc	a, -5 (ix)
      0018B7 38 70            [12] 3972 	jr	C, 00124$
                                   3973 ;ff.c:1790: if (!stretch) {								/* If no stretch, report EOT */
      0018B9 DD 7E FD         [19] 3974 	ld	a, -3 (ix)
      0018BC DD B6 FC         [19] 3975 	or	a, -4 (ix)
      0018BF 20 13            [12] 3976 	jr	NZ, 00112$
                                   3977 ;ff.c:1791: dp->sect = 0; return FR_NO_FILE;
      0018C1 DD 6E EC         [19] 3978 	ld	l, -20 (ix)
      0018C4 DD 66 ED         [19] 3979 	ld	h, -19 (ix)
      0018C7 AF               [ 4] 3980 	xor	a, a
      0018C8 77               [ 7] 3981 	ld	(hl), a
      0018C9 23               [ 6] 3982 	inc	hl
      0018CA 77               [ 7] 3983 	ld	(hl), a
      0018CB 23               [ 6] 3984 	inc	hl
      0018CC 77               [ 7] 3985 	ld	(hl), a
      0018CD 23               [ 6] 3986 	inc	hl
      0018CE 77               [ 7] 3987 	ld	(hl), a
      0018CF 3E 04            [ 7] 3988 	ld	a, #0x04
      0018D1 C3rA3r19         [10] 3989 	jp	00132$
      0018D4                       3990 00112$:
                                   3991 ;ff.c:1793: clst = create_chain(&dp->obj, dp->clust);	/* Allocate a cluster */
      0018D4 DD 6E F2         [19] 3992 	ld	l, -14 (ix)
      0018D7 DD 66 F3         [19] 3993 	ld	h, -13 (ix)
      0018DA 4E               [ 7] 3994 	ld	c, (hl)
      0018DB 23               [ 6] 3995 	inc	hl
      0018DC 46               [ 7] 3996 	ld	b, (hl)
      0018DD 23               [ 6] 3997 	inc	hl
      0018DE 5E               [ 7] 3998 	ld	e, (hl)
      0018DF 23               [ 6] 3999 	inc	hl
      0018E0 56               [ 7] 4000 	ld	d, (hl)
      0018E1 D5               [11] 4001 	push	de
      0018E2 C5               [11] 4002 	push	bc
      0018E3 DD 6E FE         [19] 4003 	ld	l, -2 (ix)
                                   4004 ;	spillPairReg hl
                                   4005 ;	spillPairReg hl
      0018E6 DD 66 FF         [19] 4006 	ld	h, -1 (ix)
                                   4007 ;	spillPairReg hl
                                   4008 ;	spillPairReg hl
      0018E9 CDrACr0D         [17] 4009 	call	_create_chain
      0018EC F1               [10] 4010 	pop	af
      0018ED F1               [10] 4011 	pop	af
      0018EE 4D               [ 4] 4012 	ld	c, l
      0018EF 44               [ 4] 4013 	ld	b, h
                                   4014 ;ff.c:1794: if (clst == 0) return FR_DENIED;			/* No free cluster */
      0018F0 78               [ 4] 4015 	ld	a, b
      0018F1 B1               [ 4] 4016 	or	a, c
      0018F2 B2               [ 4] 4017 	or	a, d
      0018F3 B3               [ 4] 4018 	or	a, e
      0018F4 20 05            [12] 4019 	jr	NZ, 00114$
      0018F6 3E 07            [ 7] 4020 	ld	a, #0x07
      0018F8 C3rA3r19         [10] 4021 	jp	00132$
      0018FB                       4022 00114$:
                                   4023 ;ff.c:1795: if (clst == 1) return FR_INT_ERR;			/* Internal error */
      0018FB 7B               [ 4] 4024 	ld	a, e
      0018FC 3D               [ 4] 4025 	dec	a
      0018FD B2               [ 4] 4026 	or	a, d
      0018FE B1               [ 4] 4027 	or	a, c
      0018FF B0               [ 4] 4028 	or	a, b
      001900 20 05            [12] 4029 	jr	NZ, 00116$
      001902 3E 02            [ 7] 4030 	ld	a, #0x02
      001904 C3rA3r19         [10] 4031 	jp	00132$
      001907                       4032 00116$:
                                   4033 ;ff.c:1796: if (clst == 0xFFFFFFFF) return FR_DISK_ERR;	/* Disk error */
      001907 7B               [ 4] 4034 	ld	a, e
      001908 A2               [ 4] 4035 	and	a, d
      001909 A1               [ 4] 4036 	and	a, c
      00190A A0               [ 4] 4037 	and	a, b
      00190B 3C               [ 4] 4038 	inc	a
      00190C 20 05            [12] 4039 	jr	NZ, 00118$
      00190E 3E 01            [ 7] 4040 	ld	a, #0x01
      001910 C3rA3r19         [10] 4041 	jp	00132$
      001913                       4042 00118$:
                                   4043 ;ff.c:1797: if (dir_clear(fs, clst) != FR_OK) return FR_DISK_ERR;	/* Clean up the stretched table */
      001913 C5               [11] 4044 	push	bc
      001914 D5               [11] 4045 	push	de
      001915 C5               [11] 4046 	push	bc
      001916 D5               [11] 4047 	push	de
      001917 DD 6E E4         [19] 4048 	ld	l, -28 (ix)
                                   4049 ;	spillPairReg hl
                                   4050 ;	spillPairReg hl
      00191A DD 66 E5         [19] 4051 	ld	h, -27 (ix)
                                   4052 ;	spillPairReg hl
                                   4053 ;	spillPairReg hl
      00191D CDr1Br12         [17] 4054 	call	_dir_clear
      001920 D1               [10] 4055 	pop	de
      001921 C1               [10] 4056 	pop	bc
      001922 B7               [ 4] 4057 	or	a, a
      001923 28 04            [12] 4058 	jr	Z, 00124$
      001925 3E 01            [ 7] 4059 	ld	a, #0x01
      001927 18 7A            [12] 4060 	jr	00132$
                                   4061 ;ff.c:1798: if (FF_FS_EXFAT) dp->obj.stat |= 4;			/* exFAT: The directory has been stretched */
      001929                       4062 00124$:
                                   4063 ;ff.c:1804: dp->clust = clst;		/* Initialize data for new cluster */
      001929 DD 6E F2         [19] 4064 	ld	l, -14 (ix)
      00192C DD 66 F3         [19] 4065 	ld	h, -13 (ix)
      00192F 73               [ 7] 4066 	ld	(hl), e
      001930 23               [ 6] 4067 	inc	hl
      001931 72               [ 7] 4068 	ld	(hl), d
      001932 23               [ 6] 4069 	inc	hl
      001933 71               [ 7] 4070 	ld	(hl), c
      001934 23               [ 6] 4071 	inc	hl
      001935 70               [ 7] 4072 	ld	(hl), b
                                   4073 ;ff.c:1805: dp->sect = clst2sect(fs, clst);
      001936 C5               [11] 4074 	push	bc
      001937 D5               [11] 4075 	push	de
      001938 DD 6E E4         [19] 4076 	ld	l, -28 (ix)
                                   4077 ;	spillPairReg hl
                                   4078 ;	spillPairReg hl
      00193B DD 66 E5         [19] 4079 	ld	h, -27 (ix)
                                   4080 ;	spillPairReg hl
                                   4081 ;	spillPairReg hl
      00193E CDr02r05         [17] 4082 	call	_clst2sect
      001941 F1               [10] 4083 	pop	af
      001942 F1               [10] 4084 	pop	af
      001943 4D               [ 4] 4085 	ld	c, l
      001944 44               [ 4] 4086 	ld	b, h
      001945 DD 6E EC         [19] 4087 	ld	l, -20 (ix)
      001948 DD 66 ED         [19] 4088 	ld	h, -19 (ix)
      00194B 73               [ 7] 4089 	ld	(hl), e
      00194C 23               [ 6] 4090 	inc	hl
      00194D 72               [ 7] 4091 	ld	(hl), d
      00194E 23               [ 6] 4092 	inc	hl
      00194F 71               [ 7] 4093 	ld	(hl), c
      001950 23               [ 6] 4094 	inc	hl
      001951 70               [ 7] 4095 	ld	(hl), b
      001952                       4096 00131$:
                                   4097 ;ff.c:1809: dp->dptr = ofs;						/* Current entry */
      001952 DD 5E E6         [19] 4098 	ld	e, -26 (ix)
      001955 DD 56 E7         [19] 4099 	ld	d, -25 (ix)
      001958 21 04 00         [10] 4100 	ld	hl, #4
      00195B 39               [11] 4101 	add	hl, sp
      00195C 01 04 00         [10] 4102 	ld	bc, #0x0004
      00195F ED B0            [21] 4103 	ldir
                                   4104 ;ff.c:1810: dp->dir = fs->win + ofs % SS(fs);	/* Pointer to the entry in the win[] */
      001961 DD 7E FE         [19] 4105 	ld	a, -2 (ix)
      001964 C6 1A            [ 7] 4106 	add	a, #0x1a
      001966 DD 77 F8         [19] 4107 	ld	-8 (ix), a
      001969 DD 7E FF         [19] 4108 	ld	a, -1 (ix)
      00196C CE 00            [ 7] 4109 	adc	a, #0x00
      00196E DD 77 F9         [19] 4110 	ld	-7 (ix), a
      001971 DD 7E E4         [19] 4111 	ld	a, -28 (ix)
      001974 C6 30            [ 7] 4112 	add	a, #0x30
      001976 DD 77 FA         [19] 4113 	ld	-6 (ix), a
      001979 DD 7E E5         [19] 4114 	ld	a, -27 (ix)
      00197C CE 00            [ 7] 4115 	adc	a, #0x00
      00197E DD 77 FB         [19] 4116 	ld	-5 (ix), a
      001981 DD 7E FA         [19] 4117 	ld	a, -6 (ix)
      001984 DD 86 EE         [19] 4118 	add	a, -18 (ix)
      001987 DD 77 F6         [19] 4119 	ld	-10 (ix), a
      00198A DD 7E FB         [19] 4120 	ld	a, -5 (ix)
      00198D DD 8E EF         [19] 4121 	adc	a, -17 (ix)
      001990 DD 77 F7         [19] 4122 	ld	-9 (ix), a
      001993 DD 6E F8         [19] 4123 	ld	l, -8 (ix)
      001996 DD 66 F9         [19] 4124 	ld	h, -7 (ix)
      001999 DD 7E F6         [19] 4125 	ld	a, -10 (ix)
      00199C 77               [ 7] 4126 	ld	(hl), a
      00199D 23               [ 6] 4127 	inc	hl
      00199E DD 7E F7         [19] 4128 	ld	a, -9 (ix)
      0019A1 77               [ 7] 4129 	ld	(hl), a
                                   4130 ;ff.c:1812: return FR_OK;
      0019A2 AF               [ 4] 4131 	xor	a, a
      0019A3                       4132 00132$:
                                   4133 ;ff.c:1813: }
      0019A3 DD F9            [10] 4134 	ld	sp, ix
      0019A5 DD E1            [14] 4135 	pop	ix
      0019A7 C9               [10] 4136 	ret
                                   4137 ;ff.c:1823: static FRESULT dir_alloc (	/* FR_OK(0):succeeded, !=0:error */
                                   4138 ;	---------------------------------
                                   4139 ; Function dir_alloc
                                   4140 ; ---------------------------------
      0019A8                       4141 _dir_alloc:
      0019A8 DD E5            [15] 4142 	push	ix
      0019AA DD 21 00 00      [14] 4143 	ld	ix,#0
      0019AE DD 39            [15] 4144 	add	ix,sp
      0019B0 FD 21 F3 FF      [14] 4145 	ld	iy, #-13
      0019B4 FD 39            [15] 4146 	add	iy, sp
      0019B6 FD F9            [10] 4147 	ld	sp, iy
      0019B8 DD 75 FC         [19] 4148 	ld	-4 (ix), l
      0019BB DD 74 FD         [19] 4149 	ld	-3 (ix), h
      0019BE DD 73 FA         [19] 4150 	ld	-6 (ix), e
      0019C1 DD 72 FB         [19] 4151 	ld	-5 (ix), d
                                   4152 ;ff.c:1830: FATFS *fs = dp->obj.fs;
      0019C4 DD 6E FC         [19] 4153 	ld	l, -4 (ix)
      0019C7 DD 66 FD         [19] 4154 	ld	h, -3 (ix)
      0019CA 7E               [ 7] 4155 	ld	a, (hl)
      0019CB DD 77 F3         [19] 4156 	ld	-13 (ix), a
      0019CE 23               [ 6] 4157 	inc	hl
      0019CF 7E               [ 7] 4158 	ld	a, (hl)
      0019D0 DD 77 F4         [19] 4159 	ld	-12 (ix), a
                                   4160 ;ff.c:1833: res = dir_sdi(dp, 0);
      0019D3 21 00 00         [10] 4161 	ld	hl, #0x0000
      0019D6 E5               [11] 4162 	push	hl
      0019D7 E5               [11] 4163 	push	hl
      0019D8 DD 6E FC         [19] 4164 	ld	l, -4 (ix)
                                   4165 ;	spillPairReg hl
                                   4166 ;	spillPairReg hl
      0019DB DD 66 FD         [19] 4167 	ld	h, -3 (ix)
                                   4168 ;	spillPairReg hl
                                   4169 ;	spillPairReg hl
      0019DE CDr79r13         [17] 4170 	call	_dir_sdi
                                   4171 ;ff.c:1834: if (res == FR_OK) {
      0019E1 DD 77 F5         [19] 4172 	ld	-11 (ix), a
                                   4173 ;ff.c:1835: n = 0;
      0019E4 B7               [ 4] 4174 	or	a,a
      0019E5 C2r70r1A         [10] 4175 	jp	NZ,00113$
      0019E8 DD 77 FE         [19] 4176 	ld	-2 (ix), a
      0019EB DD 77 FF         [19] 4177 	ld	-1 (ix), a
                                   4178 ;ff.c:1836: do {
      0019EE DD 7E FC         [19] 4179 	ld	a, -4 (ix)
      0019F1 DD 77 F6         [19] 4180 	ld	-10 (ix), a
      0019F4 DD 7E FD         [19] 4181 	ld	a, -3 (ix)
      0019F7 DD 77 F7         [19] 4182 	ld	-9 (ix), a
      0019FA DD 7E FC         [19] 4183 	ld	a, -4 (ix)
      0019FD DD 77 F8         [19] 4184 	ld	-8 (ix), a
      001A00 DD 7E FD         [19] 4185 	ld	a, -3 (ix)
      001A03 DD 77 F9         [19] 4186 	ld	-7 (ix), a
      001A06                       4187 00109$:
                                   4188 ;ff.c:1837: res = move_window(fs, dp->sect);
      001A06 DD 6E F8         [19] 4189 	ld	l, -8 (ix)
      001A09 DD 66 F9         [19] 4190 	ld	h, -7 (ix)
      001A0C 11 16 00         [10] 4191 	ld	de, #0x0016
      001A0F 19               [11] 4192 	add	hl, de
      001A10 4E               [ 7] 4193 	ld	c, (hl)
      001A11 23               [ 6] 4194 	inc	hl
      001A12 46               [ 7] 4195 	ld	b, (hl)
      001A13 23               [ 6] 4196 	inc	hl
      001A14 5E               [ 7] 4197 	ld	e, (hl)
      001A15 23               [ 6] 4198 	inc	hl
      001A16 56               [ 7] 4199 	ld	d, (hl)
      001A17 D5               [11] 4200 	push	de
      001A18 C5               [11] 4201 	push	bc
      001A19 DD 6E F3         [19] 4202 	ld	l, -13 (ix)
                                   4203 ;	spillPairReg hl
                                   4204 ;	spillPairReg hl
      001A1C DD 66 F4         [19] 4205 	ld	h, -12 (ix)
                                   4206 ;	spillPairReg hl
                                   4207 ;	spillPairReg hl
      001A1F CDrDFr02         [17] 4208 	call	_move_window
                                   4209 ;ff.c:1838: if (res != FR_OK) break;
      001A22 DD 77 F5         [19] 4210 	ld	-11 (ix), a
      001A25 B7               [ 4] 4211 	or	a, a
      001A26 20 48            [12] 4212 	jr	NZ, 00113$
                                   4213 ;ff.c:1842: if (dp->dir[DIR_Name] == DDEM || dp->dir[DIR_Name] == 0) {	/* Is the entry free? */
      001A28 DD 6E F6         [19] 4214 	ld	l, -10 (ix)
      001A2B DD 66 F7         [19] 4215 	ld	h, -9 (ix)
      001A2E 11 1A 00         [10] 4216 	ld	de, #0x001a
      001A31 19               [11] 4217 	add	hl, de
      001A32 4E               [ 7] 4218 	ld	c, (hl)
      001A33 23               [ 6] 4219 	inc	hl
      001A34 46               [ 7] 4220 	ld	b, (hl)
      001A35 0A               [ 7] 4221 	ld	a, (bc)
      001A36 FE E5            [ 7] 4222 	cp	a, #0xe5
      001A38 28 03            [12] 4223 	jr	Z, 00105$
      001A3A B7               [ 4] 4224 	or	a, a
      001A3B 20 1A            [12] 4225 	jr	NZ, 00106$
      001A3D                       4226 00105$:
                                   4227 ;ff.c:1844: if (++n == n_ent) break;	/* Is a block of contiguous free entries found? */
      001A3D DD 34 FE         [23] 4228 	inc	-2 (ix)
      001A40 20 03            [12] 4229 	jr	NZ, 00149$
      001A42 DD 34 FF         [23] 4230 	inc	-1 (ix)
      001A45                       4231 00149$:
      001A45 DD 7E FE         [19] 4232 	ld	a, -2 (ix)
      001A48 DD 96 FA         [19] 4233 	sub	a, -6 (ix)
      001A4B 20 11            [12] 4234 	jr	NZ, 00107$
      001A4D DD 7E FF         [19] 4235 	ld	a, -1 (ix)
      001A50 DD 96 FB         [19] 4236 	sub	a, -5 (ix)
      001A53 28 1B            [12] 4237 	jr	Z, 00113$
      001A55 18 07            [12] 4238 	jr	00107$
      001A57                       4239 00106$:
                                   4240 ;ff.c:1846: n = 0;				/* Not a free entry, restart to search */
      001A57 AF               [ 4] 4241 	xor	a, a
      001A58 DD 77 FE         [19] 4242 	ld	-2 (ix), a
      001A5B DD 77 FF         [19] 4243 	ld	-1 (ix), a
      001A5E                       4244 00107$:
                                   4245 ;ff.c:1848: res = dir_next(dp, 1);	/* Next entry with table stretch enabled */
      001A5E 11 01 00         [10] 4246 	ld	de, #0x0001
      001A61 DD 6E FC         [19] 4247 	ld	l, -4 (ix)
                                   4248 ;	spillPairReg hl
                                   4249 ;	spillPairReg hl
      001A64 DD 66 FD         [19] 4250 	ld	h, -3 (ix)
                                   4251 ;	spillPairReg hl
                                   4252 ;	spillPairReg hl
      001A67 CDr94r16         [17] 4253 	call	_dir_next
                                   4254 ;ff.c:1849: } while (res == FR_OK);
      001A6A DD 77 F5         [19] 4255 	ld	-11 (ix), a
      001A6D B7               [ 4] 4256 	or	a, a
      001A6E 28 96            [12] 4257 	jr	Z, 00109$
      001A70                       4258 00113$:
                                   4259 ;ff.c:1852: if (res == FR_NO_FILE) res = FR_DENIED;	/* No directory entry to allocate */
      001A70 DD 7E F5         [19] 4260 	ld	a, -11 (ix)
      001A73 D6 04            [ 7] 4261 	sub	a, #0x04
      001A75 20 04            [12] 4262 	jr	NZ, 00115$
      001A77 DD 36 F5 07      [19] 4263 	ld	-11 (ix), #0x07
      001A7B                       4264 00115$:
                                   4265 ;ff.c:1853: return res;
      001A7B DD 7E F5         [19] 4266 	ld	a, -11 (ix)
                                   4267 ;ff.c:1854: }
      001A7E DD F9            [10] 4268 	ld	sp, ix
      001A80 DD E1            [14] 4269 	pop	ix
      001A82 C9               [10] 4270 	ret
                                   4271 ;ff.c:1865: static DWORD ld_clust (	/* Returns the top cluster value of the SFN entry */
                                   4272 ;	---------------------------------
                                   4273 ; Function ld_clust
                                   4274 ; ---------------------------------
      001A83                       4275 _ld_clust:
      001A83 DD E5            [15] 4276 	push	ix
      001A85 DD 21 00 00      [14] 4277 	ld	ix,#0
      001A89 DD 39            [15] 4278 	add	ix,sp
      001A8B F5               [11] 4279 	push	af
      001A8C F5               [11] 4280 	push	af
      001A8D 4D               [ 4] 4281 	ld	c, l
      001A8E 44               [ 4] 4282 	ld	b, h
                                   4283 ;ff.c:1872: cl = ld_16(dir + DIR_FstClusLO);
      001A8F 21 1A 00         [10] 4284 	ld	hl, #0x001a
      001A92 19               [11] 4285 	add	hl, de
      001A93 C5               [11] 4286 	push	bc
      001A94 D5               [11] 4287 	push	de
      001A95 CDr00r00         [17] 4288 	call	_ld_16
      001A98 EB               [ 4] 4289 	ex	de, hl
      001A99 D1               [10] 4290 	pop	de
      001A9A C1               [10] 4291 	pop	bc
      001A9B E3               [19] 4292 	ex	(sp), hl
      001A9C AF               [ 4] 4293 	xor	a, a
      001A9D DD 77 FE         [19] 4294 	ld	-2 (ix), a
      001AA0 DD 77 FF         [19] 4295 	ld	-1 (ix), a
                                   4296 ;ff.c:1873: if (fs->fs_type == FS_FAT32) {
      001AA3 0A               [ 7] 4297 	ld	a, (bc)
      001AA4 D6 03            [ 7] 4298 	sub	a, #0x03
      001AA6 20 26            [12] 4299 	jr	NZ, 00102$
                                   4300 ;ff.c:1874: cl |= (DWORD)ld_16(dir + DIR_FstClusHI) << 16;
      001AA8 21 14 00         [10] 4301 	ld	hl, #0x0014
      001AAB 19               [11] 4302 	add	hl, de
      001AAC CDr00r00         [17] 4303 	call	_ld_16
      001AAF 01 00 00         [10] 4304 	ld	bc, #0x0000
      001AB2 DD 7E FC         [19] 4305 	ld	a, -4 (ix)
      001AB5 B1               [ 4] 4306 	or	a, c
      001AB6 DD 77 FC         [19] 4307 	ld	-4 (ix), a
      001AB9 DD 7E FD         [19] 4308 	ld	a, -3 (ix)
      001ABC B0               [ 4] 4309 	or	a, b
      001ABD DD 77 FD         [19] 4310 	ld	-3 (ix), a
      001AC0 DD 7E FE         [19] 4311 	ld	a, -2 (ix)
      001AC3 B3               [ 4] 4312 	or	a, e
      001AC4 DD 77 FE         [19] 4313 	ld	-2 (ix), a
      001AC7 DD 7E FF         [19] 4314 	ld	a, -1 (ix)
      001ACA B2               [ 4] 4315 	or	a, d
      001ACB DD 77 FF         [19] 4316 	ld	-1 (ix), a
      001ACE                       4317 00102$:
                                   4318 ;ff.c:1877: return cl;
      001ACE D1               [10] 4319 	pop	de
      001ACF D5               [11] 4320 	push	de
      001AD0 DD 6E FE         [19] 4321 	ld	l, -2 (ix)
                                   4322 ;	spillPairReg hl
                                   4323 ;	spillPairReg hl
      001AD3 DD 66 FF         [19] 4324 	ld	h, -1 (ix)
                                   4325 ;	spillPairReg hl
                                   4326 ;	spillPairReg hl
                                   4327 ;ff.c:1878: }
      001AD6 DD F9            [10] 4328 	ld	sp, ix
      001AD8 DD E1            [14] 4329 	pop	ix
      001ADA C9               [10] 4330 	ret
                                   4331 ;ff.c:1882: static void st_clust (
                                   4332 ;	---------------------------------
                                   4333 ; Function st_clust
                                   4334 ; ---------------------------------
      001ADB                       4335 _st_clust:
      001ADB DD E5            [15] 4336 	push	ix
      001ADD DD 21 00 00      [14] 4337 	ld	ix,#0
      001AE1 DD 39            [15] 4338 	add	ix,sp
      001AE3 4B               [ 4] 4339 	ld	c, e
      001AE4 42               [ 4] 4340 	ld	b, d
                                   4341 ;ff.c:1888: st_16(dir + DIR_FstClusLO, (WORD)cl);
      001AE5 DD 5E 04         [19] 4342 	ld	e, 4 (ix)
      001AE8 DD 56 05         [19] 4343 	ld	d, 5 (ix)
      001AEB FD 21 1A 00      [14] 4344 	ld	iy, #0x001a
      001AEF FD 09            [15] 4345 	add	iy, bc
      001AF1 E5               [11] 4346 	push	hl
      001AF2 C5               [11] 4347 	push	bc
      001AF3 FD E5            [15] 4348 	push	iy
      001AF5 E1               [10] 4349 	pop	hl
      001AF6 CDrA9r00         [17] 4350 	call	_st_16
      001AF9 C1               [10] 4351 	pop	bc
      001AFA E1               [10] 4352 	pop	hl
                                   4353 ;ff.c:1889: if (fs->fs_type == FS_FAT32) {
      001AFB 7E               [ 7] 4354 	ld	a, (hl)
      001AFC D6 03            [ 7] 4355 	sub	a, #0x03
      001AFE 20 0D            [12] 4356 	jr	NZ, 00103$
                                   4357 ;ff.c:1890: st_16(dir + DIR_FstClusHI, (WORD)(cl >> 16));
      001B00 DD 5E 06         [19] 4358 	ld	e, 6 (ix)
      001B03 DD 56 07         [19] 4359 	ld	d, 7 (ix)
      001B06 21 14 00         [10] 4360 	ld	hl, #0x0014
      001B09 09               [11] 4361 	add	hl, bc
      001B0A CDrA9r00         [17] 4362 	call	_st_16
      001B0D                       4363 00103$:
                                   4364 ;ff.c:1892: }
      001B0D DD E1            [14] 4365 	pop	ix
      001B0F E1               [10] 4366 	pop	hl
      001B10 F1               [10] 4367 	pop	af
      001B11 F1               [10] 4368 	pop	af
      001B12 E9               [ 4] 4369 	jp	(hl)
                                   4370 ;ff.c:2334: static FRESULT dir_read (
                                   4371 ;	---------------------------------
                                   4372 ; Function dir_read
                                   4373 ; ---------------------------------
      001B13                       4374 _dir_read:
      001B13 DD E5            [15] 4375 	push	ix
      001B15 DD 21 00 00      [14] 4376 	ld	ix,#0
      001B19 DD 39            [15] 4377 	add	ix,sp
      001B1B FD 21 F1 FF      [14] 4378 	ld	iy, #-15
      001B1F FD 39            [15] 4379 	add	iy, sp
      001B21 FD F9            [10] 4380 	ld	sp, iy
      001B23 DD 75 FE         [19] 4381 	ld	-2 (ix), l
      001B26 DD 74 FF         [19] 4382 	ld	-1 (ix), h
      001B29 DD 73 FC         [19] 4383 	ld	-4 (ix), e
      001B2C DD 72 FD         [19] 4384 	ld	-3 (ix), d
                                   4385 ;ff.c:2339: FRESULT res = FR_NO_FILE;
      001B2F DD 36 F1 04      [19] 4386 	ld	-15 (ix), #0x04
                                   4387 ;ff.c:2340: FATFS *fs = dp->obj.fs;
      001B33 DD 6E FE         [19] 4388 	ld	l, -2 (ix)
      001B36 DD 66 FF         [19] 4389 	ld	h, -1 (ix)
      001B39 7E               [ 7] 4390 	ld	a, (hl)
      001B3A DD 77 F2         [19] 4391 	ld	-14 (ix), a
      001B3D 23               [ 6] 4392 	inc	hl
      001B3E 7E               [ 7] 4393 	ld	a, (hl)
      001B3F DD 77 F3         [19] 4394 	ld	-13 (ix), a
                                   4395 ;ff.c:2346: while (dp->sect) {
      001B42 DD 7E FE         [19] 4396 	ld	a, -2 (ix)
      001B45 C6 16            [ 7] 4397 	add	a, #0x16
      001B47 DD 77 F4         [19] 4398 	ld	-12 (ix), a
      001B4A DD 7E FF         [19] 4399 	ld	a, -1 (ix)
      001B4D CE 00            [ 7] 4400 	adc	a, #0x00
      001B4F DD 77 F5         [19] 4401 	ld	-11 (ix), a
      001B52 DD 7E F4         [19] 4402 	ld	a, -12 (ix)
      001B55 DD 77 F6         [19] 4403 	ld	-10 (ix), a
      001B58 DD 7E F5         [19] 4404 	ld	a, -11 (ix)
      001B5B DD 77 F7         [19] 4405 	ld	-9 (ix), a
      001B5E                       4406 00112$:
      001B5E DD 5E F6         [19] 4407 	ld	e, -10 (ix)
      001B61 DD 56 F7         [19] 4408 	ld	d, -9 (ix)
      001B64 21 07 00         [10] 4409 	ld	hl, #7
      001B67 39               [11] 4410 	add	hl, sp
      001B68 EB               [ 4] 4411 	ex	de, hl
      001B69 01 04 00         [10] 4412 	ld	bc, #0x0004
      001B6C ED B0            [21] 4413 	ldir
      001B6E DD 7E FB         [19] 4414 	ld	a, -5 (ix)
      001B71 DD B6 FA         [19] 4415 	or	a, -6 (ix)
      001B74 DD B6 F9         [19] 4416 	or	a, -7 (ix)
      001B77 DD B6 F8         [19] 4417 	or	a, -8 (ix)
      001B7A CAr07r1C         [10] 4418 	jp	Z, 00114$
                                   4419 ;ff.c:2347: res = move_window(fs, dp->sect);
      001B7D DD 6E FA         [19] 4420 	ld	l, -6 (ix)
                                   4421 ;	spillPairReg hl
                                   4422 ;	spillPairReg hl
      001B80 DD 66 FB         [19] 4423 	ld	h, -5 (ix)
                                   4424 ;	spillPairReg hl
                                   4425 ;	spillPairReg hl
      001B83 E5               [11] 4426 	push	hl
      001B84 DD 6E F8         [19] 4427 	ld	l, -8 (ix)
                                   4428 ;	spillPairReg hl
                                   4429 ;	spillPairReg hl
      001B87 DD 66 F9         [19] 4430 	ld	h, -7 (ix)
                                   4431 ;	spillPairReg hl
                                   4432 ;	spillPairReg hl
      001B8A E5               [11] 4433 	push	hl
      001B8B DD 6E F2         [19] 4434 	ld	l, -14 (ix)
                                   4435 ;	spillPairReg hl
                                   4436 ;	spillPairReg hl
      001B8E DD 66 F3         [19] 4437 	ld	h, -13 (ix)
                                   4438 ;	spillPairReg hl
                                   4439 ;	spillPairReg hl
      001B91 CDrDFr02         [17] 4440 	call	_move_window
                                   4441 ;ff.c:2348: if (res != FR_OK) break;
      001B94 DD 77 F1         [19] 4442 	ld	-15 (ix), a
      001B97 B7               [ 4] 4443 	or	a, a
      001B98 20 6D            [12] 4444 	jr	NZ, 00114$
                                   4445 ;ff.c:2349: et = dp->dir[DIR_Name];	/* Test for the entry type */
      001B9A DD 4E FE         [19] 4446 	ld	c, -2 (ix)
      001B9D DD 46 FF         [19] 4447 	ld	b, -1 (ix)
      001BA0 21 1A 00         [10] 4448 	ld	hl, #26
      001BA3 09               [11] 4449 	add	hl, bc
      001BA4 7E               [ 7] 4450 	ld	a, (hl)
      001BA5 23               [ 6] 4451 	inc	hl
      001BA6 66               [ 7] 4452 	ld	h, (hl)
                                   4453 ;	spillPairReg hl
      001BA7 6F               [ 4] 4454 	ld	l, a
                                   4455 ;	spillPairReg hl
                                   4456 ;	spillPairReg hl
      001BA8 46               [ 7] 4457 	ld	b, (hl)
                                   4458 ;ff.c:2350: if (et == 0) {
      001BA9 78               [ 4] 4459 	ld	a, b
      001BAA B7               [ 4] 4460 	or	a, a
      001BAB 20 06            [12] 4461 	jr	NZ, 00104$
                                   4462 ;ff.c:2351: res = FR_NO_FILE; break; /* Reached to end of the directory */
      001BAD DD 36 F1 04      [19] 4463 	ld	-15 (ix), #0x04
      001BB1 18 54            [12] 4464 	jr	00114$
      001BB3                       4465 00104$:
                                   4466 ;ff.c:2370: dp->obj.attr = attr = dp->dir[DIR_Attr] & AM_MASK;	/* Get attribute */
      001BB3 DD 7E FE         [19] 4467 	ld	a, -2 (ix)
      001BB6 C6 04            [ 7] 4468 	add	a, #0x04
      001BB8 5F               [ 4] 4469 	ld	e, a
      001BB9 DD 7E FF         [19] 4470 	ld	a, -1 (ix)
      001BBC CE 00            [ 7] 4471 	adc	a, #0x00
      001BBE 57               [ 4] 4472 	ld	d, a
      001BBF C5               [11] 4473 	push	bc
      001BC0 01 0B 00         [10] 4474 	ld	bc, #0x000b
      001BC3 09               [11] 4475 	add	hl, bc
      001BC4 C1               [10] 4476 	pop	bc
      001BC5 7E               [ 7] 4477 	ld	a, (hl)
      001BC6 E6 3F            [ 7] 4478 	and	a, #0x3f
      001BC8 4F               [ 4] 4479 	ld	c, a
      001BC9 12               [ 7] 4480 	ld	(de), a
                                   4481 ;ff.c:2391: if (et != DDEM && et != '.' && attr != AM_LFN && (int)((attr & ~AM_ARC) == AM_VOL) == vol) {	/* Is it a valid entry? */
      001BCA 78               [ 4] 4482 	ld	a, b
      001BCB D6 E5            [ 7] 4483 	sub	a, #0xe5
      001BCD 28 25            [12] 4484 	jr	Z, 00106$
      001BCF 78               [ 4] 4485 	ld	a, b
      001BD0 D6 2E            [ 7] 4486 	sub	a, #0x2e
      001BD2 28 20            [12] 4487 	jr	Z, 00106$
      001BD4 79               [ 4] 4488 	ld	a, c
      001BD5 D6 0F            [ 7] 4489 	sub	a, #0x0f
      001BD7 28 1B            [12] 4490 	jr	Z, 00106$
      001BD9 06 00            [ 7] 4491 	ld	b, #0x00
      001BDB CB A9            [ 8] 4492 	res	5, c
      001BDD 79               [ 4] 4493 	ld	a, c
      001BDE D6 08            [ 7] 4494 	sub	a, #0x08
      001BE0 B0               [ 4] 4495 	or	a, b
      001BE1 3E 01            [ 7] 4496 	ld	a, #0x01
      001BE3 28 01            [12] 4497 	jr	Z, 00163$
      001BE5 AF               [ 4] 4498 	xor	a, a
      001BE6                       4499 00163$:
      001BE6 4F               [ 4] 4500 	ld	c, a
      001BE7 06 00            [ 7] 4501 	ld	b, #0x00
      001BE9 DD 6E FC         [19] 4502 	ld	l, -4 (ix)
      001BEC DD 66 FD         [19] 4503 	ld	h, -3 (ix)
      001BEF BF               [ 4] 4504 	cp	a, a
      001BF0 ED 42            [15] 4505 	sbc	hl, bc
      001BF2 28 13            [12] 4506 	jr	Z, 00114$
                                   4507 ;ff.c:2392: break;
      001BF4                       4508 00106$:
                                   4509 ;ff.c:2396: res = dir_next(dp, 0);		/* Next entry */
      001BF4 11 00 00         [10] 4510 	ld	de, #0x0000
      001BF7 DD 6E FE         [19] 4511 	ld	l, -2 (ix)
                                   4512 ;	spillPairReg hl
                                   4513 ;	spillPairReg hl
      001BFA DD 66 FF         [19] 4514 	ld	h, -1 (ix)
                                   4515 ;	spillPairReg hl
                                   4516 ;	spillPairReg hl
      001BFD CDr94r16         [17] 4517 	call	_dir_next
                                   4518 ;ff.c:2397: if (res != FR_OK) break;
      001C00 DD 77 F1         [19] 4519 	ld	-15 (ix), a
      001C03 B7               [ 4] 4520 	or	a, a
      001C04 CAr5Er1B         [10] 4521 	jp	Z, 00112$
      001C07                       4522 00114$:
                                   4523 ;ff.c:2400: if (res != FR_OK) dp->sect = 0;		/* Terminate the read operation on error or EOT */
      001C07 DD 7E F1         [19] 4524 	ld	a, -15 (ix)
      001C0A B7               [ 4] 4525 	or	a, a
      001C0B 28 0E            [12] 4526 	jr	Z, 00116$
      001C0D DD 6E F4         [19] 4527 	ld	l, -12 (ix)
      001C10 DD 66 F5         [19] 4528 	ld	h, -11 (ix)
      001C13 AF               [ 4] 4529 	xor	a, a
      001C14 77               [ 7] 4530 	ld	(hl), a
      001C15 23               [ 6] 4531 	inc	hl
      001C16 77               [ 7] 4532 	ld	(hl), a
      001C17 23               [ 6] 4533 	inc	hl
      001C18 77               [ 7] 4534 	ld	(hl), a
      001C19 23               [ 6] 4535 	inc	hl
      001C1A 77               [ 7] 4536 	ld	(hl), a
      001C1B                       4537 00116$:
                                   4538 ;ff.c:2401: return res;
      001C1B DD 7E F1         [19] 4539 	ld	a, -15 (ix)
                                   4540 ;ff.c:2402: }
      001C1E DD F9            [10] 4541 	ld	sp, ix
      001C20 DD E1            [14] 4542 	pop	ix
      001C22 C9               [10] 4543 	ret
                                   4544 ;ff.c:2412: static FRESULT dir_find (	/* FR_OK(0):succeeded, !=0:error */
                                   4545 ;	---------------------------------
                                   4546 ; Function dir_find
                                   4547 ; ---------------------------------
      001C23                       4548 _dir_find:
      001C23 DD E5            [15] 4549 	push	ix
      001C25 DD 21 00 00      [14] 4550 	ld	ix,#0
      001C29 DD 39            [15] 4551 	add	ix,sp
      001C2B FD 21 F7 FF      [14] 4552 	ld	iy, #-9
      001C2F FD 39            [15] 4553 	add	iy, sp
      001C31 FD F9            [10] 4554 	ld	sp, iy
                                   4555 ;ff.c:2417: FATFS *fs = dp->obj.fs;
      001C33 DD 75 FE         [19] 4556 	ld	-2 (ix), l
      001C36 DD 74 FF         [19] 4557 	ld	-1 (ix), h
      001C39 7E               [ 7] 4558 	ld	a, (hl)
      001C3A DD 77 F7         [19] 4559 	ld	-9 (ix), a
      001C3D 23               [ 6] 4560 	inc	hl
      001C3E 7E               [ 7] 4561 	ld	a, (hl)
      001C3F DD 77 F8         [19] 4562 	ld	-8 (ix), a
                                   4563 ;ff.c:2423: res = dir_sdi(dp, 0);			/* Rewind directory object */
      001C42 21 00 00         [10] 4564 	ld	hl, #0x0000
      001C45 E5               [11] 4565 	push	hl
      001C46 E5               [11] 4566 	push	hl
      001C47 DD 6E FE         [19] 4567 	ld	l, -2 (ix)
                                   4568 ;	spillPairReg hl
                                   4569 ;	spillPairReg hl
      001C4A DD 66 FF         [19] 4570 	ld	h, -1 (ix)
                                   4571 ;	spillPairReg hl
                                   4572 ;	spillPairReg hl
      001C4D CDr79r13         [17] 4573 	call	_dir_sdi
                                   4574 ;ff.c:2424: if (res != FR_OK) return res;
      001C50 DD 77 FD         [19] 4575 	ld	-3 (ix), a
      001C53 B7               [ 4] 4576 	or	a, a
      001C54 28 06            [12] 4577 	jr	Z, 00119$
      001C56 DD 7E FD         [19] 4578 	ld	a, -3 (ix)
      001C59 C3r02r1D         [10] 4579 	jp	00113$
                                   4580 ;ff.c:2449: do {
      001C5C                       4581 00119$:
      001C5C DD 7E FE         [19] 4582 	ld	a, -2 (ix)
      001C5F C6 1C            [ 7] 4583 	add	a, #0x1c
      001C61 DD 77 F9         [19] 4584 	ld	-7 (ix), a
      001C64 DD 7E FF         [19] 4585 	ld	a, -1 (ix)
      001C67 CE 00            [ 7] 4586 	adc	a, #0x00
      001C69 DD 77 FA         [19] 4587 	ld	-6 (ix), a
      001C6C DD 7E FE         [19] 4588 	ld	a, -2 (ix)
      001C6F DD 77 FB         [19] 4589 	ld	-5 (ix), a
      001C72 DD 7E FF         [19] 4590 	ld	a, -1 (ix)
      001C75 DD 77 FC         [19] 4591 	ld	-4 (ix), a
      001C78                       4592 00110$:
                                   4593 ;ff.c:2450: res = move_window(fs, dp->sect);
      001C78 DD 6E FB         [19] 4594 	ld	l, -5 (ix)
      001C7B DD 66 FC         [19] 4595 	ld	h, -4 (ix)
      001C7E 11 16 00         [10] 4596 	ld	de, #0x0016
      001C81 19               [11] 4597 	add	hl, de
      001C82 4E               [ 7] 4598 	ld	c, (hl)
      001C83 23               [ 6] 4599 	inc	hl
      001C84 46               [ 7] 4600 	ld	b, (hl)
      001C85 23               [ 6] 4601 	inc	hl
      001C86 5E               [ 7] 4602 	ld	e, (hl)
      001C87 23               [ 6] 4603 	inc	hl
      001C88 56               [ 7] 4604 	ld	d, (hl)
      001C89 D5               [11] 4605 	push	de
      001C8A C5               [11] 4606 	push	bc
      001C8B DD 6E F7         [19] 4607 	ld	l, -9 (ix)
                                   4608 ;	spillPairReg hl
                                   4609 ;	spillPairReg hl
      001C8E DD 66 F8         [19] 4610 	ld	h, -8 (ix)
                                   4611 ;	spillPairReg hl
                                   4612 ;	spillPairReg hl
      001C91 CDrDFr02         [17] 4613 	call	_move_window
                                   4614 ;ff.c:2451: if (res != FR_OK) break;
      001C94 DD 77 FD         [19] 4615 	ld	-3 (ix), a
      001C97 B7               [ 4] 4616 	or	a, a
      001C98 20 65            [12] 4617 	jr	NZ, 00112$
                                   4618 ;ff.c:2452: et = dp->dir[DIR_Name];		/* Entry type */
      001C9A DD 7E FE         [19] 4619 	ld	a, -2 (ix)
      001C9D C6 1A            [ 7] 4620 	add	a, #0x1a
      001C9F 4F               [ 4] 4621 	ld	c, a
      001CA0 DD 7E FF         [19] 4622 	ld	a, -1 (ix)
      001CA3 CE 00            [ 7] 4623 	adc	a, #0x00
      001CA5 47               [ 4] 4624 	ld	b, a
      001CA6 69               [ 4] 4625 	ld	l, c
      001CA7 60               [ 4] 4626 	ld	h, b
      001CA8 7E               [ 7] 4627 	ld	a, (hl)
      001CA9 23               [ 6] 4628 	inc	hl
      001CAA 66               [ 7] 4629 	ld	h, (hl)
                                   4630 ;	spillPairReg hl
      001CAB 6F               [ 4] 4631 	ld	l, a
                                   4632 ;	spillPairReg hl
                                   4633 ;	spillPairReg hl
      001CAC 7E               [ 7] 4634 	ld	a, (hl)
                                   4635 ;ff.c:2453: if (et == 0) { res = FR_NO_FILE; break; }	/* Reached end of directory table */
      001CAD B7               [ 4] 4636 	or	a, a
      001CAE 20 06            [12] 4637 	jr	NZ, 00106$
      001CB0 DD 36 FD 04      [19] 4638 	ld	-3 (ix), #0x04
      001CB4 18 49            [12] 4639 	jr	00112$
      001CB6                       4640 00106$:
                                   4641 ;ff.c:2477: dp->obj.attr = dp->dir[DIR_Attr] & AM_MASK;
      001CB6 DD 7E FE         [19] 4642 	ld	a, -2 (ix)
      001CB9 C6 04            [ 7] 4643 	add	a, #0x04
      001CBB 5F               [ 4] 4644 	ld	e, a
      001CBC DD 7E FF         [19] 4645 	ld	a, -1 (ix)
      001CBF CE 00            [ 7] 4646 	adc	a, #0x00
      001CC1 57               [ 4] 4647 	ld	d, a
      001CC2 C5               [11] 4648 	push	bc
      001CC3 01 0B 00         [10] 4649 	ld	bc, #0x000b
      001CC6 09               [11] 4650 	add	hl, bc
      001CC7 C1               [10] 4651 	pop	bc
      001CC8 7E               [ 7] 4652 	ld	a, (hl)
      001CC9 E6 3F            [ 7] 4653 	and	a, #0x3f
      001CCB 12               [ 7] 4654 	ld	(de), a
                                   4655 ;ff.c:2478: if (!(dp->dir[DIR_Attr] & AM_VOL) && !memcmp(dp->dir, dp->fn, 11)) break;	/* Is it a valid entry? */
      001CCC 69               [ 4] 4656 	ld	l, c
      001CCD 60               [ 4] 4657 	ld	h, b
      001CCE 4E               [ 7] 4658 	ld	c, (hl)
      001CCF 23               [ 6] 4659 	inc	hl
      001CD0 7E               [ 7] 4660 	ld	a, (hl)
      001CD1 59               [ 4] 4661 	ld	e, c
      001CD2 57               [ 4] 4662 	ld	d, a
      001CD3 21 0B 00         [10] 4663 	ld	hl, #11
      001CD6 19               [11] 4664 	add	hl, de
      001CD7 CB 5E            [12] 4665 	bit	3, (hl)
      001CD9 20 11            [12] 4666 	jr	NZ, 00108$
      001CDB E1               [10] 4667 	pop	hl
      001CDC D1               [10] 4668 	pop	de
      001CDD D5               [11] 4669 	push	de
      001CDE E5               [11] 4670 	push	hl
      001CDF 69               [ 4] 4671 	ld	l, c
                                   4672 ;	spillPairReg hl
                                   4673 ;	spillPairReg hl
      001CE0 67               [ 4] 4674 	ld	h, a
                                   4675 ;	spillPairReg hl
                                   4676 ;	spillPairReg hl
      001CE1 01 0B 00         [10] 4677 	ld	bc, #0x000b
      001CE4 C5               [11] 4678 	push	bc
      001CE5 CDr00r00         [17] 4679 	call	_memcmp
      001CE8 7A               [ 4] 4680 	ld	a, d
      001CE9 B3               [ 4] 4681 	or	a, e
      001CEA 28 13            [12] 4682 	jr	Z, 00112$
      001CEC                       4683 00108$:
                                   4684 ;ff.c:2480: res = dir_next(dp, 0);	/* Next entry */
      001CEC 11 00 00         [10] 4685 	ld	de, #0x0000
      001CEF DD 6E FE         [19] 4686 	ld	l, -2 (ix)
                                   4687 ;	spillPairReg hl
                                   4688 ;	spillPairReg hl
      001CF2 DD 66 FF         [19] 4689 	ld	h, -1 (ix)
                                   4690 ;	spillPairReg hl
                                   4691 ;	spillPairReg hl
      001CF5 CDr94r16         [17] 4692 	call	_dir_next
                                   4693 ;ff.c:2481: } while (res == FR_OK);
      001CF8 DD 77 FD         [19] 4694 	ld	-3 (ix), a
      001CFB B7               [ 4] 4695 	or	a, a
      001CFC CAr78r1C         [10] 4696 	jp	Z, 00110$
      001CFF                       4697 00112$:
                                   4698 ;ff.c:2483: return res;
      001CFF DD 7E FD         [19] 4699 	ld	a, -3 (ix)
      001D02                       4700 00113$:
                                   4701 ;ff.c:2484: }
      001D02 DD F9            [10] 4702 	ld	sp, ix
      001D04 DD E1            [14] 4703 	pop	ix
      001D06 C9               [10] 4704 	ret
                                   4705 ;ff.c:2494: static FRESULT dir_register (	/* FR_OK:succeeded, FR_DENIED:no free entry or too many SFN collision, FR_DISK_ERR:disk error */
                                   4706 ;	---------------------------------
                                   4707 ; Function dir_register
                                   4708 ; ---------------------------------
      001D07                       4709 _dir_register:
      001D07 DD E5            [15] 4710 	push	ix
      001D09 DD 21 00 00      [14] 4711 	ld	ix,#0
      001D0D DD 39            [15] 4712 	add	ix,sp
      001D0F F5               [11] 4713 	push	af
      001D10 F5               [11] 4714 	push	af
      001D11 4D               [ 4] 4715 	ld	c, l
      001D12 44               [ 4] 4716 	ld	b, h
                                   4717 ;ff.c:2499: FATFS *fs = dp->obj.fs;
      001D13 0A               [ 7] 4718 	ld	a, (bc)
      001D14 DD 77 FC         [19] 4719 	ld	-4 (ix), a
      001D17 03               [ 6] 4720 	inc	bc
      001D18 0A               [ 7] 4721 	ld	a, (bc)
      001D19 DD 77 FD         [19] 4722 	ld	-3 (ix), a
      001D1C 0B               [ 6] 4723 	dec	bc
                                   4724 ;ff.c:2578: res = dir_alloc(dp, 1);		/* Allocate an entry for SFN */
      001D1D C5               [11] 4725 	push	bc
      001D1E 11 01 00         [10] 4726 	ld	de, #0x0001
      001D21 69               [ 4] 4727 	ld	l, c
                                   4728 ;	spillPairReg hl
                                   4729 ;	spillPairReg hl
      001D22 60               [ 4] 4730 	ld	h, b
                                   4731 ;	spillPairReg hl
                                   4732 ;	spillPairReg hl
      001D23 CDrA8r19         [17] 4733 	call	_dir_alloc
      001D26 C1               [10] 4734 	pop	bc
                                   4735 ;ff.c:2583: if (res == FR_OK) {
      001D27 5F               [ 4] 4736 	ld	e, a
      001D28 B7               [ 4] 4737 	or	a, a
      001D29 20 5C            [12] 4738 	jr	NZ, 00104$
                                   4739 ;ff.c:2584: res = move_window(fs, dp->sect);
      001D2B 59               [ 4] 4740 	ld	e, c
      001D2C 50               [ 4] 4741 	ld	d, b
      001D2D 21 16 00         [10] 4742 	ld	hl, #22
      001D30 19               [11] 4743 	add	hl, de
      001D31 5E               [ 7] 4744 	ld	e, (hl)
      001D32 23               [ 6] 4745 	inc	hl
      001D33 56               [ 7] 4746 	ld	d, (hl)
      001D34 23               [ 6] 4747 	inc	hl
      001D35 23               [ 6] 4748 	inc	hl
      001D36 7E               [ 7] 4749 	ld	a, (hl)
      001D37 2B               [ 6] 4750 	dec	hl
      001D38 6E               [ 7] 4751 	ld	l, (hl)
                                   4752 ;	spillPairReg hl
      001D39 67               [ 4] 4753 	ld	h, a
                                   4754 ;	spillPairReg hl
                                   4755 ;	spillPairReg hl
      001D3A C5               [11] 4756 	push	bc
      001D3B E5               [11] 4757 	push	hl
      001D3C D5               [11] 4758 	push	de
      001D3D DD 6E FC         [19] 4759 	ld	l, -4 (ix)
                                   4760 ;	spillPairReg hl
                                   4761 ;	spillPairReg hl
      001D40 DD 66 FD         [19] 4762 	ld	h, -3 (ix)
                                   4763 ;	spillPairReg hl
                                   4764 ;	spillPairReg hl
      001D43 CDrDFr02         [17] 4765 	call	_move_window
      001D46 C1               [10] 4766 	pop	bc
                                   4767 ;ff.c:2585: if (res == FR_OK) {
      001D47 5F               [ 4] 4768 	ld	e, a
      001D48 B7               [ 4] 4769 	or	a, a
      001D49 20 3C            [12] 4770 	jr	NZ, 00104$
                                   4771 ;ff.c:2586: memset(dp->dir, 0, SZDIRE);	/* Clean the entry */
      001D4B 21 1A 00         [10] 4772 	ld	hl, #0x001a
      001D4E 09               [11] 4773 	add	hl, bc
      001D4F 7E               [ 7] 4774 	ld	a, (hl)
      001D50 23               [ 6] 4775 	inc	hl
      001D51 56               [ 7] 4776 	ld	d, (hl)
      001D52 2B               [ 6] 4777 	dec	hl
      001D53 DD 77 FE         [19] 4778 	ld	-2 (ix), a
      001D56 DD 72 FF         [19] 4779 	ld	-1 (ix), d
      001D59 E5               [11] 4780 	push	hl
      001D5A C5               [11] 4781 	push	bc
      001D5B DD 6E FE         [19] 4782 	ld	l, -2 (ix)
      001D5E DD 66 FF         [19] 4783 	ld	h, -1 (ix)
      001D61 06 20            [ 7] 4784 	ld	b, #0x20
      001D63                       4785 00117$:
      001D63 36 00            [10] 4786 	ld	(hl), #0x00
      001D65 23               [ 6] 4787 	inc	hl
      001D66 10 FB            [13] 4788 	djnz	00117$
      001D68 C1               [10] 4789 	pop	bc
      001D69 E1               [10] 4790 	pop	hl
                                   4791 ;ff.c:2587: memcpy(dp->dir + DIR_Name, dp->fn, 11);	/* Put SFN */
      001D6A 7E               [ 7] 4792 	ld	a, (hl)
      001D6B 23               [ 6] 4793 	inc	hl
      001D6C 66               [ 7] 4794 	ld	h, (hl)
                                   4795 ;	spillPairReg hl
      001D6D 6F               [ 4] 4796 	ld	l, a
                                   4797 ;	spillPairReg hl
                                   4798 ;	spillPairReg hl
      001D6E 79               [ 4] 4799 	ld	a, c
      001D6F C6 1C            [ 7] 4800 	add	a, #0x1c
      001D71 4F               [ 4] 4801 	ld	c, a
      001D72 30 01            [12] 4802 	jr	NC, 00119$
      001D74 04               [ 4] 4803 	inc	b
      001D75                       4804 00119$:
      001D75 EB               [ 4] 4805 	ex	de, hl
      001D76 E5               [11] 4806 	push	hl
      001D77 69               [ 4] 4807 	ld	l, c
                                   4808 ;	spillPairReg hl
                                   4809 ;	spillPairReg hl
      001D78 60               [ 4] 4810 	ld	h, b
                                   4811 ;	spillPairReg hl
                                   4812 ;	spillPairReg hl
      001D79 01 0B 00         [10] 4813 	ld	bc, #0x000b
      001D7C ED B0            [21] 4814 	ldir
      001D7E D1               [10] 4815 	pop	de
                                   4816 ;ff.c:2591: fs->wflag = 1;
      001D7F E1               [10] 4817 	pop	hl
      001D80 E5               [11] 4818 	push	hl
      001D81 01 04 00         [10] 4819 	ld	bc, #0x0004
      001D84 09               [11] 4820 	add	hl, bc
      001D85 36 01            [10] 4821 	ld	(hl), #0x01
      001D87                       4822 00104$:
                                   4823 ;ff.c:2595: return res;
      001D87 7B               [ 4] 4824 	ld	a, e
                                   4825 ;ff.c:2596: }
      001D88 DD F9            [10] 4826 	ld	sp, ix
      001D8A DD E1            [14] 4827 	pop	ix
      001D8C C9               [10] 4828 	ret
                                   4829 ;ff.c:2607: static FRESULT dir_remove (	/* FR_OK:Succeeded, FR_DISK_ERR:A disk error */
                                   4830 ;	---------------------------------
                                   4831 ; Function dir_remove
                                   4832 ; ---------------------------------
      001D8D                       4833 _dir_remove:
      001D8D DD E5            [15] 4834 	push	ix
      001D8F DD 21 00 00      [14] 4835 	ld	ix,#0
      001D93 DD 39            [15] 4836 	add	ix,sp
      001D95 F5               [11] 4837 	push	af
      001D96 EB               [ 4] 4838 	ex	de, hl
                                   4839 ;ff.c:2612: FATFS *fs = dp->obj.fs;
      001D97 1A               [ 7] 4840 	ld	a, (de)
      001D98 DD 77 FE         [19] 4841 	ld	-2 (ix), a
      001D9B 13               [ 6] 4842 	inc	de
      001D9C 1A               [ 7] 4843 	ld	a, (de)
      001D9D DD 77 FF         [19] 4844 	ld	-1 (ix), a
      001DA0 1B               [ 6] 4845 	dec	de
                                   4846 ;ff.c:2634: res = move_window(fs, dp->sect);
      001DA1 4B               [ 4] 4847 	ld	c, e
      001DA2 42               [ 4] 4848 	ld	b, d
      001DA3 21 16 00         [10] 4849 	ld	hl, #22
      001DA6 09               [11] 4850 	add	hl, bc
      001DA7 4E               [ 7] 4851 	ld	c, (hl)
      001DA8 23               [ 6] 4852 	inc	hl
      001DA9 46               [ 7] 4853 	ld	b, (hl)
      001DAA 23               [ 6] 4854 	inc	hl
      001DAB 23               [ 6] 4855 	inc	hl
      001DAC 7E               [ 7] 4856 	ld	a, (hl)
      001DAD 2B               [ 6] 4857 	dec	hl
      001DAE 6E               [ 7] 4858 	ld	l, (hl)
                                   4859 ;	spillPairReg hl
      001DAF 67               [ 4] 4860 	ld	h, a
                                   4861 ;	spillPairReg hl
                                   4862 ;	spillPairReg hl
      001DB0 D5               [11] 4863 	push	de
      001DB1 E5               [11] 4864 	push	hl
      001DB2 C5               [11] 4865 	push	bc
      001DB3 DD 6E FE         [19] 4866 	ld	l, -2 (ix)
                                   4867 ;	spillPairReg hl
                                   4868 ;	spillPairReg hl
      001DB6 DD 66 FF         [19] 4869 	ld	h, -1 (ix)
                                   4870 ;	spillPairReg hl
                                   4871 ;	spillPairReg hl
      001DB9 CDrDFr02         [17] 4872 	call	_move_window
      001DBC D1               [10] 4873 	pop	de
      001DBD 4F               [ 4] 4874 	ld	c, a
                                   4875 ;ff.c:2635: if (res == FR_OK) {
      001DBE B7               [ 4] 4876 	or	a, a
      001DBF 20 12            [12] 4877 	jr	NZ, 00102$
                                   4878 ;ff.c:2636: dp->dir[DIR_Name] = DDEM;	/* Mark the entry 'deleted'.*/
      001DC1 21 1A 00         [10] 4879 	ld	hl, #26
      001DC4 19               [11] 4880 	add	hl, de
      001DC5 5E               [ 7] 4881 	ld	e, (hl)
      001DC6 23               [ 6] 4882 	inc	hl
      001DC7 56               [ 7] 4883 	ld	d, (hl)
      001DC8 3E E5            [ 7] 4884 	ld	a, #0xe5
      001DCA 12               [ 7] 4885 	ld	(de), a
                                   4886 ;ff.c:2637: fs->wflag = 1;
      001DCB E1               [10] 4887 	pop	hl
      001DCC E5               [11] 4888 	push	hl
      001DCD 11 04 00         [10] 4889 	ld	de, #0x0004
      001DD0 19               [11] 4890 	add	hl, de
      001DD1 36 01            [10] 4891 	ld	(hl), #0x01
      001DD3                       4892 00102$:
                                   4893 ;ff.c:2641: return res;
      001DD3 79               [ 4] 4894 	ld	a, c
                                   4895 ;ff.c:2642: }
      001DD4 DD F9            [10] 4896 	ld	sp, ix
      001DD6 DD E1            [14] 4897 	pop	ix
      001DD8 C9               [10] 4898 	ret
                                   4899 ;ff.c:2653: static void get_fileinfo (
                                   4900 ;	---------------------------------
                                   4901 ; Function get_fileinfo
                                   4902 ; ---------------------------------
      001DD9                       4903 _get_fileinfo:
      001DD9 DD E5            [15] 4904 	push	ix
      001DDB DD 21 00 00      [14] 4905 	ld	ix,#0
      001DDF DD 39            [15] 4906 	add	ix,sp
      001DE1 FD 21 F7 FF      [14] 4907 	ld	iy, #-9
      001DE5 FD 39            [15] 4908 	add	iy, sp
      001DE7 FD F9            [10] 4909 	ld	sp, iy
      001DE9 4D               [ 4] 4910 	ld	c, l
      001DEA 44               [ 4] 4911 	ld	b, h
                                   4912 ;ff.c:2668: fno->fname[0] = 0;
      001DEB 21 09 00         [10] 4913 	ld	hl, #0x0009
      001DEE 19               [11] 4914 	add	hl, de
      001DEF 36 00            [10] 4915 	ld	(hl), #0x00
                                   4916 ;ff.c:2669: if (dp->sect == 0) return;	/* Exit if read pointer has reached end of directory */
      001DF1 69               [ 4] 4917 	ld	l, c
                                   4918 ;	spillPairReg hl
                                   4919 ;	spillPairReg hl
      001DF2 60               [ 4] 4920 	ld	h, b
                                   4921 ;	spillPairReg hl
                                   4922 ;	spillPairReg hl
      001DF3 D5               [11] 4923 	push	de
      001DF4 C5               [11] 4924 	push	bc
      001DF5 EB               [ 4] 4925 	ex	de, hl
      001DF6 21 09 00         [10] 4926 	ld	hl, #9
      001DF9 39               [11] 4927 	add	hl, sp
      001DFA EB               [ 4] 4928 	ex	de, hl
      001DFB 01 16 00         [10] 4929 	ld	bc, #0x0016
      001DFE 09               [11] 4930 	add	hl, bc
      001DFF 01 04 00         [10] 4931 	ld	bc, #0x0004
      001E02 ED B0            [21] 4932 	ldir
      001E04 C1               [10] 4933 	pop	bc
      001E05 D1               [10] 4934 	pop	de
      001E06 DD 7E FF         [19] 4935 	ld	a, -1 (ix)
      001E09 DD B6 FE         [19] 4936 	or	a, -2 (ix)
      001E0C DD B6 FD         [19] 4937 	or	a, -3 (ix)
      001E0F DD B6 FC         [19] 4938 	or	a, -4 (ix)
      001E12 CAr21r1F         [10] 4939 	jp	Z,00112$
                                   4940 ;ff.c:2774: si = di = 0;
      001E15 AF               [ 4] 4941 	xor	a, a
      001E16 DD 77 FC         [19] 4942 	ld	-4 (ix), a
      001E19 DD 77 FD         [19] 4943 	ld	-3 (ix), a
                                   4944 ;ff.c:2775: while (si < 11) {		/* Copy name body and extension */
      001E1C 21 1A 00         [10] 4945 	ld	hl, #0x001a
      001E1F 09               [11] 4946 	add	hl, bc
      001E20 E3               [19] 4947 	ex	(sp), hl
      001E21 21 09 00         [10] 4948 	ld	hl, #0x0009
      001E24 19               [11] 4949 	add	hl, de
      001E25 4D               [ 4] 4950 	ld	c, l
      001E26 44               [ 4] 4951 	ld	b, h
      001E27 DD 71 F9         [19] 4952 	ld	-7 (ix), c
      001E2A DD 70 FA         [19] 4953 	ld	-6 (ix), b
      001E2D AF               [ 4] 4954 	xor	a, a
      001E2E DD 77 FE         [19] 4955 	ld	-2 (ix), a
      001E31 DD 77 FF         [19] 4956 	ld	-1 (ix), a
      001E34                       4957 00109$:
      001E34 DD 7E FE         [19] 4958 	ld	a, -2 (ix)
      001E37 D6 0B            [ 7] 4959 	sub	a, #0x0b
      001E39 DD 7E FF         [19] 4960 	ld	a, -1 (ix)
      001E3C DE 00            [ 7] 4961 	sbc	a, #0x00
      001E3E 30 61            [12] 4962 	jr	NC, 00111$
                                   4963 ;ff.c:2776: c = (TCHAR)dp->dir[si++];
      001E40 E1               [10] 4964 	pop	hl
      001E41 E5               [11] 4965 	push	hl
      001E42 7E               [ 7] 4966 	ld	a, (hl)
      001E43 23               [ 6] 4967 	inc	hl
      001E44 66               [ 7] 4968 	ld	h, (hl)
                                   4969 ;	spillPairReg hl
                                   4970 ;	spillPairReg hl
                                   4971 ;	spillPairReg hl
      001E45 DD 86 FE         [19] 4972 	add	a, -2 (ix)
      001E48 6F               [ 4] 4973 	ld	l, a
                                   4974 ;	spillPairReg hl
                                   4975 ;	spillPairReg hl
      001E49 7C               [ 4] 4976 	ld	a, h
      001E4A DD 8E FF         [19] 4977 	adc	a, -1 (ix)
      001E4D DD 34 FE         [23] 4978 	inc	-2 (ix)
      001E50 20 03            [12] 4979 	jr	NZ, 00145$
      001E52 DD 34 FF         [23] 4980 	inc	-1 (ix)
      001E55                       4981 00145$:
      001E55 67               [ 4] 4982 	ld	h, a
      001E56 7E               [ 7] 4983 	ld	a, (hl)
                                   4984 ;ff.c:2777: if (c == ' ') continue;		/* Skip padding spaces */
      001E57 DD 77 FB         [19] 4985 	ld	-5 (ix), a
      001E5A D6 20            [ 7] 4986 	sub	a, #0x20
      001E5C 28 D6            [12] 4987 	jr	Z, 00109$
                                   4988 ;ff.c:2778: if (c == RDDEM) c = DDEM;	/* Restore replaced DDEM character */
      001E5E DD 7E FB         [19] 4989 	ld	a, -5 (ix)
      001E61 D6 05            [ 7] 4990 	sub	a, #0x05
      001E63 20 04            [12] 4991 	jr	NZ, 00106$
      001E65 DD 36 FB E5      [19] 4992 	ld	-5 (ix), #0xe5
      001E69                       4993 00106$:
                                   4994 ;ff.c:2779: if (si == 9) fno->fname[di++] = '.';/* Insert a . if extension is exist */
      001E69 DD 7E FE         [19] 4995 	ld	a, -2 (ix)
      001E6C D6 09            [ 7] 4996 	sub	a, #0x09
      001E6E DD B6 FF         [19] 4997 	or	a, -1 (ix)
      001E71 20 11            [12] 4998 	jr	NZ, 00108$
      001E73 DD 6E FC         [19] 4999 	ld	l, -4 (ix)
                                   5000 ;	spillPairReg hl
                                   5001 ;	spillPairReg hl
      001E76 DD 66 FD         [19] 5002 	ld	h, -3 (ix)
                                   5003 ;	spillPairReg hl
                                   5004 ;	spillPairReg hl
      001E79 DD 34 FC         [23] 5005 	inc	-4 (ix)
      001E7C 20 03            [12] 5006 	jr	NZ, 00151$
      001E7E DD 34 FD         [23] 5007 	inc	-3 (ix)
      001E81                       5008 00151$:
      001E81 09               [11] 5009 	add	hl, bc
      001E82 36 2E            [10] 5010 	ld	(hl), #0x2e
      001E84                       5011 00108$:
                                   5012 ;ff.c:2780: fno->fname[di++] = c;
      001E84 DD 7E FC         [19] 5013 	ld	a, -4 (ix)
      001E87 DD 66 FD         [19] 5014 	ld	h, -3 (ix)
                                   5015 ;	spillPairReg hl
                                   5016 ;	spillPairReg hl
      001E8A DD 34 FC         [23] 5017 	inc	-4 (ix)
      001E8D 20 03            [12] 5018 	jr	NZ, 00152$
      001E8F DD 34 FD         [23] 5019 	inc	-3 (ix)
      001E92                       5020 00152$:
      001E92 DD 86 F9         [19] 5021 	add	a, -7 (ix)
      001E95 6F               [ 4] 5022 	ld	l, a
                                   5023 ;	spillPairReg hl
                                   5024 ;	spillPairReg hl
      001E96 7C               [ 4] 5025 	ld	a, h
      001E97 DD 8E FA         [19] 5026 	adc	a, -6 (ix)
      001E9A 67               [ 4] 5027 	ld	h, a
      001E9B DD 7E FB         [19] 5028 	ld	a, -5 (ix)
      001E9E 77               [ 7] 5029 	ld	(hl), a
      001E9F 18 93            [12] 5030 	jr	00109$
      001EA1                       5031 00111$:
                                   5032 ;ff.c:2782: fno->fname[di] = 0;		/* Terminate the SFN */
      001EA1 DD 6E FC         [19] 5033 	ld	l, -4 (ix)
      001EA4 DD 66 FD         [19] 5034 	ld	h, -3 (ix)
      001EA7 09               [11] 5035 	add	hl, bc
      001EA8 36 00            [10] 5036 	ld	(hl), #0x00
                                   5037 ;ff.c:2785: fno->fattrib = dp->dir[DIR_Attr] & AM_MASK;		/* Attribute */
      001EAA 21 08 00         [10] 5038 	ld	hl, #0x0008
      001EAD 19               [11] 5039 	add	hl, de
      001EAE 4D               [ 4] 5040 	ld	c, l
      001EAF 44               [ 4] 5041 	ld	b, h
      001EB0 E1               [10] 5042 	pop	hl
      001EB1 E5               [11] 5043 	push	hl
      001EB2 7E               [ 7] 5044 	ld	a, (hl)
      001EB3 23               [ 6] 5045 	inc	hl
      001EB4 66               [ 7] 5046 	ld	h, (hl)
                                   5047 ;	spillPairReg hl
      001EB5 6F               [ 4] 5048 	ld	l, a
                                   5049 ;	spillPairReg hl
                                   5050 ;	spillPairReg hl
      001EB6 C5               [11] 5051 	push	bc
      001EB7 01 0B 00         [10] 5052 	ld	bc, #0x000b
      001EBA 09               [11] 5053 	add	hl, bc
      001EBB C1               [10] 5054 	pop	bc
      001EBC 7E               [ 7] 5055 	ld	a, (hl)
      001EBD E6 3F            [ 7] 5056 	and	a, #0x3f
      001EBF 02               [ 7] 5057 	ld	(bc), a
                                   5058 ;ff.c:2786: fno->fsize = ld_32(dp->dir + DIR_FileSize);		/* Size */
      001EC0 E1               [10] 5059 	pop	hl
      001EC1 E5               [11] 5060 	push	hl
      001EC2 4E               [ 7] 5061 	ld	c, (hl)
      001EC3 23               [ 6] 5062 	inc	hl
      001EC4 46               [ 7] 5063 	ld	b, (hl)
      001EC5 21 1C 00         [10] 5064 	ld	hl, #0x001c
      001EC8 09               [11] 5065 	add	hl, bc
      001EC9 D5               [11] 5066 	push	de
      001ECA CDr1Dr00         [17] 5067 	call	_ld_32
      001ECD DD 73 FC         [19] 5068 	ld	-4 (ix), e
      001ED0 DD 72 FD         [19] 5069 	ld	-3 (ix), d
      001ED3 DD 75 FE         [19] 5070 	ld	-2 (ix), l
      001ED6 DD 74 FF         [19] 5071 	ld	-1 (ix), h
      001ED9 D1               [10] 5072 	pop	de
      001EDA D5               [11] 5073 	push	de
      001EDB 21 07 00         [10] 5074 	ld	hl, #7
      001EDE 39               [11] 5075 	add	hl, sp
      001EDF 01 04 00         [10] 5076 	ld	bc, #0x0004
      001EE2 ED B0            [21] 5077 	ldir
      001EE4 D1               [10] 5078 	pop	de
                                   5079 ;ff.c:2787: fno->ftime = ld_16(dp->dir + DIR_ModTime + 0);	/* Last modified time */
      001EE5 21 06 00         [10] 5080 	ld	hl, #0x0006
      001EE8 19               [11] 5081 	add	hl, de
      001EE9 DD 75 FE         [19] 5082 	ld	-2 (ix), l
      001EEC DD 74 FF         [19] 5083 	ld	-1 (ix), h
      001EEF E1               [10] 5084 	pop	hl
      001EF0 E5               [11] 5085 	push	hl
      001EF1 4E               [ 7] 5086 	ld	c, (hl)
      001EF2 23               [ 6] 5087 	inc	hl
      001EF3 46               [ 7] 5088 	ld	b, (hl)
      001EF4 21 16 00         [10] 5089 	ld	hl, #0x0016
      001EF7 09               [11] 5090 	add	hl, bc
      001EF8 D5               [11] 5091 	push	de
      001EF9 CDr00r00         [17] 5092 	call	_ld_16
      001EFC 4B               [ 4] 5093 	ld	c, e
      001EFD 42               [ 4] 5094 	ld	b, d
      001EFE D1               [10] 5095 	pop	de
      001EFF DD 6E FE         [19] 5096 	ld	l, -2 (ix)
      001F02 DD 66 FF         [19] 5097 	ld	h, -1 (ix)
      001F05 71               [ 7] 5098 	ld	(hl), c
      001F06 23               [ 6] 5099 	inc	hl
      001F07 70               [ 7] 5100 	ld	(hl), b
                                   5101 ;ff.c:2788: fno->fdate = ld_16(dp->dir + DIR_ModTime + 2);	/* Last Modified date */
      001F08 21 04 00         [10] 5102 	ld	hl, #0x0004
      001F0B 19               [11] 5103 	add	hl, de
      001F0C 4D               [ 4] 5104 	ld	c, l
      001F0D 44               [ 4] 5105 	ld	b, h
      001F0E E1               [10] 5106 	pop	hl
      001F0F E5               [11] 5107 	push	hl
      001F10 5E               [ 7] 5108 	ld	e, (hl)
      001F11 23               [ 6] 5109 	inc	hl
      001F12 56               [ 7] 5110 	ld	d, (hl)
      001F13 21 18 00         [10] 5111 	ld	hl, #0x0018
      001F16 19               [11] 5112 	add	hl, de
      001F17 C5               [11] 5113 	push	bc
      001F18 CDr00r00         [17] 5114 	call	_ld_16
      001F1B C1               [10] 5115 	pop	bc
      001F1C 7B               [ 4] 5116 	ld	a, e
      001F1D 02               [ 7] 5117 	ld	(bc), a
      001F1E 03               [ 6] 5118 	inc	bc
      001F1F 7A               [ 4] 5119 	ld	a, d
      001F20 02               [ 7] 5120 	ld	(bc), a
      001F21                       5121 00112$:
                                   5122 ;ff.c:2793: }
      001F21 DD F9            [10] 5123 	ld	sp, ix
      001F23 DD E1            [14] 5124 	pop	ix
      001F25 C9               [10] 5125 	ret
                                   5126 ;ff.c:2892: static FRESULT create_name (	/* FR_OK: successful, FR_INVALID_NAME: could not create */
                                   5127 ;	---------------------------------
                                   5128 ; Function create_name
                                   5129 ; ---------------------------------
      001F26                       5130 _create_name:
      001F26 DD E5            [15] 5131 	push	ix
      001F28 DD 21 00 00      [14] 5132 	ld	ix,#0
      001F2C DD 39            [15] 5133 	add	ix,sp
      001F2E FD 21 F3 FF      [14] 5134 	ld	iy, #-13
      001F32 FD 39            [15] 5135 	add	iy, sp
      001F34 FD F9            [10] 5136 	ld	sp, iy
      001F36 4D               [ 4] 5137 	ld	c, l
      001F37 44               [ 4] 5138 	ld	b, h
                                   5139 ;ff.c:3031: p = *path; sfn = dp->fn;
      001F38 DD 73 FC         [19] 5140 	ld	-4 (ix), e
      001F3B DD 72 FD         [19] 5141 	ld	-3 (ix), d
      001F3E EB               [ 4] 5142 	ex	de,hl
      001F3F 7E               [ 7] 5143 	ld	a, (hl)
      001F40 DD 77 F3         [19] 5144 	ld	-13 (ix), a
      001F43 23               [ 6] 5145 	inc	hl
      001F44 7E               [ 7] 5146 	ld	a, (hl)
      001F45 DD 77 F4         [19] 5147 	ld	-12 (ix), a
      001F48 21 1C 00         [10] 5148 	ld	hl, #0x001c
      001F4B 09               [11] 5149 	add	hl, bc
      001F4C DD 75 F5         [19] 5150 	ld	-11 (ix), l
      001F4F DD 74 F6         [19] 5151 	ld	-10 (ix), h
                                   5152 ;ff.c:3032: memset(sfn, ' ', 11);
      001F52 D1               [10] 5153 	pop	de
      001F53 E1               [10] 5154 	pop	hl
      001F54 E5               [11] 5155 	push	hl
      001F55 D5               [11] 5156 	push	de
      001F56 06 0B            [ 7] 5157 	ld	b, #0x0b
      001F58                       5158 00218$:
      001F58 36 20            [10] 5159 	ld	(hl), #0x20
      001F5A 23               [ 6] 5160 	inc	hl
      001F5B 10 FB            [13] 5161 	djnz	00218$
                                   5162 ;ff.c:3033: si = i = 0; ni = 8;
      001F5D AF               [ 4] 5163 	xor	a, a
      001F5E DD 77 F7         [19] 5164 	ld	-9 (ix), a
      001F61 DD 77 F8         [19] 5165 	ld	-8 (ix), a
      001F64 AF               [ 4] 5166 	xor	a, a
      001F65 DD 77 FE         [19] 5167 	ld	-2 (ix), a
      001F68 DD 77 FF         [19] 5168 	ld	-1 (ix), a
      001F6B DD 36 F9 08      [19] 5169 	ld	-7 (ix), #0x08
      001F6F DD 36 FA 00      [19] 5170 	ld	-6 (ix), #0
      001F73                       5171 00133$:
                                   5172 ;ff.c:3053: c = (BYTE)p[si++];				/* Get a byte */
      001F73 DD 4E FE         [19] 5173 	ld	c, -2 (ix)
      001F76 DD 46 FF         [19] 5174 	ld	b, -1 (ix)
      001F79 DD 34 FE         [23] 5175 	inc	-2 (ix)
      001F7C 20 03            [12] 5176 	jr	NZ, 00220$
      001F7E DD 34 FF         [23] 5177 	inc	-1 (ix)
      001F81                       5178 00220$:
      001F81 E1               [10] 5179 	pop	hl
      001F82 E5               [11] 5180 	push	hl
      001F83 09               [11] 5181 	add	hl, bc
      001F84 7E               [ 7] 5182 	ld	a, (hl)
      001F85 DD 77 FB         [19] 5183 	ld	-5 (ix), a
                                   5184 ;ff.c:3054: if (c <= ' ') break; 			/* Break if end of the path name */
      001F88 3E 20            [ 7] 5185 	ld	a, #0x20
      001F8A DD 96 FB         [19] 5186 	sub	a, -5 (ix)
      001F8D 3E 00            [ 7] 5187 	ld	a, #0x00
      001F8F 17               [ 4] 5188 	rla
      001F90 4F               [ 4] 5189 	ld	c, a
      001F91 CB 41            [ 8] 5190 	bit	0, c
      001F93 CArBAr20         [10] 5191 	jp	Z, 00128$
                                   5192 ;ff.c:3055: if (IsSeparator(c)) {			/* Break if a separator is found */
      001F96 DD 7E FB         [19] 5193 	ld	a, -5 (ix)
      001F99 D6 2F            [ 7] 5194 	sub	a, #0x2f
      001F9B 28 07            [12] 5195 	jr	Z, 00144$
      001F9D DD 7E FB         [19] 5196 	ld	a, -5 (ix)
      001FA0 D6 5C            [ 7] 5197 	sub	a, #0x5c
      001FA2 20 16            [12] 5198 	jr	NZ, 00108$
                                   5199 ;ff.c:3056: while (IsSeparator(p[si])) si++;	/* Skip duplicated separators */
      001FA4                       5200 00144$:
      001FA4 DD 5E FE         [19] 5201 	ld	e, -2 (ix)
      001FA7 DD 56 FF         [19] 5202 	ld	d, -1 (ix)
      001FAA                       5203 00104$:
      001FAA E1               [10] 5204 	pop	hl
      001FAB E5               [11] 5205 	push	hl
      001FAC 19               [11] 5206 	add	hl, de
      001FAD 7E               [ 7] 5207 	ld	a, (hl)
      001FAE FE 2F            [ 7] 5208 	cp	a, #0x2f
      001FB0 28 05            [12] 5209 	jr	Z, 00105$
      001FB2 D6 5C            [ 7] 5210 	sub	a, #0x5c
      001FB4 C2rB4r20         [10] 5211 	jp	NZ,00157$
      001FB7                       5212 00105$:
      001FB7 13               [ 6] 5213 	inc	de
      001FB8 18 F0            [12] 5214 	jr	00104$
                                   5215 ;ff.c:3057: break;
      001FBA                       5216 00108$:
                                   5217 ;ff.c:3059: if (c == '.' || i >= ni) {		/* End of body or field overflow? */
      001FBA DD 7E FB         [19] 5218 	ld	a, -5 (ix)
      001FBD D6 2E            [ 7] 5219 	sub	a, #0x2e
      001FBF 3E 01            [ 7] 5220 	ld	a, #0x01
      001FC1 28 01            [12] 5221 	jr	Z, 00228$
      001FC3 AF               [ 4] 5222 	xor	a, a
      001FC4                       5223 00228$:
      001FC4 4F               [ 4] 5224 	ld	c, a
      001FC5 B7               [ 4] 5225 	or	a, a
      001FC6 20 0E            [12] 5226 	jr	NZ, 00113$
      001FC8 DD 7E F7         [19] 5227 	ld	a, -9 (ix)
      001FCB DD 96 F9         [19] 5228 	sub	a, -7 (ix)
      001FCE DD 7E F8         [19] 5229 	ld	a, -8 (ix)
      001FD1 DD 9E FA         [19] 5230 	sbc	a, -6 (ix)
      001FD4 38 26            [12] 5231 	jr	C, 00114$
      001FD6                       5232 00113$:
                                   5233 ;ff.c:3060: if (ni == 11 || c != '.') return FR_INVALID_NAME;	/* Field overflow or invalid dot? */
      001FD6 DD 7E F9         [19] 5234 	ld	a, -7 (ix)
      001FD9 D6 0B            [ 7] 5235 	sub	a, #0x0b
      001FDB DD B6 FA         [19] 5236 	or	a, -6 (ix)
      001FDE 28 04            [12] 5237 	jr	Z, 00110$
      001FE0 CB 41            [ 8] 5238 	bit	0, c
      001FE2 20 05            [12] 5239 	jr	NZ, 00111$
      001FE4                       5240 00110$:
      001FE4 3E 06            [ 7] 5241 	ld	a, #0x06
      001FE6 C3r1Br21         [10] 5242 	jp	00134$
      001FE9                       5243 00111$:
                                   5244 ;ff.c:3061: i = 8; ni = 11;				/* Enter file extension field */
      001FE9 DD 36 F7 08      [19] 5245 	ld	-9 (ix), #0x08
      001FED DD 36 F8 00      [19] 5246 	ld	-8 (ix), #0
      001FF1 DD 36 F9 0B      [19] 5247 	ld	-7 (ix), #0x0b
      001FF5 DD 36 FA 00      [19] 5248 	ld	-6 (ix), #0
                                   5249 ;ff.c:3062: continue;
      001FF9 C3r73r1F         [10] 5250 	jp	00133$
      001FFC                       5251 00114$:
                                   5252 ;ff.c:3073: if (dbc_1st(c)) {				/* Check if it is a DBC 1st byte */
      001FFC DD 7E FB         [19] 5253 	ld	a, -5 (ix)
      001FFF CDr0Ar01         [17] 5254 	call	_dbc_1st
                                   5255 ;ff.c:3076: sfn[i++] = c;
      002002 DD 4E F7         [19] 5256 	ld	c, -9 (ix)
      002005 DD 46 F8         [19] 5257 	ld	b, -8 (ix)
      002008 03               [ 6] 5258 	inc	bc
                                   5259 ;ff.c:3073: if (dbc_1st(c)) {				/* Check if it is a DBC 1st byte */
      002009 7A               [ 4] 5260 	ld	a, d
      00200A B3               [ 4] 5261 	or	a, e
      00200B 28 5D            [12] 5262 	jr	Z, 00125$
                                   5263 ;ff.c:3074: d = (BYTE)p[si++];			/* Get 2nd byte */
      00200D DD 5E FE         [19] 5264 	ld	e, -2 (ix)
      002010 DD 56 FF         [19] 5265 	ld	d, -1 (ix)
      002013 DD 34 FE         [23] 5266 	inc	-2 (ix)
      002016 20 03            [12] 5267 	jr	NZ, 00230$
      002018 DD 34 FF         [23] 5268 	inc	-1 (ix)
      00201B                       5269 00230$:
      00201B E1               [10] 5270 	pop	hl
      00201C E5               [11] 5271 	push	hl
      00201D 19               [11] 5272 	add	hl, de
      00201E 5E               [ 7] 5273 	ld	e, (hl)
                                   5274 ;ff.c:3075: if (!dbc_2nd(d) || i >= ni - 1) return FR_INVALID_NAME;	/* Reject invalid DBC */
      00201F C5               [11] 5275 	push	bc
      002020 D5               [11] 5276 	push	de
      002021 7B               [ 4] 5277 	ld	a, e
      002022 CDr33r01         [17] 5278 	call	_dbc_2nd
      002025 EB               [ 4] 5279 	ex	de, hl
      002026 D1               [10] 5280 	pop	de
      002027 C1               [10] 5281 	pop	bc
      002028 7C               [ 4] 5282 	ld	a, h
      002029 B5               [ 4] 5283 	or	a, l
      00202A 28 11            [12] 5284 	jr	Z, 00116$
      00202C DD 6E F9         [19] 5285 	ld	l, -7 (ix)
      00202F DD 66 FA         [19] 5286 	ld	h, -6 (ix)
      002032 2B               [ 6] 5287 	dec	hl
      002033 DD 7E F7         [19] 5288 	ld	a, -9 (ix)
      002036 95               [ 4] 5289 	sub	a, l
      002037 DD 7E F8         [19] 5290 	ld	a, -8 (ix)
      00203A 9C               [ 4] 5291 	sbc	a, h
      00203B 38 05            [12] 5292 	jr	C, 00117$
      00203D                       5293 00116$:
      00203D 3E 06            [ 7] 5294 	ld	a, #0x06
      00203F C3r1Br21         [10] 5295 	jp	00134$
      002042                       5296 00117$:
                                   5297 ;ff.c:3076: sfn[i++] = c;
      002042 DD 6E F7         [19] 5298 	ld	l, -9 (ix)
                                   5299 ;	spillPairReg hl
                                   5300 ;	spillPairReg hl
      002045 DD 66 F8         [19] 5301 	ld	h, -8 (ix)
                                   5302 ;	spillPairReg hl
                                   5303 ;	spillPairReg hl
      002048 DD 7E F5         [19] 5304 	ld	a, -11 (ix)
      00204B 85               [ 4] 5305 	add	a, l
      00204C 6F               [ 4] 5306 	ld	l, a
                                   5307 ;	spillPairReg hl
                                   5308 ;	spillPairReg hl
      00204D DD 7E F6         [19] 5309 	ld	a, -10 (ix)
      002050 8C               [ 4] 5310 	adc	a, h
      002051 67               [ 4] 5311 	ld	h, a
      002052 DD 7E FB         [19] 5312 	ld	a, -5 (ix)
      002055 77               [ 7] 5313 	ld	(hl), a
                                   5314 ;ff.c:3077: sfn[i++] = d;
      002056 69               [ 4] 5315 	ld	l, c
                                   5316 ;	spillPairReg hl
                                   5317 ;	spillPairReg hl
      002057 60               [ 4] 5318 	ld	h, b
                                   5319 ;	spillPairReg hl
                                   5320 ;	spillPairReg hl
      002058 03               [ 6] 5321 	inc	bc
      002059 DD 71 F7         [19] 5322 	ld	-9 (ix), c
      00205C DD 70 F8         [19] 5323 	ld	-8 (ix), b
      00205F DD 4E F5         [19] 5324 	ld	c, -11 (ix)
      002062 DD 46 F6         [19] 5325 	ld	b, -10 (ix)
      002065 09               [11] 5326 	add	hl, bc
      002066 73               [ 7] 5327 	ld	(hl), e
      002067 C3r73r1F         [10] 5328 	jp	00133$
      00206A                       5329 00125$:
                                   5330 ;ff.c:3079: if (strchr("*+,:;<=>[]|\"\?\x7F", (int)c)) return FR_INVALID_NAME;	/* Reject illegal chrs for SFN */
      00206A 11r20r21         [10] 5331 	ld	de, #___str_0
      00206D DD 6E FB         [19] 5332 	ld	l, -5 (ix)
                                   5333 ;	spillPairReg hl
                                   5334 ;	spillPairReg hl
                                   5335 ;	spillPairReg hl
                                   5336 ;	spillPairReg hl
      002070                       5337 00232$:
      002070 1A               [ 7] 5338 	ld	a, (de)
      002071 BD               [ 4] 5339 	cp	a, l
      002072 28 06            [12] 5340 	jr	Z, 00231$
      002074 B7               [ 4] 5341 	or	a, a
      002075 13               [ 6] 5342 	inc	de
      002076 20 F8            [12] 5343 	jr	NZ, 00232$
      002078 5F               [ 4] 5344 	ld	e, a
      002079 57               [ 4] 5345 	ld	d, a
      00207A                       5346 00231$:
      00207A 7B               [ 4] 5347 	ld	a, e
      00207B 5A               [ 4] 5348 	ld	e, d
      00207C B3               [ 4] 5349 	or	a, e
      00207D 28 05            [12] 5350 	jr	Z, 00120$
      00207F 3E 06            [ 7] 5351 	ld	a, #0x06
      002081 C3r1Br21         [10] 5352 	jp	00134$
      002084                       5353 00120$:
                                   5354 ;ff.c:3080: if (IsLower(c)) c -= 0x20;	/* To upper */
      002084 DD 7E FB         [19] 5355 	ld	a, -5 (ix)
      002087 D6 61            [ 7] 5356 	sub	a, #0x61
      002089 38 0F            [12] 5357 	jr	C, 00122$
      00208B 3E 7A            [ 7] 5358 	ld	a, #0x7a
      00208D DD 96 FB         [19] 5359 	sub	a, -5 (ix)
      002090 38 08            [12] 5360 	jr	C, 00122$
      002092 DD 7E FB         [19] 5361 	ld	a, -5 (ix)
      002095 C6 E0            [ 7] 5362 	add	a, #0xe0
      002097 DD 77 FB         [19] 5363 	ld	-5 (ix), a
      00209A                       5364 00122$:
                                   5365 ;ff.c:3081: sfn[i++] = c;
      00209A DD 5E F7         [19] 5366 	ld	e, -9 (ix)
      00209D DD 56 F8         [19] 5367 	ld	d, -8 (ix)
      0020A0 DD 71 F7         [19] 5368 	ld	-9 (ix), c
      0020A3 DD 70 F8         [19] 5369 	ld	-8 (ix), b
      0020A6 DD 6E F5         [19] 5370 	ld	l, -11 (ix)
      0020A9 DD 66 F6         [19] 5371 	ld	h, -10 (ix)
      0020AC 19               [11] 5372 	add	hl, de
      0020AD DD 7E FB         [19] 5373 	ld	a, -5 (ix)
      0020B0 77               [ 7] 5374 	ld	(hl), a
      0020B1 C3r73r1F         [10] 5375 	jp	00133$
      0020B4                       5376 00157$:
      0020B4 DD 73 FE         [19] 5377 	ld	-2 (ix), e
      0020B7 DD 72 FF         [19] 5378 	ld	-1 (ix), d
      0020BA                       5379 00128$:
                                   5380 ;ff.c:3084: *path = &p[si];						/* Return pointer to the next segment */
      0020BA DD 7E F3         [19] 5381 	ld	a, -13 (ix)
      0020BD DD 86 FE         [19] 5382 	add	a, -2 (ix)
      0020C0 5F               [ 4] 5383 	ld	e, a
      0020C1 DD 7E F4         [19] 5384 	ld	a, -12 (ix)
      0020C4 DD 8E FF         [19] 5385 	adc	a, -1 (ix)
      0020C7 57               [ 4] 5386 	ld	d, a
      0020C8 DD 6E FC         [19] 5387 	ld	l, -4 (ix)
      0020CB DD 66 FD         [19] 5388 	ld	h, -3 (ix)
      0020CE 73               [ 7] 5389 	ld	(hl), e
      0020CF 23               [ 6] 5390 	inc	hl
      0020D0 72               [ 7] 5391 	ld	(hl), d
                                   5392 ;ff.c:3085: if (i == 0) return FR_INVALID_NAME;	/* Reject nul string */
      0020D1 DD 7E F8         [19] 5393 	ld	a, -8 (ix)
      0020D4 DD B6 F7         [19] 5394 	or	a, -9 (ix)
      0020D7 20 04            [12] 5395 	jr	NZ, 00130$
      0020D9 3E 06            [ 7] 5396 	ld	a, #0x06
      0020DB 18 3E            [12] 5397 	jr	00134$
      0020DD                       5398 00130$:
                                   5399 ;ff.c:3087: if (sfn[0] == DDEM) sfn[0] = RDDEM;	/* If the first character collides with DDEM, replace it with RDDEM */
      0020DD DD 6E F5         [19] 5400 	ld	l, -11 (ix)
      0020E0 DD 66 F6         [19] 5401 	ld	h, -10 (ix)
      0020E3 7E               [ 7] 5402 	ld	a, (hl)
      0020E4 D6 E5            [ 7] 5403 	sub	a, #0xe5
      0020E6 20 08            [12] 5404 	jr	NZ, 00132$
      0020E8 DD 6E F5         [19] 5405 	ld	l, -11 (ix)
      0020EB DD 66 F6         [19] 5406 	ld	h, -10 (ix)
      0020EE 36 05            [10] 5407 	ld	(hl), #0x05
      0020F0                       5408 00132$:
                                   5409 ;ff.c:3088: sfn[NSFLAG] = (c <= ' ' || p[si] <= ' ') ? NS_LAST : 0;	/* Set last segment flag if end of the path */
      0020F0 DD 7E F5         [19] 5410 	ld	a, -11 (ix)
      0020F3 C6 0B            [ 7] 5411 	add	a, #0x0b
      0020F5 DD 77 FE         [19] 5412 	ld	-2 (ix), a
      0020F8 DD 7E F6         [19] 5413 	ld	a, -10 (ix)
      0020FB CE 00            [ 7] 5414 	adc	a, #0x00
      0020FD DD 77 FF         [19] 5415 	ld	-1 (ix), a
      002100 CB 41            [ 8] 5416 	bit	0, c
      002102 28 07            [12] 5417 	jr	Z, 00139$
      002104 1A               [ 7] 5418 	ld	a, (de)
      002105 4F               [ 4] 5419 	ld	c, a
      002106 3E 20            [ 7] 5420 	ld	a, #0x20
      002108 91               [ 4] 5421 	sub	a, c
      002109 38 05            [12] 5422 	jr	C, 00136$
      00210B                       5423 00139$:
      00210B 01 04 00         [10] 5424 	ld	bc, #0x0004
      00210E 18 03            [12] 5425 	jr	00137$
      002110                       5426 00136$:
      002110 01 00 00         [10] 5427 	ld	bc, #0x0000
      002113                       5428 00137$:
      002113 DD 6E FE         [19] 5429 	ld	l, -2 (ix)
      002116 DD 66 FF         [19] 5430 	ld	h, -1 (ix)
      002119 71               [ 7] 5431 	ld	(hl), c
                                   5432 ;ff.c:3090: return FR_OK;
      00211A AF               [ 4] 5433 	xor	a, a
      00211B                       5434 00134$:
                                   5435 ;ff.c:3092: }
      00211B DD F9            [10] 5436 	ld	sp, ix
      00211D DD E1            [14] 5437 	pop	ix
      00211F C9               [10] 5438 	ret
      002120                       5439 ___str_0:
      002120 2A 2B 2C 3A 3B 3C 3D  5440 	.ascii "*+,:;<=>[]|"
             3E 5B 5D 7C
      00212B 22                    5441 	.db 0x22
      00212C 3F                    5442 	.ascii "?"
      00212D 7F                    5443 	.db 0x7f
      00212E 00                    5444 	.db 0x00
                                   5445 ;ff.c:3101: static FRESULT follow_path (	/* FR_OK(0): successful, !=0: error code */
                                   5446 ;	---------------------------------
                                   5447 ; Function follow_path
                                   5448 ; ---------------------------------
      00212F                       5449 _follow_path:
      00212F DD E5            [15] 5450 	push	ix
      002131 DD 21 00 00      [14] 5451 	ld	ix,#0
      002135 DD 39            [15] 5452 	add	ix,sp
      002137 FD 21 EA FF      [14] 5453 	ld	iy, #-22
      00213B FD 39            [15] 5454 	add	iy, sp
      00213D FD F9            [10] 5455 	ld	sp, iy
      00213F DD 75 FE         [19] 5456 	ld	-2 (ix), l
      002142 DD 74 FF         [19] 5457 	ld	-1 (ix), h
      002145 DD 73 FC         [19] 5458 	ld	-4 (ix), e
      002148 DD 72 FD         [19] 5459 	ld	-3 (ix), d
                                   5460 ;ff.c:3108: FATFS *fs = dp->obj.fs;
      00214B DD 6E FE         [19] 5461 	ld	l, -2 (ix)
      00214E DD 66 FF         [19] 5462 	ld	h, -1 (ix)
      002151 7E               [ 7] 5463 	ld	a, (hl)
      002152 DD 77 EA         [19] 5464 	ld	-22 (ix), a
      002155 23               [ 6] 5465 	inc	hl
      002156 7E               [ 7] 5466 	ld	a, (hl)
      002157 DD 77 EB         [19] 5467 	ld	-21 (ix), a
                                   5468 ;ff.c:3118: while (IsSeparator(*path)) path++;	/* Strip heading separators */
      00215A DD 4E FC         [19] 5469 	ld	c, -4 (ix)
      00215D DD 46 FD         [19] 5470 	ld	b, -3 (ix)
      002160                       5471 00102$:
      002160 0A               [ 7] 5472 	ld	a, (bc)
      002161 FE 2F            [ 7] 5473 	cp	a, #0x2f
      002163 28 04            [12] 5474 	jr	Z, 00103$
      002165 D6 5C            [ 7] 5475 	sub	a, #0x5c
      002167 20 09            [12] 5476 	jr	NZ, 00141$
      002169                       5477 00103$:
      002169 03               [ 6] 5478 	inc	bc
      00216A DD 71 FC         [19] 5479 	ld	-4 (ix), c
      00216D DD 70 FD         [19] 5480 	ld	-3 (ix), b
      002170 18 EE            [12] 5481 	jr	00102$
      002172                       5482 00141$:
      002172 DD 71 FC         [19] 5483 	ld	-4 (ix), c
      002175 DD 70 FD         [19] 5484 	ld	-3 (ix), b
                                   5485 ;ff.c:3119: dp->obj.sclust = 0;					/* Start at the root directory */
      002178 DD 7E FE         [19] 5486 	ld	a, -2 (ix)
      00217B C6 06            [ 7] 5487 	add	a, #0x06
      00217D DD 77 EC         [19] 5488 	ld	-20 (ix), a
      002180 DD 7E FF         [19] 5489 	ld	a, -1 (ix)
      002183 CE 00            [ 7] 5490 	adc	a, #0x00
      002185 DD 77 ED         [19] 5491 	ld	-19 (ix), a
      002188 C1               [10] 5492 	pop	bc
      002189 E1               [10] 5493 	pop	hl
      00218A E5               [11] 5494 	push	hl
      00218B C5               [11] 5495 	push	bc
      00218C AF               [ 4] 5496 	xor	a, a
      00218D 77               [ 7] 5497 	ld	(hl), a
      00218E 23               [ 6] 5498 	inc	hl
      00218F 77               [ 7] 5499 	ld	(hl), a
      002190 23               [ 6] 5500 	inc	hl
      002191 77               [ 7] 5501 	ld	(hl), a
      002192 23               [ 6] 5502 	inc	hl
      002193 77               [ 7] 5503 	ld	(hl), a
                                   5504 ;ff.c:3142: if ((UINT)*path < ' ') {				/* Null path name is the origin directory itself */
      002194 DD 7E FC         [19] 5505 	ld	a, -4 (ix)
      002197 DD 77 FA         [19] 5506 	ld	-6 (ix), a
      00219A DD 7E FD         [19] 5507 	ld	a, -3 (ix)
      00219D DD 77 FB         [19] 5508 	ld	-5 (ix), a
      0021A0 DD 6E FA         [19] 5509 	ld	l, -6 (ix)
      0021A3 DD 66 FB         [19] 5510 	ld	h, -5 (ix)
      0021A6 7E               [ 7] 5511 	ld	a, (hl)
      0021A7 DD 77 FB         [19] 5512 	ld	-5 (ix), a
      0021AA DD 77 F8         [19] 5513 	ld	-8 (ix), a
      0021AD DD 36 F9 00      [19] 5514 	ld	-7 (ix), #0x00
                                   5515 ;ff.c:3143: dp->fn[NSFLAG] = NS_NONAME;
      0021B1 DD 7E FE         [19] 5516 	ld	a, -2 (ix)
      0021B4 C6 1C            [ 7] 5517 	add	a, #0x1c
      0021B6 DD 77 FA         [19] 5518 	ld	-6 (ix), a
      0021B9 DD 7E FF         [19] 5519 	ld	a, -1 (ix)
      0021BC CE 00            [ 7] 5520 	adc	a, #0x00
      0021BE DD 77 FB         [19] 5521 	ld	-5 (ix), a
      0021C1 DD 7E FA         [19] 5522 	ld	a, -6 (ix)
      0021C4 C6 0B            [ 7] 5523 	add	a, #0x0b
      0021C6 DD 77 EE         [19] 5524 	ld	-18 (ix), a
      0021C9 DD 7E FB         [19] 5525 	ld	a, -5 (ix)
      0021CC CE 00            [ 7] 5526 	adc	a, #0x00
      0021CE DD 77 EF         [19] 5527 	ld	-17 (ix), a
                                   5528 ;ff.c:3142: if ((UINT)*path < ' ') {				/* Null path name is the origin directory itself */
      0021D1 DD 7E F8         [19] 5529 	ld	a, -8 (ix)
      0021D4 D6 20            [ 7] 5530 	sub	a, #0x20
      0021D6 DD 7E F9         [19] 5531 	ld	a, -7 (ix)
      0021D9 DE 00            [ 7] 5532 	sbc	a, #0x00
      0021DB 30 1C            [12] 5533 	jr	NC, 00140$
                                   5534 ;ff.c:3143: dp->fn[NSFLAG] = NS_NONAME;
      0021DD DD 6E EE         [19] 5535 	ld	l, -18 (ix)
      0021E0 DD 66 EF         [19] 5536 	ld	h, -17 (ix)
      0021E3 36 80            [10] 5537 	ld	(hl), #0x80
                                   5538 ;ff.c:3144: res = dir_sdi(dp, 0);
      0021E5 21 00 00         [10] 5539 	ld	hl, #0x0000
      0021E8 E5               [11] 5540 	push	hl
      0021E9 E5               [11] 5541 	push	hl
      0021EA DD 6E FE         [19] 5542 	ld	l, -2 (ix)
                                   5543 ;	spillPairReg hl
                                   5544 ;	spillPairReg hl
      0021ED DD 66 FF         [19] 5545 	ld	h, -1 (ix)
                                   5546 ;	spillPairReg hl
                                   5547 ;	spillPairReg hl
      0021F0 CDr79r13         [17] 5548 	call	_dir_sdi
      0021F3 DD 77 FB         [19] 5549 	ld	-5 (ix), a
      0021F6 C3rDBr22         [10] 5550 	jp	00127$
      0021F9                       5551 00140$:
      0021F9 DD 7E FE         [19] 5552 	ld	a, -2 (ix)
      0021FC DD 77 F0         [19] 5553 	ld	-16 (ix), a
      0021FF DD 7E FF         [19] 5554 	ld	a, -1 (ix)
      002202 DD 77 F1         [19] 5555 	ld	-15 (ix), a
      002205 DD 7E FE         [19] 5556 	ld	a, -2 (ix)
      002208 DD 77 F2         [19] 5557 	ld	-14 (ix), a
      00220B DD 7E FF         [19] 5558 	ld	a, -1 (ix)
      00220E DD 77 F3         [19] 5559 	ld	-13 (ix), a
      002211                       5560 00128$:
                                   5561 ;ff.c:3148: res = create_name(dp, &path);	/* Get a segment name of the path */
      002211 21 12 00         [10] 5562 	ld	hl, #18
      002214 39               [11] 5563 	add	hl, sp
      002215 EB               [ 4] 5564 	ex	de, hl
      002216 DD 6E FE         [19] 5565 	ld	l, -2 (ix)
                                   5566 ;	spillPairReg hl
                                   5567 ;	spillPairReg hl
      002219 DD 66 FF         [19] 5568 	ld	h, -1 (ix)
                                   5569 ;	spillPairReg hl
                                   5570 ;	spillPairReg hl
      00221C CDr26r1F         [17] 5571 	call	_create_name
                                   5572 ;ff.c:3149: if (res != FR_OK) break;
      00221F DD 77 FB         [19] 5573 	ld	-5 (ix), a
      002222 B7               [ 4] 5574 	or	a, a
      002223 C2rDBr22         [10] 5575 	jp	NZ, 00127$
                                   5576 ;ff.c:3150: ns = dp->fn[NSFLAG];
      002226 DD 6E EE         [19] 5577 	ld	l, -18 (ix)
      002229 DD 66 EF         [19] 5578 	ld	h, -17 (ix)
      00222C 4E               [ 7] 5579 	ld	c, (hl)
                                   5580 ;ff.c:3171: res = dir_find(dp);				/* Find an object with the segment name */
      00222D C5               [11] 5581 	push	bc
      00222E DD 6E FE         [19] 5582 	ld	l, -2 (ix)
                                   5583 ;	spillPairReg hl
                                   5584 ;	spillPairReg hl
      002231 DD 66 FF         [19] 5585 	ld	h, -1 (ix)
                                   5586 ;	spillPairReg hl
                                   5587 ;	spillPairReg hl
      002234 CDr23r1C         [17] 5588 	call	_dir_find
      002237 C1               [10] 5589 	pop	bc
      002238 DD 77 FB         [19] 5590 	ld	-5 (ix), a
                                   5591 ;ff.c:3179: if (!(ns & NS_LAST)) res = FR_NO_PATH;	/* Adjust error code if not last segment */
      00223B 79               [ 4] 5592 	ld	a, c
      00223C E6 04            [ 7] 5593 	and	a, #0x04
      00223E 4F               [ 4] 5594 	ld	c, a
      00223F 06 00            [ 7] 5595 	ld	b, #0x00
                                   5596 ;ff.c:3172: if (res != FR_OK) {				/* Failed to find the object */
      002241 DD 7E FB         [19] 5597 	ld	a, -5 (ix)
      002244 B7               [ 4] 5598 	or	a, a
      002245 28 14            [12] 5599 	jr	Z, 00118$
                                   5600 ;ff.c:3173: if (res == FR_NO_FILE) {	/* Object is not found */
      002247 DD 7E FB         [19] 5601 	ld	a, -5 (ix)
      00224A D6 04            [ 7] 5602 	sub	a, #0x04
      00224C C2rDBr22         [10] 5603 	jp	NZ,00127$
                                   5604 ;ff.c:3179: if (!(ns & NS_LAST)) res = FR_NO_PATH;	/* Adjust error code if not last segment */
      00224F 78               [ 4] 5605 	ld	a, b
      002250 B1               [ 4] 5606 	or	a, c
      002251 C2rDBr22         [10] 5607 	jp	NZ, 00127$
      002254 DD 36 FB 05      [19] 5608 	ld	-5 (ix), #0x05
                                   5609 ;ff.c:3182: break;
      002258 C3rDBr22         [10] 5610 	jp	00127$
      00225B                       5611 00118$:
                                   5612 ;ff.c:3194: if (ns & NS_LAST) break;		/* If last segment matched, the function completed */
      00225B 78               [ 4] 5613 	ld	a, b
      00225C B1               [ 4] 5614 	or	a, c
      00225D 20 7C            [12] 5615 	jr	NZ, 00127$
                                   5616 ;ff.c:3196: if (!(dp->obj.attr & AM_DIR)) {
      00225F DD 6E F0         [19] 5617 	ld	l, -16 (ix)
      002262 DD 66 F1         [19] 5618 	ld	h, -15 (ix)
      002265 11 04 00         [10] 5619 	ld	de, #0x0004
      002268 19               [11] 5620 	add	hl, de
      002269 CB 66            [12] 5621 	bit	4, (hl)
      00226B 20 06            [12] 5622 	jr	NZ, 00122$
                                   5623 ;ff.c:3197: res = FR_NO_PATH; break;	/* It is not a sub-directory and cannot follow the path */
      00226D DD 36 FB 05      [19] 5624 	ld	-5 (ix), #0x05
      002271 18 68            [12] 5625 	jr	00127$
      002273                       5626 00122$:
                                   5627 ;ff.c:3205: dp->obj.sclust = ld_clust(fs, fs->win + dp->dptr % SS(fs));	/* Open next directory */
      002273 DD 7E EA         [19] 5628 	ld	a, -22 (ix)
      002276 C6 30            [ 7] 5629 	add	a, #0x30
      002278 DD 77 F4         [19] 5630 	ld	-12 (ix), a
      00227B DD 7E EB         [19] 5631 	ld	a, -21 (ix)
      00227E CE 00            [ 7] 5632 	adc	a, #0x00
      002280 DD 77 F5         [19] 5633 	ld	-11 (ix), a
      002283 DD 6E F2         [19] 5634 	ld	l, -14 (ix)
      002286 DD 66 F3         [19] 5635 	ld	h, -13 (ix)
      002289 11 0E 00         [10] 5636 	ld	de, #0x000e
      00228C 19               [11] 5637 	add	hl, de
      00228D 4E               [ 7] 5638 	ld	c, (hl)
      00228E 23               [ 6] 5639 	inc	hl
      00228F 46               [ 7] 5640 	ld	b, (hl)
      002290 DD 71 F6         [19] 5641 	ld	-10 (ix), c
      002293 78               [ 4] 5642 	ld	a, b
      002294 E6 01            [ 7] 5643 	and	a, #0x01
      002296 DD 77 F7         [19] 5644 	ld	-9 (ix), a
      002299 AF               [ 4] 5645 	xor	a, a
      00229A DD 77 F8         [19] 5646 	ld	-8 (ix), a
      00229D DD 77 F9         [19] 5647 	ld	-7 (ix), a
      0022A0 DD 7E F6         [19] 5648 	ld	a, -10 (ix)
      0022A3 DD 86 F4         [19] 5649 	add	a, -12 (ix)
      0022A6 DD 77 FA         [19] 5650 	ld	-6 (ix), a
      0022A9 DD 7E F7         [19] 5651 	ld	a, -9 (ix)
      0022AC DD 8E F5         [19] 5652 	adc	a, -11 (ix)
      0022AF DD 77 FB         [19] 5653 	ld	-5 (ix), a
      0022B2 DD 5E FA         [19] 5654 	ld	e, -6 (ix)
      0022B5 DD 56 FB         [19] 5655 	ld	d, -5 (ix)
      0022B8 E1               [10] 5656 	pop	hl
      0022B9 E5               [11] 5657 	push	hl
      0022BA CDr83r1A         [17] 5658 	call	_ld_clust
      0022BD DD 73 F8         [19] 5659 	ld	-8 (ix), e
      0022C0 DD 72 F9         [19] 5660 	ld	-7 (ix), d
      0022C3 DD 75 FA         [19] 5661 	ld	-6 (ix), l
      0022C6 DD 74 FB         [19] 5662 	ld	-5 (ix), h
      0022C9 DD 5E EC         [19] 5663 	ld	e, -20 (ix)
      0022CC DD 56 ED         [19] 5664 	ld	d, -19 (ix)
      0022CF 21 0E 00         [10] 5665 	ld	hl, #14
      0022D2 39               [11] 5666 	add	hl, sp
      0022D3 01 04 00         [10] 5667 	ld	bc, #0x0004
      0022D6 ED B0            [21] 5668 	ldir
      0022D8 C3r11r22         [10] 5669 	jp	00128$
      0022DB                       5670 00127$:
                                   5671 ;ff.c:3210: return res;
      0022DB DD 7E FB         [19] 5672 	ld	a, -5 (ix)
                                   5673 ;ff.c:3211: }
      0022DE DD F9            [10] 5674 	ld	sp, ix
      0022E0 DD E1            [14] 5675 	pop	ix
      0022E2 C9               [10] 5676 	ret
                                   5677 ;ff.c:3220: static int get_ldnumber (	/* Returns logical drive number (-1:invalid drive number or null pointer) */
                                   5678 ;	---------------------------------
                                   5679 ; Function get_ldnumber
                                   5680 ; ---------------------------------
      0022E3                       5681 _get_ldnumber:
      0022E3 DD E5            [15] 5682 	push	ix
      0022E5 DD 21 00 00      [14] 5683 	ld	ix,#0
      0022E9 DD 39            [15] 5684 	add	ix,sp
      0022EB FD 21 F8 FF      [14] 5685 	ld	iy, #-8
      0022EF FD 39            [15] 5686 	add	iy, sp
      0022F1 FD F9            [10] 5687 	ld	sp, iy
                                   5688 ;ff.c:3233: tt = tp = *path;
      0022F3 DD 75 FE         [19] 5689 	ld	-2 (ix), l
      0022F6 DD 74 FF         [19] 5690 	ld	-1 (ix), h
      0022F9 7E               [ 7] 5691 	ld	a, (hl)
      0022FA DD 77 FC         [19] 5692 	ld	-4 (ix), a
      0022FD 23               [ 6] 5693 	inc	hl
      0022FE 7E               [ 7] 5694 	ld	a, (hl)
      0022FF DD 77 FD         [19] 5695 	ld	-3 (ix), a
      002302 DD 7E FC         [19] 5696 	ld	a, -4 (ix)
      002305 DD 77 F8         [19] 5697 	ld	-8 (ix), a
      002308 DD 7E FD         [19] 5698 	ld	a, -3 (ix)
                                   5699 ;ff.c:3234: if (!tp) return -1;		/* Invalid path name? */
      00230B DD 77 F9         [19] 5700 	ld	-7 (ix), a
      00230E DD B6 F8         [19] 5701 	or	a, -8 (ix)
      002311 20 06            [12] 5702 	jr	NZ, 00119$
      002313 11 FF FF         [10] 5703 	ld	de, #0xffff
      002316 C3r9Cr23         [10] 5704 	jp	00115$
                                   5705 ;ff.c:3235: do {					/* Find a colon in the path */
      002319                       5706 00119$:
      002319 DD 5E FC         [19] 5707 	ld	e, -4 (ix)
      00231C DD 56 FD         [19] 5708 	ld	d, -3 (ix)
      00231F                       5709 00104$:
                                   5710 ;ff.c:3236: chr = *tt++;
      00231F 1A               [ 7] 5711 	ld	a, (de)
      002320 13               [ 6] 5712 	inc	de
                                   5713 ;ff.c:3237: } while (!IsTerminator(chr) && chr != ':');
      002321 6F               [ 4] 5714 	ld	l, a
                                   5715 ;	spillPairReg hl
                                   5716 ;	spillPairReg hl
      002322 26 00            [ 7] 5717 	ld	h, #0x00
                                   5718 ;	spillPairReg hl
                                   5719 ;	spillPairReg hl
      002324 D6 3A            [ 7] 5720 	sub	a, #0x3a
      002326 3E 01            [ 7] 5721 	ld	a, #0x01
      002328 28 01            [12] 5722 	jr	Z, 00159$
      00232A AF               [ 4] 5723 	xor	a, a
      00232B                       5724 00159$:
      00232B 4F               [ 4] 5725 	ld	c, a
      00232C 7D               [ 4] 5726 	ld	a, l
      00232D D6 21            [ 7] 5727 	sub	a, #0x21
      00232F 7C               [ 4] 5728 	ld	a, h
      002330 DE 00            [ 7] 5729 	sbc	a, #0x00
      002332 38 04            [12] 5730 	jr	C, 00125$
      002334 CB 41            [ 8] 5731 	bit	0, c
      002336 28 E7            [12] 5732 	jr	Z, 00104$
      002338                       5733 00125$:
      002338 DD 73 FA         [19] 5734 	ld	-6 (ix), e
      00233B DD 72 FB         [19] 5735 	ld	-5 (ix), d
                                   5736 ;ff.c:3239: if (chr == ':') {	/* Is there a DOS/Windows style volume ID? */
      00233E 79               [ 4] 5737 	ld	a, c
      00233F B7               [ 4] 5738 	or	a, a
      002340 28 57            [12] 5739 	jr	Z, 00114$
                                   5740 ;ff.c:3240: i = FF_VOLUMES;
      002342 DD 36 FC 01      [19] 5741 	ld	-4 (ix), #0x01
      002346 DD 36 FD 00      [19] 5742 	ld	-3 (ix), #0
                                   5743 ;ff.c:3241: if (IsDigit(*tp) && tp + 2 == tt) {	/* Is it a numeric volume ID + colon? */
      00234A E1               [10] 5744 	pop	hl
      00234B E5               [11] 5745 	push	hl
      00234C 4E               [ 7] 5746 	ld	c, (hl)
      00234D 79               [ 4] 5747 	ld	a, c
      00234E D6 30            [ 7] 5748 	sub	a, #0x30
      002350 38 1C            [12] 5749 	jr	C, 00108$
      002352 3E 39            [ 7] 5750 	ld	a, #0x39
      002354 91               [ 4] 5751 	sub	a, c
      002355 38 17            [12] 5752 	jr	C, 00108$
      002357 E1               [10] 5753 	pop	hl
      002358 E5               [11] 5754 	push	hl
      002359 23               [ 6] 5755 	inc	hl
      00235A 23               [ 6] 5756 	inc	hl
      00235B BF               [ 4] 5757 	cp	a, a
      00235C ED 52            [15] 5758 	sbc	hl, de
      00235E 20 0E            [12] 5759 	jr	NZ, 00108$
                                   5760 ;ff.c:3242: i = (int)*tp - '0';	/* Get the logical drive number */
      002360 79               [ 4] 5761 	ld	a, c
      002361 0E 00            [ 7] 5762 	ld	c, #0x00
      002363 C6 D0            [ 7] 5763 	add	a, #0xd0
      002365 DD 77 FC         [19] 5764 	ld	-4 (ix), a
      002368 79               [ 4] 5765 	ld	a, c
      002369 CE FF            [ 7] 5766 	adc	a, #0xff
      00236B DD 77 FD         [19] 5767 	ld	-3 (ix), a
      00236E                       5768 00108$:
                                   5769 ;ff.c:3257: if (i >= FF_VOLUMES) return -1;	/* Not found or invalid volume ID */
      00236E DD 7E FC         [19] 5770 	ld	a, -4 (ix)
      002371 D6 01            [ 7] 5771 	sub	a, #0x01
      002373 DD 7E FD         [19] 5772 	ld	a, -3 (ix)
      002376 17               [ 4] 5773 	rla
      002377 3F               [ 4] 5774 	ccf
      002378 1F               [ 4] 5775 	rra
      002379 DE 80            [ 7] 5776 	sbc	a, #0x80
      00237B 38 05            [12] 5777 	jr	C, 00112$
      00237D 11 FF FF         [10] 5778 	ld	de, #0xffff
      002380 18 1A            [12] 5779 	jr	00115$
      002382                       5780 00112$:
                                   5781 ;ff.c:3258: *path = tt;		/* Snip the drive prefix off */
      002382 DD 6E FE         [19] 5782 	ld	l, -2 (ix)
      002385 DD 66 FF         [19] 5783 	ld	h, -1 (ix)
      002388 DD 7E FA         [19] 5784 	ld	a, -6 (ix)
      00238B 77               [ 7] 5785 	ld	(hl), a
      00238C 23               [ 6] 5786 	inc	hl
      00238D DD 7E FB         [19] 5787 	ld	a, -5 (ix)
      002390 77               [ 7] 5788 	ld	(hl), a
                                   5789 ;ff.c:3259: return i;		/* Return the found drive number */
      002391 DD 5E FC         [19] 5790 	ld	e, -4 (ix)
      002394 DD 56 FD         [19] 5791 	ld	d, -3 (ix)
      002397 18 03            [12] 5792 	jr	00115$
      002399                       5793 00114$:
                                   5794 ;ff.c:3282: return 0;				/* Default drive is 0 */
      002399 11 00 00         [10] 5795 	ld	de, #0x0000
      00239C                       5796 00115$:
                                   5797 ;ff.c:3284: }
      00239C DD F9            [10] 5798 	ld	sp, ix
      00239E DD E1            [14] 5799 	pop	ix
      0023A0 C9               [10] 5800 	ret
                                   5801 ;ff.c:3367: static UINT check_fs (	/* 0:FAT/FAT32 VBR, 1:exFAT VBR, 2:Not FAT and valid BS, 3:Not FAT and invalid BS, 4:Disk error */
                                   5802 ;	---------------------------------
                                   5803 ; Function check_fs
                                   5804 ; ---------------------------------
      0023A1                       5805 _check_fs:
      0023A1 DD E5            [15] 5806 	push	ix
      0023A3 DD 21 00 00      [14] 5807 	ld	ix,#0
      0023A7 DD 39            [15] 5808 	add	ix,sp
      0023A9 F5               [11] 5809 	push	af
      0023AA 3B               [ 6] 5810 	dec	sp
                                   5811 ;ff.c:3376: fs->wflag = 0; fs->winsect = (LBA_t)0 - 1;		/* Invaidate window */
      0023AB DD 75 FE         [19] 5812 	ld	-2 (ix), l
      0023AE DD 74 FF         [19] 5813 	ld	-1 (ix), h
      0023B1 11 04 00         [10] 5814 	ld	de, #0x0004
      0023B4 19               [11] 5815 	add	hl, de
      0023B5 36 00            [10] 5816 	ld	(hl), #0x00
      0023B7 DD 6E FE         [19] 5817 	ld	l, -2 (ix)
      0023BA DD 66 FF         [19] 5818 	ld	h, -1 (ix)
      0023BD 11 1C 00         [10] 5819 	ld	de, #0x001c
      0023C0 19               [11] 5820 	add	hl, de
      0023C1 36 FF            [10] 5821 	ld	(hl), #0xff
      0023C3 23               [ 6] 5822 	inc	hl
      0023C4 36 FF            [10] 5823 	ld	(hl), #0xff
      0023C6 23               [ 6] 5824 	inc	hl
      0023C7 36 FF            [10] 5825 	ld	(hl), #0xff
      0023C9 23               [ 6] 5826 	inc	hl
      0023CA 36 FF            [10] 5827 	ld	(hl), #0xff
                                   5828 ;ff.c:3377: if (move_window(fs, sect) != FR_OK) return 4;	/* Load the boot sector */
      0023CC DD 6E 06         [19] 5829 	ld	l, 6 (ix)
                                   5830 ;	spillPairReg hl
                                   5831 ;	spillPairReg hl
      0023CF DD 66 07         [19] 5832 	ld	h, 7 (ix)
                                   5833 ;	spillPairReg hl
                                   5834 ;	spillPairReg hl
      0023D2 E5               [11] 5835 	push	hl
      0023D3 DD 6E 04         [19] 5836 	ld	l, 4 (ix)
                                   5837 ;	spillPairReg hl
                                   5838 ;	spillPairReg hl
      0023D6 DD 66 05         [19] 5839 	ld	h, 5 (ix)
                                   5840 ;	spillPairReg hl
                                   5841 ;	spillPairReg hl
      0023D9 E5               [11] 5842 	push	hl
      0023DA DD 6E FE         [19] 5843 	ld	l, -2 (ix)
                                   5844 ;	spillPairReg hl
                                   5845 ;	spillPairReg hl
      0023DD DD 66 FF         [19] 5846 	ld	h, -1 (ix)
                                   5847 ;	spillPairReg hl
                                   5848 ;	spillPairReg hl
      0023E0 CDrDFr02         [17] 5849 	call	_move_window
      0023E3 B7               [ 4] 5850 	or	a, a
      0023E4 28 06            [12] 5851 	jr	Z, 00102$
      0023E6 11 04 00         [10] 5852 	ld	de, #0x0004
      0023E9 C3rF9r24         [10] 5853 	jp	00122$
      0023EC                       5854 00102$:
                                   5855 ;ff.c:3378: sign = ld_16(fs->win + BS_55AA);
      0023EC DD 7E FE         [19] 5856 	ld	a, -2 (ix)
      0023EF C6 30            [ 7] 5857 	add	a, #0x30
      0023F1 4F               [ 4] 5858 	ld	c, a
      0023F2 DD 7E FF         [19] 5859 	ld	a, -1 (ix)
      0023F5 CE 00            [ 7] 5860 	adc	a, #0x00
      0023F7 47               [ 4] 5861 	ld	b, a
      0023F8 21 FE 01         [10] 5862 	ld	hl, #0x01fe
      0023FB 09               [11] 5863 	add	hl, bc
      0023FC C5               [11] 5864 	push	bc
      0023FD CDr00r00         [17] 5865 	call	_ld_16
      002400 C1               [10] 5866 	pop	bc
                                   5867 ;ff.c:3382: b = fs->win[BS_JmpBoot];
      002401 0A               [ 7] 5868 	ld	a, (bc)
      002402 4F               [ 4] 5869 	ld	c, a
                                   5870 ;ff.c:3384: if (sign == 0xAA55 && !memcmp(fs->win + BS_FilSysType32, "FAT32   ", 8)) {
      002403 7B               [ 4] 5871 	ld	a, e
      002404 D6 55            [ 7] 5872 	sub	a, #0x55
      002406 20 07            [12] 5873 	jr	NZ, 00206$
      002408 7A               [ 4] 5874 	ld	a, d
      002409 D6 AA            [ 7] 5875 	sub	a, #0xaa
      00240B 3E 01            [ 7] 5876 	ld	a, #0x01
      00240D 28 01            [12] 5877 	jr	Z, 00207$
      00240F                       5878 00206$:
      00240F AF               [ 4] 5879 	xor	a, a
      002410                       5880 00207$:
      002410 DD 77 FD         [19] 5881 	ld	-3 (ix), a
                                   5882 ;ff.c:3383: if (b == 0xEB || b == 0xE9 || b == 0xE8) {	/* Valid JumpBoot code? (short jump, near jump or near call) */
      002413 79               [ 4] 5883 	ld	a,c
      002414 FE EB            [ 7] 5884 	cp	a,#0xeb
      002416 28 09            [12] 5885 	jr	Z, 00118$
      002418 FE E9            [ 7] 5886 	cp	a,#0xe9
      00241A 28 05            [12] 5887 	jr	Z, 00118$
      00241C D6 E8            [ 7] 5888 	sub	a, #0xe8
      00241E C2rEBr24         [10] 5889 	jp	NZ,00119$
      002421                       5890 00118$:
                                   5891 ;ff.c:3384: if (sign == 0xAA55 && !memcmp(fs->win + BS_FilSysType32, "FAT32   ", 8)) {
      002421 DD 7E FE         [19] 5892 	ld	a, -2 (ix)
      002424 C6 30            [ 7] 5893 	add	a, #0x30
      002426 4F               [ 4] 5894 	ld	c, a
      002427 DD 7E FF         [19] 5895 	ld	a, -1 (ix)
      00242A CE 00            [ 7] 5896 	adc	a, #0x00
      00242C 47               [ 4] 5897 	ld	b, a
      00242D DD 7E FD         [19] 5898 	ld	a, -3 (ix)
      002430 B7               [ 4] 5899 	or	a, a
      002431 28 1A            [12] 5900 	jr	Z, 00104$
      002433 21 52 00         [10] 5901 	ld	hl, #0x0052
      002436 09               [11] 5902 	add	hl, bc
      002437 C5               [11] 5903 	push	bc
      002438 11 08 00         [10] 5904 	ld	de, #0x0008
      00243B D5               [11] 5905 	push	de
      00243C 11r01r25         [10] 5906 	ld	de, #___str_1
      00243F CDr00r00         [17] 5907 	call	_memcmp
      002442 C1               [10] 5908 	pop	bc
      002443 7A               [ 4] 5909 	ld	a, d
      002444 B3               [ 4] 5910 	or	a, e
      002445 20 06            [12] 5911 	jr	NZ, 00104$
                                   5912 ;ff.c:3385: return 0;	/* It is an FAT32 VBR */
      002447 11 00 00         [10] 5913 	ld	de, #0x0000
      00244A C3rF9r24         [10] 5914 	jp	00122$
      00244D                       5915 00104$:
                                   5916 ;ff.c:3388: w = ld_16(fs->win + BPB_BytsPerSec);
      00244D 21 0B 00         [10] 5917 	ld	hl, #0x000b
      002450 09               [11] 5918 	add	hl, bc
      002451 C5               [11] 5919 	push	bc
      002452 CDr00r00         [17] 5920 	call	_ld_16
      002455 C1               [10] 5921 	pop	bc
                                   5922 ;ff.c:3389: b = fs->win[BPB_SecPerClus];
      002456 69               [ 4] 5923 	ld	l, c
                                   5924 ;	spillPairReg hl
                                   5925 ;	spillPairReg hl
      002457 60               [ 4] 5926 	ld	h, b
                                   5927 ;	spillPairReg hl
                                   5928 ;	spillPairReg hl
      002458 C5               [11] 5929 	push	bc
      002459 01 0D 00         [10] 5930 	ld	bc, #0x000d
      00245C 09               [11] 5931 	add	hl, bc
      00245D C1               [10] 5932 	pop	bc
      00245E 66               [ 7] 5933 	ld	h, (hl)
                                   5934 ;	spillPairReg hl
                                   5935 ;ff.c:3390: if ((w & (w - 1)) == 0 && w >= FF_MIN_SS && w <= FF_MAX_SS	/* Properness of sector size (512-4096 and 2^n) */
      00245F 7B               [ 4] 5936 	ld	a, e
      002460 C6 FF            [ 7] 5937 	add	a, #0xff
      002462 6F               [ 4] 5938 	ld	l, a
                                   5939 ;	spillPairReg hl
                                   5940 ;	spillPairReg hl
      002463 7A               [ 4] 5941 	ld	a, d
      002464 CE FF            [ 7] 5942 	adc	a, #0xff
      002466 F5               [11] 5943 	push	af
      002467 7D               [ 4] 5944 	ld	a, l
      002468 A3               [ 4] 5945 	and	a, e
      002469 6F               [ 4] 5946 	ld	l, a
                                   5947 ;	spillPairReg hl
                                   5948 ;	spillPairReg hl
      00246A F1               [10] 5949 	pop	af
      00246B A2               [ 4] 5950 	and	a, d
      00246C B5               [ 4] 5951 	or	a, l
      00246D 20 7C            [12] 5952 	jr	NZ, 00119$
      00246F 7A               [ 4] 5953 	ld	a, d
      002470 D6 02            [ 7] 5954 	sub	a, #0x02
      002472 38 77            [12] 5955 	jr	C, 00119$
                                   5956 ;ff.c:3391: && b != 0 && (b & (b - 1)) == 0				/* Properness of cluster size (2^n) */
      002474 AF               [ 4] 5957 	xor	a, a
      002475 BB               [ 4] 5958 	cp	a, e
      002476 3E 02            [ 7] 5959 	ld	a, #0x02
      002478 9A               [ 4] 5960 	sbc	a, d
      002479 38 70            [12] 5961 	jr	C, 00119$
      00247B 7C               [ 4] 5962 	ld	a, h
      00247C B7               [ 4] 5963 	or	a, a
      00247D 28 6C            [12] 5964 	jr	Z, 00119$
      00247F 5C               [ 4] 5965 	ld	e, h
      002480 16 00            [ 7] 5966 	ld	d, #0x00
      002482 6B               [ 4] 5967 	ld	l, e
      002483 62               [ 4] 5968 	ld	h, d
      002484 2B               [ 6] 5969 	dec	hl
      002485 7D               [ 4] 5970 	ld	a, l
      002486 A3               [ 4] 5971 	and	a, e
      002487 5F               [ 4] 5972 	ld	e, a
      002488 7C               [ 4] 5973 	ld	a, h
      002489 A2               [ 4] 5974 	and	a, d
      00248A B3               [ 4] 5975 	or	a, e
      00248B 20 5E            [12] 5976 	jr	NZ, 00119$
                                   5977 ;ff.c:3392: && ld_16(fs->win + BPB_RsvdSecCnt) != 0		/* Properness of number of reserved sectors (MNBZ) */
      00248D 21 0E 00         [10] 5978 	ld	hl, #0x000e
      002490 09               [11] 5979 	add	hl, bc
      002491 C5               [11] 5980 	push	bc
      002492 CDr00r00         [17] 5981 	call	_ld_16
      002495 C1               [10] 5982 	pop	bc
      002496 7A               [ 4] 5983 	ld	a, d
      002497 B3               [ 4] 5984 	or	a, e
      002498 28 51            [12] 5985 	jr	Z, 00119$
                                   5986 ;ff.c:3393: && (UINT)fs->win[BPB_NumFATs] - 1 <= 1		/* Properness of number of FATs (1 or 2) */
      00249A 59               [ 4] 5987 	ld	e, c
      00249B 50               [ 4] 5988 	ld	d, b
      00249C 21 10 00         [10] 5989 	ld	hl, #16
      00249F 19               [11] 5990 	add	hl, de
      0024A0 5E               [ 7] 5991 	ld	e, (hl)
      0024A1 16 00            [ 7] 5992 	ld	d, #0x00
      0024A3 1B               [ 6] 5993 	dec	de
      0024A4 3E 01            [ 7] 5994 	ld	a, #0x01
      0024A6 BB               [ 4] 5995 	cp	a, e
      0024A7 3E 00            [ 7] 5996 	ld	a, #0x00
      0024A9 9A               [ 4] 5997 	sbc	a, d
      0024AA 38 3F            [12] 5998 	jr	C, 00119$
                                   5999 ;ff.c:3394: && ld_16(fs->win + BPB_RootEntCnt) != 0		/* Properness of root dir size (MNBZ) */
      0024AC 21 11 00         [10] 6000 	ld	hl, #0x0011
      0024AF 09               [11] 6001 	add	hl, bc
      0024B0 C5               [11] 6002 	push	bc
      0024B1 CDr00r00         [17] 6003 	call	_ld_16
      0024B4 C1               [10] 6004 	pop	bc
      0024B5 7A               [ 4] 6005 	ld	a, d
      0024B6 B3               [ 4] 6006 	or	a, e
      0024B7 28 32            [12] 6007 	jr	Z, 00119$
                                   6008 ;ff.c:3395: && (ld_16(fs->win + BPB_TotSec16) >= 128 || ld_32(fs->win + BPB_TotSec32) >= 0x10000)	/* Properness of volume size (>=128) */
      0024B9 21 13 00         [10] 6009 	ld	hl, #0x0013
      0024BC 09               [11] 6010 	add	hl, bc
      0024BD C5               [11] 6011 	push	bc
      0024BE CDr00r00         [17] 6012 	call	_ld_16
      0024C1 C1               [10] 6013 	pop	bc
      0024C2 7B               [ 4] 6014 	ld	a, e
      0024C3 D6 80            [ 7] 6015 	sub	a, #0x80
      0024C5 7A               [ 4] 6016 	ld	a, d
      0024C6 DE 00            [ 7] 6017 	sbc	a, #0x00
      0024C8 30 11            [12] 6018 	jr	NC, 00117$
      0024CA 21 20 00         [10] 6019 	ld	hl, #0x0020
      0024CD 09               [11] 6020 	add	hl, bc
      0024CE C5               [11] 6021 	push	bc
      0024CF CDr1Dr00         [17] 6022 	call	_ld_32
      0024D2 C1               [10] 6023 	pop	bc
      0024D3 11 01 00         [10] 6024 	ld	de, #0x0001
      0024D6 BF               [ 4] 6025 	cp	a, a
      0024D7 ED 52            [15] 6026 	sbc	hl, de
      0024D9 38 10            [12] 6027 	jr	C, 00119$
      0024DB                       6028 00117$:
                                   6029 ;ff.c:3396: && ld_16(fs->win + BPB_FATSz16) != 0) {		/* Properness of FAT size (MNBZ) */
      0024DB 21 16 00         [10] 6030 	ld	hl, #0x0016
      0024DE 09               [11] 6031 	add	hl, bc
      0024DF CDr00r00         [17] 6032 	call	_ld_16
      0024E2 7A               [ 4] 6033 	ld	a, d
      0024E3 B3               [ 4] 6034 	or	a, e
      0024E4 28 05            [12] 6035 	jr	Z, 00119$
                                   6036 ;ff.c:3397: return 0;	/* It can be presumed an FAT VBR */
      0024E6 11 00 00         [10] 6037 	ld	de, #0x0000
      0024E9 18 0E            [12] 6038 	jr	00122$
      0024EB                       6039 00119$:
                                   6040 ;ff.c:3400: return sign == 0xAA55 ? 2 : 3;	/* Not an FAT VBR (with valid or invalid BS) */
      0024EB DD 7E FD         [19] 6041 	ld	a, -3 (ix)
      0024EE B7               [ 4] 6042 	or	a, a
      0024EF 28 05            [12] 6043 	jr	Z, 00124$
      0024F1 11 02 00         [10] 6044 	ld	de, #0x0002
      0024F4 18 03            [12] 6045 	jr	00125$
      0024F6                       6046 00124$:
      0024F6 11 03 00         [10] 6047 	ld	de, #0x0003
      0024F9                       6048 00125$:
      0024F9                       6049 00122$:
                                   6050 ;ff.c:3401: }
      0024F9 DD F9            [10] 6051 	ld	sp, ix
      0024FB DD E1            [14] 6052 	pop	ix
      0024FD E1               [10] 6053 	pop	hl
      0024FE F1               [10] 6054 	pop	af
      0024FF F1               [10] 6055 	pop	af
      002500 E9               [ 4] 6056 	jp	(hl)
      002501                       6057 ___str_1:
      002501 46 41 54 33 32 20 20  6058 	.ascii "FAT32   "
             20
      002509 00                    6059 	.db 0x00
                                   6060 ;ff.c:3407: static UINT find_volume (	/* Returns BS status found in the hosting drive */
                                   6061 ;	---------------------------------
                                   6062 ; Function find_volume
                                   6063 ; ---------------------------------
      00250A                       6064 _find_volume:
      00250A DD E5            [15] 6065 	push	ix
      00250C DD 21 00 00      [14] 6066 	ld	ix,#0
      002510 DD 39            [15] 6067 	add	ix,sp
      002512 FD 21 E4 FF      [14] 6068 	ld	iy, #-28
      002516 FD 39            [15] 6069 	add	iy, sp
      002518 FD F9            [10] 6070 	ld	sp, iy
      00251A DD 75 FC         [19] 6071 	ld	-4 (ix), l
      00251D DD 74 FD         [19] 6072 	ld	-3 (ix), h
      002520 DD 73 FA         [19] 6073 	ld	-6 (ix), e
      002523 DD 72 FB         [19] 6074 	ld	-5 (ix), d
                                   6075 ;ff.c:3416: fmt = check_fs(fs, 0);				/* Load sector 0 and check if it is an FAT VBR as SFD format */
      002526 21 00 00         [10] 6076 	ld	hl, #0x0000
      002529 E5               [11] 6077 	push	hl
      00252A E5               [11] 6078 	push	hl
      00252B DD 6E FC         [19] 6079 	ld	l, -4 (ix)
                                   6080 ;	spillPairReg hl
                                   6081 ;	spillPairReg hl
      00252E DD 66 FD         [19] 6082 	ld	h, -3 (ix)
                                   6083 ;	spillPairReg hl
                                   6084 ;	spillPairReg hl
      002531 CDrA1r23         [17] 6085 	call	_check_fs
                                   6086 ;ff.c:3417: if (fmt != 2 && (fmt >= 3 || part == 0)) return fmt;	/* Returns if it is an FAT VBR as auto scan, not a BS or disk error */
      002534 7B               [ 4] 6087 	ld	a, e
      002535 D6 02            [ 7] 6088 	sub	a, #0x02
      002537 B2               [ 4] 6089 	or	a, d
      002538 28 12            [12] 6090 	jr	Z, 00124$
      00253A 7B               [ 4] 6091 	ld	a, e
      00253B D6 03            [ 7] 6092 	sub	a, #0x03
      00253D 7A               [ 4] 6093 	ld	a, d
      00253E DE 00            [ 7] 6094 	sbc	a, #0x00
      002540 D2r3Br26         [10] 6095 	jp	NC,00116$
      002543 DD 7E FB         [19] 6096 	ld	a, -5 (ix)
      002546 DD B6 FA         [19] 6097 	or	a, -6 (ix)
                                   6098 ;ff.c:3444: for (i = 0; i < 4; i++) {		/* Load partition offset in the MBR */
      002549 CAr3Br26         [10] 6099 	jp	Z,00116$
      00254C                       6100 00124$:
      00254C DD 7E FC         [19] 6101 	ld	a, -4 (ix)
      00254F C6 30            [ 7] 6102 	add	a, #0x30
      002551 DD 77 FE         [19] 6103 	ld	-2 (ix), a
      002554 DD 7E FD         [19] 6104 	ld	a, -3 (ix)
      002557 CE 00            [ 7] 6105 	adc	a, #0x00
      002559 DD 77 FF         [19] 6106 	ld	-1 (ix), a
      00255C 01 00 00         [10] 6107 	ld	bc, #0x0000
      00255F                       6108 00114$:
                                   6109 ;ff.c:3445: mbr_pt[i] = ld_32(fs->win + MBR_Table + i * SZ_PTE + PTE_StLba);
      00255F 69               [ 4] 6110 	ld	l, c
                                   6111 ;	spillPairReg hl
                                   6112 ;	spillPairReg hl
      002560 60               [ 4] 6113 	ld	h, b
                                   6114 ;	spillPairReg hl
                                   6115 ;	spillPairReg hl
      002561 29               [11] 6116 	add	hl, hl
      002562 29               [11] 6117 	add	hl, hl
      002563 EB               [ 4] 6118 	ex	de,hl
      002564 D5               [11] 6119 	push	de
      002565 21 06 00         [10] 6120 	ld	hl, #6
      002568 39               [11] 6121 	add	hl, sp
      002569 19               [11] 6122 	add	hl, de
      00256A D1               [10] 6123 	pop	de
      00256B EB               [ 4] 6124 	ex	de, hl
      00256C 69               [ 4] 6125 	ld	l, c
      00256D 60               [ 4] 6126 	ld	h, b
      00256E 29               [11] 6127 	add	hl, hl
      00256F 29               [11] 6128 	add	hl, hl
      002570 29               [11] 6129 	add	hl, hl
      002571 29               [11] 6130 	add	hl, hl
      002572 D5               [11] 6131 	push	de
      002573 11 C6 01         [10] 6132 	ld	de, #0x01c6
      002576 19               [11] 6133 	add	hl, de
      002577 D1               [10] 6134 	pop	de
      002578 7D               [ 4] 6135 	ld	a, l
      002579 DD 86 FE         [19] 6136 	add	a, -2 (ix)
      00257C 6F               [ 4] 6137 	ld	l, a
                                   6138 ;	spillPairReg hl
                                   6139 ;	spillPairReg hl
      00257D 7C               [ 4] 6140 	ld	a, h
      00257E DD 8E FF         [19] 6141 	adc	a, -1 (ix)
      002581 67               [ 4] 6142 	ld	h, a
                                   6143 ;	spillPairReg hl
                                   6144 ;	spillPairReg hl
      002582 C5               [11] 6145 	push	bc
      002583 D5               [11] 6146 	push	de
      002584 CDr1Dr00         [17] 6147 	call	_ld_32
      002587 DD 73 E4         [19] 6148 	ld	-28 (ix), e
      00258A DD 72 E5         [19] 6149 	ld	-27 (ix), d
      00258D DD 75 E6         [19] 6150 	ld	-26 (ix), l
      002590 DD 74 E7         [19] 6151 	ld	-25 (ix), h
      002593 D1               [10] 6152 	pop	de
      002594 21 02 00         [10] 6153 	ld	hl, #2
      002597 39               [11] 6154 	add	hl, sp
      002598 01 04 00         [10] 6155 	ld	bc, #0x0004
      00259B ED B0            [21] 6156 	ldir
      00259D C1               [10] 6157 	pop	bc
                                   6158 ;ff.c:3444: for (i = 0; i < 4; i++) {		/* Load partition offset in the MBR */
      00259E 03               [ 6] 6159 	inc	bc
      00259F 79               [ 4] 6160 	ld	a, c
      0025A0 D6 04            [ 7] 6161 	sub	a, #0x04
      0025A2 78               [ 4] 6162 	ld	a, b
      0025A3 DE 00            [ 7] 6163 	sbc	a, #0x00
      0025A5 38 B8            [12] 6164 	jr	C, 00114$
                                   6165 ;ff.c:3447: i = part ? part - 1 : 0;		/* Table index to find first */
      0025A7 DD 7E FB         [19] 6166 	ld	a, -5 (ix)
      0025AA DD B6 FA         [19] 6167 	or	a, -6 (ix)
      0025AD 28 12            [12] 6168 	jr	Z, 00118$
      0025AF DD 7E FA         [19] 6169 	ld	a, -6 (ix)
      0025B2 C6 FF            [ 7] 6170 	add	a, #0xff
      0025B4 DD 77 FE         [19] 6171 	ld	-2 (ix), a
      0025B7 DD 7E FB         [19] 6172 	ld	a, -5 (ix)
      0025BA CE FF            [ 7] 6173 	adc	a, #0xff
      0025BC DD 77 FF         [19] 6174 	ld	-1 (ix), a
      0025BF 18 07            [12] 6175 	jr	00119$
      0025C1                       6176 00118$:
      0025C1 AF               [ 4] 6177 	xor	a, a
      0025C2 DD 77 FE         [19] 6178 	ld	-2 (ix), a
      0025C5 DD 77 FF         [19] 6179 	ld	-1 (ix), a
      0025C8                       6180 00119$:
                                   6181 ;ff.c:3448: do {							/* Find an FAT volume */
      0025C8                       6182 00111$:
                                   6183 ;ff.c:3449: fmt = mbr_pt[i] ? check_fs(fs, mbr_pt[i]) : 3;	/* Check if the partition is FAT */
      0025C8 DD 6E FE         [19] 6184 	ld	l, -2 (ix)
                                   6185 ;	spillPairReg hl
                                   6186 ;	spillPairReg hl
      0025CB DD 66 FF         [19] 6187 	ld	h, -1 (ix)
                                   6188 ;	spillPairReg hl
                                   6189 ;	spillPairReg hl
      0025CE 29               [11] 6190 	add	hl, hl
      0025CF 29               [11] 6191 	add	hl, hl
      0025D0 EB               [ 4] 6192 	ex	de,hl
      0025D1 21 04 00         [10] 6193 	ld	hl, #4
      0025D4 39               [11] 6194 	add	hl, sp
      0025D5 19               [11] 6195 	add	hl, de
      0025D6 EB               [ 4] 6196 	ex	de, hl
      0025D7 21 00 00         [10] 6197 	ld	hl, #0
      0025DA 39               [11] 6198 	add	hl, sp
      0025DB EB               [ 4] 6199 	ex	de, hl
      0025DC 01 04 00         [10] 6200 	ld	bc, #0x0004
      0025DF ED B0            [21] 6201 	ldir
      0025E1 DD 7E E7         [19] 6202 	ld	a, -25 (ix)
      0025E4 DD B6 E6         [19] 6203 	or	a, -26 (ix)
      0025E7 DD B6 E5         [19] 6204 	or	a, -27 (ix)
      0025EA DD B6 E4         [19] 6205 	or	a, -28 (ix)
      0025ED 28 18            [12] 6206 	jr	Z, 00120$
      0025EF D1               [10] 6207 	pop	de
      0025F0 E1               [10] 6208 	pop	hl
      0025F1 EB               [ 4] 6209 	ex	de, hl
      0025F2 D5               [11] 6210 	push	de
      0025F3 E5               [11] 6211 	push	hl
      0025F4 D5               [11] 6212 	push	de
      0025F5 E5               [11] 6213 	push	hl
      0025F6 DD 6E FC         [19] 6214 	ld	l, -4 (ix)
                                   6215 ;	spillPairReg hl
                                   6216 ;	spillPairReg hl
      0025F9 DD 66 FD         [19] 6217 	ld	h, -3 (ix)
                                   6218 ;	spillPairReg hl
                                   6219 ;	spillPairReg hl
      0025FC CDrA1r23         [17] 6220 	call	_check_fs
      0025FF DD 73 F8         [19] 6221 	ld	-8 (ix), e
      002602 DD 72 F9         [19] 6222 	ld	-7 (ix), d
      002605 18 08            [12] 6223 	jr	00121$
      002607                       6224 00120$:
      002607 DD 36 F8 03      [19] 6225 	ld	-8 (ix), #0x03
      00260B DD 36 F9 00      [19] 6226 	ld	-7 (ix), #0
      00260F                       6227 00121$:
      00260F DD 4E F8         [19] 6228 	ld	c, -8 (ix)
      002612 DD 46 F9         [19] 6229 	ld	b, -7 (ix)
                                   6230 ;ff.c:3450: } while (part == 0 && fmt >= 2 && ++i < 4);
      002615 DD 7E FB         [19] 6231 	ld	a, -5 (ix)
      002618 DD B6 FA         [19] 6232 	or	a, -6 (ix)
      00261B 20 1C            [12] 6233 	jr	NZ, 00113$
      00261D 79               [ 4] 6234 	ld	a, c
      00261E D6 02            [ 7] 6235 	sub	a, #0x02
      002620 78               [ 4] 6236 	ld	a, b
      002621 DE 00            [ 7] 6237 	sbc	a, #0x00
      002623 38 14            [12] 6238 	jr	C, 00113$
      002625 DD 34 FE         [23] 6239 	inc	-2 (ix)
      002628 20 03            [12] 6240 	jr	NZ, 00170$
      00262A DD 34 FF         [23] 6241 	inc	-1 (ix)
      00262D                       6242 00170$:
      00262D DD 7E FE         [19] 6243 	ld	a, -2 (ix)
      002630 D6 04            [ 7] 6244 	sub	a, #0x04
      002632 DD 7E FF         [19] 6245 	ld	a, -1 (ix)
      002635 DE 00            [ 7] 6246 	sbc	a, #0x00
      002637 38 8F            [12] 6247 	jr	C, 00111$
      002639                       6248 00113$:
                                   6249 ;ff.c:3451: return fmt;
      002639 59               [ 4] 6250 	ld	e, c
      00263A 50               [ 4] 6251 	ld	d, b
      00263B                       6252 00116$:
                                   6253 ;ff.c:3452: }
      00263B DD F9            [10] 6254 	ld	sp, ix
      00263D DD E1            [14] 6255 	pop	ix
      00263F C9               [10] 6256 	ret
                                   6257 ;ff.c:3461: static FRESULT mount_volume (	/* FR_OK(0): successful, !=0: an error occurred */
                                   6258 ;	---------------------------------
                                   6259 ; Function mount_volume
                                   6260 ; ---------------------------------
      002640                       6261 _mount_volume:
      002640 DD E5            [15] 6262 	push	ix
      002642 DD 21 00 00      [14] 6263 	ld	ix,#0
      002646 DD 39            [15] 6264 	add	ix,sp
      002648 FD 21 DA FF      [14] 6265 	ld	iy, #-38
      00264C FD 39            [15] 6266 	add	iy, sp
      00264E FD F9            [10] 6267 	ld	sp, iy
      002650 4D               [ 4] 6268 	ld	c, l
      002651 44               [ 4] 6269 	ld	b, h
                                   6270 ;ff.c:3475: *rfs = 0;
      002652 DD 73 FE         [19] 6271 	ld	-2 (ix), e
      002655 DD 72 FF         [19] 6272 	ld	-1 (ix), d
      002658 EB               [ 4] 6273 	ex	de,hl
      002659 AF               [ 4] 6274 	xor	a, a
      00265A 77               [ 7] 6275 	ld	(hl), a
      00265B 23               [ 6] 6276 	inc	hl
      00265C 77               [ 7] 6277 	ld	(hl), a
                                   6278 ;ff.c:3476: vol = get_ldnumber(path);
      00265D 69               [ 4] 6279 	ld	l, c
                                   6280 ;	spillPairReg hl
                                   6281 ;	spillPairReg hl
      00265E 60               [ 4] 6282 	ld	h, b
                                   6283 ;	spillPairReg hl
                                   6284 ;	spillPairReg hl
      00265F CDrE3r22         [17] 6285 	call	_get_ldnumber
      002662 DD 73 FC         [19] 6286 	ld	-4 (ix), e
      002665 DD 72 FD         [19] 6287 	ld	-3 (ix), d
                                   6288 ;ff.c:3477: if (vol < 0) return FR_INVALID_DRIVE;
      002668 DD CB FD 7E      [20] 6289 	bit	7, -3 (ix)
      00266C 28 05            [12] 6290 	jr	Z, 00102$
      00266E 3E 0B            [ 7] 6291 	ld	a, #0x0b
      002670 C3r90r2E         [10] 6292 	jp	00170$
      002673                       6293 00102$:
                                   6294 ;ff.c:3480: fs = FatFs[vol];					/* Get pointer to the filesystem object */
      002673 01r00r00         [10] 6295 	ld	bc, #_FatFs+0
      002676 DD 6E FC         [19] 6296 	ld	l, -4 (ix)
      002679 DD 66 FD         [19] 6297 	ld	h, -3 (ix)
      00267C 29               [11] 6298 	add	hl, hl
      00267D 09               [11] 6299 	add	hl, bc
      00267E 7E               [ 7] 6300 	ld	a, (hl)
      00267F DD 77 DE         [19] 6301 	ld	-34 (ix), a
      002682 23               [ 6] 6302 	inc	hl
      002683 7E               [ 7] 6303 	ld	a, (hl)
                                   6304 ;ff.c:3481: if (!fs) return FR_NOT_ENABLED;		/* Is the filesystem object available? */
      002684 DD 77 DF         [19] 6305 	ld	-33 (ix), a
      002687 DD B6 DE         [19] 6306 	or	a, -34 (ix)
      00268A 20 05            [12] 6307 	jr	NZ, 00104$
      00268C 3E 0C            [ 7] 6308 	ld	a, #0x0c
      00268E C3r90r2E         [10] 6309 	jp	00170$
      002691                       6310 00104$:
                                   6311 ;ff.c:3485: *rfs = fs;							/* Return pointer to the filesystem object */
      002691 DD 6E FE         [19] 6312 	ld	l, -2 (ix)
      002694 DD 66 FF         [19] 6313 	ld	h, -1 (ix)
      002697 DD 7E DE         [19] 6314 	ld	a, -34 (ix)
      00269A 77               [ 7] 6315 	ld	(hl), a
      00269B 23               [ 6] 6316 	inc	hl
      00269C DD 7E DF         [19] 6317 	ld	a, -33 (ix)
      00269F 77               [ 7] 6318 	ld	(hl), a
                                   6319 ;ff.c:3487: mode &= (BYTE)~FA_READ;				/* Desired access mode, write access or not */
      0026A0 DD 7E 04         [19] 6320 	ld	a, 4 (ix)
      0026A3 E6 FE            [ 7] 6321 	and	a, #0xfe
      0026A5 DD 77 04         [19] 6322 	ld	4 (ix), a
                                   6323 ;ff.c:3488: if (fs->fs_type != 0) {				/* If the volume has been mounted */
      0026A8 DD 6E DE         [19] 6324 	ld	l, -34 (ix)
      0026AB DD 66 DF         [19] 6325 	ld	h, -33 (ix)
      0026AE 7E               [ 7] 6326 	ld	a, (hl)
                                   6327 ;ff.c:3489: stat = disk_status(fs->pdrv);
      0026AF DD 4E DE         [19] 6328 	ld	c, -34 (ix)
      0026B2 DD 46 DF         [19] 6329 	ld	b, -33 (ix)
      0026B5 03               [ 6] 6330 	inc	bc
                                   6331 ;ff.c:3488: if (fs->fs_type != 0) {				/* If the volume has been mounted */
      0026B6 B7               [ 4] 6332 	or	a, a
      0026B7 28 20            [12] 6333 	jr	Z, 00112$
                                   6334 ;ff.c:3489: stat = disk_status(fs->pdrv);
      0026B9 0A               [ 7] 6335 	ld	a, (bc)
      0026BA 5F               [ 4] 6336 	ld	e, a
      0026BB C5               [11] 6337 	push	bc
      0026BC 7B               [ 4] 6338 	ld	a, e
      0026BD CDr00r00         [17] 6339 	call	_disk_status
      0026C0 C1               [10] 6340 	pop	bc
      0026C1 5F               [ 4] 6341 	ld	e, a
                                   6342 ;ff.c:3490: if (!(stat & STA_NOINIT)) {		/* and the physical drive is kept initialized */
      0026C2 CB 43            [ 8] 6343 	bit	0, e
      0026C4 20 13            [12] 6344 	jr	NZ, 00112$
                                   6345 ;ff.c:3491: if (!FF_FS_READONLY && mode && (stat & STA_PROTECT)) {	/* Check write protection if needed */
      0026C6 DD 7E 04         [19] 6346 	ld	a, 4 (ix)
      0026C9 B7               [ 4] 6347 	or	a, a
      0026CA 28 09            [12] 6348 	jr	Z, 00106$
      0026CC CB 53            [ 8] 6349 	bit	2, e
      0026CE 28 05            [12] 6350 	jr	Z, 00106$
                                   6351 ;ff.c:3492: return FR_WRITE_PROTECTED;
      0026D0 3E 0A            [ 7] 6352 	ld	a, #0x0a
      0026D2 C3r90r2E         [10] 6353 	jp	00170$
      0026D5                       6354 00106$:
                                   6355 ;ff.c:3494: return FR_OK;				/* The filesystem object is already valid */
      0026D5 AF               [ 4] 6356 	xor	a, a
      0026D6 C3r90r2E         [10] 6357 	jp	00170$
      0026D9                       6358 00112$:
                                   6359 ;ff.c:3501: fs->fs_type = 0;					/* Invalidate the filesystem object */
      0026D9 DD 6E DE         [19] 6360 	ld	l, -34 (ix)
      0026DC DD 66 DF         [19] 6361 	ld	h, -33 (ix)
      0026DF 36 00            [10] 6362 	ld	(hl), #0x00
                                   6363 ;ff.c:3502: stat = disk_initialize(fs->pdrv);	/* Initialize the volume hosting physical drive */
      0026E1 0A               [ 7] 6364 	ld	a, (bc)
      0026E2 CDr00r00         [17] 6365 	call	_disk_initialize
      0026E5 4F               [ 4] 6366 	ld	c, a
                                   6367 ;ff.c:3503: if (stat & STA_NOINIT) { 			/* Check if the initialization succeeded */
      0026E6 CB 41            [ 8] 6368 	bit	0, c
      0026E8 28 05            [12] 6369 	jr	Z, 00117$
                                   6370 ;ff.c:3504: return FR_NOT_READY;			/* Failed to initialize due to no medium or hard error */
      0026EA 3E 03            [ 7] 6371 	ld	a, #0x03
      0026EC C3r90r2E         [10] 6372 	jp	00170$
                                   6373 ;ff.c:3506: if (!FF_FS_READONLY && mode && (stat & STA_PROTECT)) { /* Check disk write protection if needed */
      0026EF                       6374 00117$:
      0026EF DD 7E 04         [19] 6375 	ld	a, 4 (ix)
      0026F2 B7               [ 4] 6376 	or	a, a
      0026F3 28 09            [12] 6377 	jr	Z, 00116$
      0026F5 CB 51            [ 8] 6378 	bit	2, c
      0026F7 28 05            [12] 6379 	jr	Z, 00116$
                                   6380 ;ff.c:3507: return FR_WRITE_PROTECTED;
      0026F9 3E 0A            [ 7] 6381 	ld	a, #0x0a
      0026FB C3r90r2E         [10] 6382 	jp	00170$
      0026FE                       6383 00116$:
                                   6384 ;ff.c:3515: fmt = find_volume(fs, LD2PT(vol));
      0026FE 11 00 00         [10] 6385 	ld	de, #0x0000
      002701 DD 6E DE         [19] 6386 	ld	l, -34 (ix)
                                   6387 ;	spillPairReg hl
                                   6388 ;	spillPairReg hl
      002704 DD 66 DF         [19] 6389 	ld	h, -33 (ix)
                                   6390 ;	spillPairReg hl
                                   6391 ;	spillPairReg hl
      002707 CDr0Ar25         [17] 6392 	call	_find_volume
                                   6393 ;ff.c:3516: if (fmt == 4) return FR_DISK_ERR;		/* An error occurred in the disk I/O layer */
      00270A 7B               [ 4] 6394 	ld	a, e
      00270B D6 04            [ 7] 6395 	sub	a, #0x04
      00270D B2               [ 4] 6396 	or	a, d
      00270E 20 05            [12] 6397 	jr	NZ, 00120$
      002710 3E 01            [ 7] 6398 	ld	a, #0x01
      002712 C3r90r2E         [10] 6399 	jp	00170$
      002715                       6400 00120$:
                                   6401 ;ff.c:3517: if (fmt >= 2) return FR_NO_FILESYSTEM;	/* No FAT volume is found */
      002715 7B               [ 4] 6402 	ld	a, e
      002716 D6 02            [ 7] 6403 	sub	a, #0x02
      002718 7A               [ 4] 6404 	ld	a, d
      002719 DE 00            [ 7] 6405 	sbc	a, #0x00
      00271B 38 05            [12] 6406 	jr	C, 00122$
      00271D 3E 0D            [ 7] 6407 	ld	a, #0x0d
      00271F C3r90r2E         [10] 6408 	jp	00170$
      002722                       6409 00122$:
                                   6410 ;ff.c:3518: bsect = fs->winsect;					/* Volume offset in the hosting physical drive */
      002722 DD 5E DE         [19] 6411 	ld	e, -34 (ix)
      002725 DD 56 DF         [19] 6412 	ld	d, -33 (ix)
      002728 21 06 00         [10] 6413 	ld	hl, #6
      00272B 39               [11] 6414 	add	hl, sp
      00272C EB               [ 4] 6415 	ex	de, hl
      00272D 01 1C 00         [10] 6416 	ld	bc, #0x001c
      002730 09               [11] 6417 	add	hl, bc
      002731 01 04 00         [10] 6418 	ld	bc, #0x0004
      002734 ED B0            [21] 6419 	ldir
                                   6420 ;ff.c:3589: if (ld_16(fs->win + BPB_BytsPerSec) != SS(fs)) return FR_NO_FILESYSTEM;	/* (BPB_BytsPerSec must be equal to the physical sector size) */
      002736 DD 7E DE         [19] 6421 	ld	a, -34 (ix)
      002739 C6 30            [ 7] 6422 	add	a, #0x30
      00273B DD 77 E4         [19] 6423 	ld	-28 (ix), a
      00273E DD 7E DF         [19] 6424 	ld	a, -33 (ix)
      002741 CE 00            [ 7] 6425 	adc	a, #0x00
      002743 DD 77 E5         [19] 6426 	ld	-27 (ix), a
      002746 DD 6E E4         [19] 6427 	ld	l, -28 (ix)
      002749 DD 66 E5         [19] 6428 	ld	h, -27 (ix)
      00274C 11 0B 00         [10] 6429 	ld	de, #0x000b
      00274F 19               [11] 6430 	add	hl, de
      002750 CDr00r00         [17] 6431 	call	_ld_16
      002753 7B               [ 4] 6432 	ld	a, e
      002754 B7               [ 4] 6433 	or	a, a
      002755 20 05            [12] 6434 	jr	NZ, 00366$
      002757 7A               [ 4] 6435 	ld	a, d
      002758 D6 02            [ 7] 6436 	sub	a, #0x02
      00275A 28 05            [12] 6437 	jr	Z, 00124$
      00275C                       6438 00366$:
      00275C 3E 0D            [ 7] 6439 	ld	a, #0x0d
      00275E C3r90r2E         [10] 6440 	jp	00170$
      002761                       6441 00124$:
                                   6442 ;ff.c:3591: fasize = ld_16(fs->win + BPB_FATSz16);		/* Number of sectors per FAT */
      002761 DD 6E E4         [19] 6443 	ld	l, -28 (ix)
      002764 DD 66 E5         [19] 6444 	ld	h, -27 (ix)
      002767 11 16 00         [10] 6445 	ld	de, #0x0016
      00276A 19               [11] 6446 	add	hl, de
      00276B CDr00r00         [17] 6447 	call	_ld_16
      00276E 01 00 00         [10] 6448 	ld	bc, #0x0000
                                   6449 ;ff.c:3592: if (fasize == 0) fasize = ld_32(fs->win + BPB_FATSz32);
      002771 78               [ 4] 6450 	ld	a, b
      002772 B1               [ 4] 6451 	or	a, c
      002773 B2               [ 4] 6452 	or	a, d
      002774 B3               [ 4] 6453 	or	a, e
      002775 20 0F            [12] 6454 	jr	NZ, 00126$
      002777 DD 6E E4         [19] 6455 	ld	l, -28 (ix)
      00277A DD 66 E5         [19] 6456 	ld	h, -27 (ix)
      00277D 11 24 00         [10] 6457 	ld	de, #0x0024
      002780 19               [11] 6458 	add	hl, de
      002781 CDr1Dr00         [17] 6459 	call	_ld_32
      002784 4D               [ 4] 6460 	ld	c, l
      002785 44               [ 4] 6461 	ld	b, h
      002786                       6462 00126$:
                                   6463 ;ff.c:3593: fs->fsize = fasize;
      002786 DD 7E DE         [19] 6464 	ld	a, -34 (ix)
      002789 C6 18            [ 7] 6465 	add	a, #0x18
      00278B DD 77 E6         [19] 6466 	ld	-26 (ix), a
      00278E DD 7E DF         [19] 6467 	ld	a, -33 (ix)
      002791 CE 00            [ 7] 6468 	adc	a, #0x00
      002793 DD 77 E7         [19] 6469 	ld	-25 (ix), a
      002796 DD 6E E6         [19] 6470 	ld	l, -26 (ix)
      002799 DD 66 E7         [19] 6471 	ld	h, -25 (ix)
      00279C 73               [ 7] 6472 	ld	(hl), e
      00279D 23               [ 6] 6473 	inc	hl
      00279E 72               [ 7] 6474 	ld	(hl), d
      00279F 23               [ 6] 6475 	inc	hl
      0027A0 71               [ 7] 6476 	ld	(hl), c
      0027A1 23               [ 6] 6477 	inc	hl
      0027A2 70               [ 7] 6478 	ld	(hl), b
                                   6479 ;ff.c:3595: fs->n_fats = fs->win[BPB_NumFATs];				/* Number of FATs */
      0027A3 DD 7E DE         [19] 6480 	ld	a, -34 (ix)
      0027A6 C6 03            [ 7] 6481 	add	a, #0x03
      0027A8 DD 77 FC         [19] 6482 	ld	-4 (ix), a
      0027AB DD 7E DF         [19] 6483 	ld	a, -33 (ix)
      0027AE CE 00            [ 7] 6484 	adc	a, #0x00
      0027B0 DD 77 FD         [19] 6485 	ld	-3 (ix), a
      0027B3 DD 6E E4         [19] 6486 	ld	l, -28 (ix)
                                   6487 ;	spillPairReg hl
                                   6488 ;	spillPairReg hl
      0027B6 DD 66 E5         [19] 6489 	ld	h, -27 (ix)
                                   6490 ;	spillPairReg hl
                                   6491 ;	spillPairReg hl
      0027B9 C5               [11] 6492 	push	bc
      0027BA 01 10 00         [10] 6493 	ld	bc, #0x0010
      0027BD 09               [11] 6494 	add	hl, bc
      0027BE C1               [10] 6495 	pop	bc
      0027BF 7E               [ 7] 6496 	ld	a, (hl)
      0027C0 DD 6E FC         [19] 6497 	ld	l, -4 (ix)
      0027C3 DD 66 FD         [19] 6498 	ld	h, -3 (ix)
      0027C6 77               [ 7] 6499 	ld	(hl), a
                                   6500 ;ff.c:3596: if (fs->n_fats != 1 && fs->n_fats != 2) return FR_NO_FILESYSTEM;	/* (Must be 1 or 2) */
      0027C7 DD 6E FC         [19] 6501 	ld	l, -4 (ix)
      0027CA DD 66 FD         [19] 6502 	ld	h, -3 (ix)
      0027CD 6E               [ 7] 6503 	ld	l, (hl)
                                   6504 ;	spillPairReg hl
      0027CE 3D               [ 4] 6505 	dec	a
      0027CF 28 0A            [12] 6506 	jr	Z, 00128$
      0027D1 7D               [ 4] 6507 	ld	a, l
      0027D2 D6 02            [ 7] 6508 	sub	a, #0x02
      0027D4 28 05            [12] 6509 	jr	Z, 00128$
      0027D6 3E 0D            [ 7] 6510 	ld	a, #0x0d
      0027D8 C3r90r2E         [10] 6511 	jp	00170$
      0027DB                       6512 00128$:
                                   6513 ;ff.c:3597: fasize *= fs->n_fats;							/* Number of sectors for FAT area */
      0027DB 26 00            [ 7] 6514 	ld	h, #0x00
                                   6515 ;	spillPairReg hl
                                   6516 ;	spillPairReg hl
      0027DD FD 21 00 00      [14] 6517 	ld	iy, #0x0000
      0027E1 FD E5            [15] 6518 	push	iy
      0027E3 E5               [11] 6519 	push	hl
      0027E4 69               [ 4] 6520 	ld	l, c
                                   6521 ;	spillPairReg hl
                                   6522 ;	spillPairReg hl
      0027E5 60               [ 4] 6523 	ld	h, b
                                   6524 ;	spillPairReg hl
                                   6525 ;	spillPairReg hl
      0027E6 CDr00r00         [17] 6526 	call	__mullong
      0027E9 F1               [10] 6527 	pop	af
      0027EA F1               [10] 6528 	pop	af
      0027EB DD 73 E8         [19] 6529 	ld	-24 (ix), e
      0027EE DD 72 E9         [19] 6530 	ld	-23 (ix), d
      0027F1 DD 75 EA         [19] 6531 	ld	-22 (ix), l
      0027F4 DD 74 EB         [19] 6532 	ld	-21 (ix), h
                                   6533 ;ff.c:3599: fs->csize = fs->win[BPB_SecPerClus];			/* Cluster size */
      0027F7 DD 7E DE         [19] 6534 	ld	a, -34 (ix)
      0027FA C6 0A            [ 7] 6535 	add	a, #0x0a
      0027FC DD 77 FC         [19] 6536 	ld	-4 (ix), a
      0027FF DD 7E DF         [19] 6537 	ld	a, -33 (ix)
      002802 CE 00            [ 7] 6538 	adc	a, #0x00
      002804 DD 77 FD         [19] 6539 	ld	-3 (ix), a
      002807 DD 4E E4         [19] 6540 	ld	c, -28 (ix)
      00280A DD 46 E5         [19] 6541 	ld	b, -27 (ix)
      00280D 21 0D 00         [10] 6542 	ld	hl, #13
      002810 09               [11] 6543 	add	hl, bc
      002811 5E               [ 7] 6544 	ld	e, (hl)
      002812 16 00            [ 7] 6545 	ld	d, #0x00
      002814 DD 6E FC         [19] 6546 	ld	l, -4 (ix)
      002817 DD 66 FD         [19] 6547 	ld	h, -3 (ix)
      00281A 73               [ 7] 6548 	ld	(hl), e
      00281B 23               [ 6] 6549 	inc	hl
      00281C 72               [ 7] 6550 	ld	(hl), d
                                   6551 ;ff.c:3600: if (fs->csize == 0 || (fs->csize & (fs->csize - 1))) return FR_NO_FILESYSTEM;	/* (Must be power of 2) */
      00281D DD 6E FC         [19] 6552 	ld	l, -4 (ix)
      002820 DD 66 FD         [19] 6553 	ld	h, -3 (ix)
      002823 4E               [ 7] 6554 	ld	c, (hl)
      002824 23               [ 6] 6555 	inc	hl
      002825 46               [ 7] 6556 	ld	b, (hl)
      002826 7A               [ 4] 6557 	ld	a, d
      002827 B3               [ 4] 6558 	or	a, e
      002828 28 0B            [12] 6559 	jr	Z, 00130$
      00282A 79               [ 4] 6560 	ld	a, c
      00282B 5F               [ 4] 6561 	ld	e, a
      00282C 50               [ 4] 6562 	ld	d, b
      00282D 1B               [ 6] 6563 	dec	de
      00282E A3               [ 4] 6564 	and	a, e
      00282F 4F               [ 4] 6565 	ld	c, a
      002830 78               [ 4] 6566 	ld	a, b
      002831 A2               [ 4] 6567 	and	a, d
      002832 B1               [ 4] 6568 	or	a, c
      002833 28 05            [12] 6569 	jr	Z, 00131$
      002835                       6570 00130$:
      002835 3E 0D            [ 7] 6571 	ld	a, #0x0d
      002837 C3r90r2E         [10] 6572 	jp	00170$
      00283A                       6573 00131$:
                                   6574 ;ff.c:3602: fs->n_rootdir = ld_16(fs->win + BPB_RootEntCnt);	/* Number of root directory entries */
      00283A DD 7E DE         [19] 6575 	ld	a, -34 (ix)
      00283D C6 08            [ 7] 6576 	add	a, #0x08
      00283F DD 77 EC         [19] 6577 	ld	-20 (ix), a
      002842 DD 7E DF         [19] 6578 	ld	a, -33 (ix)
      002845 CE 00            [ 7] 6579 	adc	a, #0x00
      002847 DD 77 ED         [19] 6580 	ld	-19 (ix), a
      00284A DD 6E E4         [19] 6581 	ld	l, -28 (ix)
      00284D DD 66 E5         [19] 6582 	ld	h, -27 (ix)
      002850 11 11 00         [10] 6583 	ld	de, #0x0011
      002853 19               [11] 6584 	add	hl, de
      002854 CDr00r00         [17] 6585 	call	_ld_16
      002857 DD 6E EC         [19] 6586 	ld	l, -20 (ix)
      00285A DD 66 ED         [19] 6587 	ld	h, -19 (ix)
      00285D 73               [ 7] 6588 	ld	(hl), e
      00285E 23               [ 6] 6589 	inc	hl
      00285F 72               [ 7] 6590 	ld	(hl), d
                                   6591 ;ff.c:3603: if (fs->n_rootdir % (SS(fs) / SZDIRE)) return FR_NO_FILESYSTEM;	/* (Must be sector aligned) */
      002860 7B               [ 4] 6592 	ld	a, e
      002861 E6 0F            [ 7] 6593 	and	a, #0x0f
      002863 28 05            [12] 6594 	jr	Z, 00134$
      002865 3E 0D            [ 7] 6595 	ld	a, #0x0d
      002867 C3r90r2E         [10] 6596 	jp	00170$
      00286A                       6597 00134$:
                                   6598 ;ff.c:3605: tsect = ld_16(fs->win + BPB_TotSec16);			/* Number of sectors on the volume */
      00286A DD 6E E4         [19] 6599 	ld	l, -28 (ix)
      00286D DD 66 E5         [19] 6600 	ld	h, -27 (ix)
      002870 11 13 00         [10] 6601 	ld	de, #0x0013
      002873 19               [11] 6602 	add	hl, de
      002874 CDr00r00         [17] 6603 	call	_ld_16
      002877 01 00 00         [10] 6604 	ld	bc, #0x0000
                                   6605 ;ff.c:3606: if (tsect == 0) tsect = ld_32(fs->win + BPB_TotSec32);
      00287A 78               [ 4] 6606 	ld	a, b
      00287B B1               [ 4] 6607 	or	a, c
      00287C B2               [ 4] 6608 	or	a, d
      00287D B3               [ 4] 6609 	or	a, e
      00287E 20 0F            [12] 6610 	jr	NZ, 00136$
      002880 DD 6E E4         [19] 6611 	ld	l, -28 (ix)
      002883 DD 66 E5         [19] 6612 	ld	h, -27 (ix)
      002886 11 20 00         [10] 6613 	ld	de, #0x0020
      002889 19               [11] 6614 	add	hl, de
      00288A CDr1Dr00         [17] 6615 	call	_ld_32
      00288D 4D               [ 4] 6616 	ld	c, l
      00288E 44               [ 4] 6617 	ld	b, h
      00288F                       6618 00136$:
                                   6619 ;ff.c:3608: nrsv = ld_16(fs->win + BPB_RsvdSecCnt);			/* Number of reserved sectors */
      00288F DD 7E E4         [19] 6620 	ld	a, -28 (ix)
      002892 C6 0E            [ 7] 6621 	add	a, #0x0e
      002894 6F               [ 4] 6622 	ld	l, a
                                   6623 ;	spillPairReg hl
                                   6624 ;	spillPairReg hl
      002895 DD 7E E5         [19] 6625 	ld	a, -27 (ix)
      002898 CE 00            [ 7] 6626 	adc	a, #0x00
      00289A 67               [ 4] 6627 	ld	h, a
                                   6628 ;	spillPairReg hl
                                   6629 ;	spillPairReg hl
      00289B C5               [11] 6630 	push	bc
      00289C D5               [11] 6631 	push	de
      00289D CDr00r00         [17] 6632 	call	_ld_16
      0028A0 EB               [ 4] 6633 	ex	de, hl
      0028A1 D1               [10] 6634 	pop	de
      0028A2 C1               [10] 6635 	pop	bc
      0028A3 DD 75 FA         [19] 6636 	ld	-6 (ix), l
      0028A6 DD 74 FB         [19] 6637 	ld	-5 (ix), h
                                   6638 ;ff.c:3609: if (nrsv == 0) return FR_NO_FILESYSTEM;			/* (Must not be 0) */
      0028A9 7C               [ 4] 6639 	ld	a, h
      0028AA B5               [ 4] 6640 	or	a, l
      0028AB 20 05            [12] 6641 	jr	NZ, 00138$
      0028AD 3E 0D            [ 7] 6642 	ld	a, #0x0d
      0028AF C3r90r2E         [10] 6643 	jp	00170$
      0028B2                       6644 00138$:
                                   6645 ;ff.c:3612: sysect = nrsv + fasize + fs->n_rootdir / (SS(fs) / SZDIRE);	/* RSV + FAT + DIR */
      0028B2 DD 7E FA         [19] 6646 	ld	a, -6 (ix)
      0028B5 DD 77 EE         [19] 6647 	ld	-18 (ix), a
      0028B8 DD 7E FB         [19] 6648 	ld	a, -5 (ix)
      0028BB DD 77 EF         [19] 6649 	ld	-17 (ix), a
      0028BE AF               [ 4] 6650 	xor	a, a
      0028BF DD 77 F0         [19] 6651 	ld	-16 (ix), a
      0028C2 DD 77 F1         [19] 6652 	ld	-15 (ix), a
      0028C5 DD 7E EE         [19] 6653 	ld	a, -18 (ix)
      0028C8 DD 86 E8         [19] 6654 	add	a, -24 (ix)
      0028CB DD 77 F8         [19] 6655 	ld	-8 (ix), a
      0028CE DD 7E EF         [19] 6656 	ld	a, -17 (ix)
      0028D1 DD 8E E9         [19] 6657 	adc	a, -23 (ix)
      0028D4 DD 77 F9         [19] 6658 	ld	-7 (ix), a
      0028D7 DD 7E F0         [19] 6659 	ld	a, -16 (ix)
      0028DA DD 8E EA         [19] 6660 	adc	a, -22 (ix)
      0028DD DD 77 FA         [19] 6661 	ld	-6 (ix), a
      0028E0 DD 7E F1         [19] 6662 	ld	a, -15 (ix)
      0028E3 DD 8E EB         [19] 6663 	adc	a, -21 (ix)
      0028E6 DD 77 FB         [19] 6664 	ld	-5 (ix), a
      0028E9 DD 6E EC         [19] 6665 	ld	l, -20 (ix)
      0028EC DD 66 ED         [19] 6666 	ld	h, -19 (ix)
      0028EF 7E               [ 7] 6667 	ld	a, (hl)
      0028F0 23               [ 6] 6668 	inc	hl
      0028F1 66               [ 7] 6669 	ld	h, (hl)
                                   6670 ;	spillPairReg hl
      0028F2 6F               [ 4] 6671 	ld	l, a
                                   6672 ;	spillPairReg hl
                                   6673 ;	spillPairReg hl
      0028F3 CB 3C            [ 8] 6674 	srl	h
      0028F5 CB 1D            [ 8] 6675 	rr	l
      0028F7 CB 3C            [ 8] 6676 	srl	h
      0028F9 CB 1D            [ 8] 6677 	rr	l
      0028FB CB 3C            [ 8] 6678 	srl	h
      0028FD CB 1D            [ 8] 6679 	rr	l
      0028FF CB 3C            [ 8] 6680 	srl	h
      002901 CB 1D            [ 8] 6681 	rr	l
      002903 7D               [ 4] 6682 	ld	a, l
      002904 FD 21 00 00      [14] 6683 	ld	iy, #0x0000
      002908 DD 86 F8         [19] 6684 	add	a, -8 (ix)
      00290B 6F               [ 4] 6685 	ld	l, a
                                   6686 ;	spillPairReg hl
                                   6687 ;	spillPairReg hl
      00290C 7C               [ 4] 6688 	ld	a, h
      00290D DD 8E F9         [19] 6689 	adc	a, -7 (ix)
      002910 67               [ 4] 6690 	ld	h, a
                                   6691 ;	spillPairReg hl
                                   6692 ;	spillPairReg hl
      002911 FD E5            [15] 6693 	push	iy
      002913 DD 7E D8         [19] 6694 	ld	a, -40 (ix)
      002916 FD E1            [14] 6695 	pop	iy
      002918 DD 8E FA         [19] 6696 	adc	a, -6 (ix)
      00291B FD E5            [15] 6697 	push	iy
      00291D DD 77 D8         [19] 6698 	ld	-40 (ix), a
      002920 DD 7E D9         [19] 6699 	ld	a, -39 (ix)
      002923 FD E1            [14] 6700 	pop	iy
      002925 DD 8E FB         [19] 6701 	adc	a, -5 (ix)
      002928 DD 75 F2         [19] 6702 	ld	-14 (ix), l
      00292B DD 74 F3         [19] 6703 	ld	-13 (ix), h
      00292E FD E5            [15] 6704 	push	iy
      002930 E3               [19] 6705 	ex	(sp), hl
      002931 DD 75 F4         [19] 6706 	ld	-12 (ix), l
      002934 E3               [19] 6707 	ex	(sp), hl
      002935 FD E1            [14] 6708 	pop	iy
      002937 DD 77 F5         [19] 6709 	ld	-11 (ix), a
                                   6710 ;ff.c:3613: if (tsect < sysect) return FR_NO_FILESYSTEM;	/* (Invalid volume size) */
      00293A 7B               [ 4] 6711 	ld	a, e
      00293B DD 96 F2         [19] 6712 	sub	a, -14 (ix)
      00293E 7A               [ 4] 6713 	ld	a, d
      00293F DD 9E F3         [19] 6714 	sbc	a, -13 (ix)
      002942 79               [ 4] 6715 	ld	a, c
      002943 DD 9E F4         [19] 6716 	sbc	a, -12 (ix)
      002946 78               [ 4] 6717 	ld	a, b
      002947 DD 9E F5         [19] 6718 	sbc	a, -11 (ix)
      00294A 30 05            [12] 6719 	jr	NC, 00140$
      00294C 3E 0D            [ 7] 6720 	ld	a, #0x0d
      00294E C3r90r2E         [10] 6721 	jp	00170$
      002951                       6722 00140$:
                                   6723 ;ff.c:3614: nclst = (tsect - sysect) / fs->csize;			/* Number of clusters */
      002951 7B               [ 4] 6724 	ld	a, e
      002952 DD 96 F2         [19] 6725 	sub	a, -14 (ix)
      002955 5F               [ 4] 6726 	ld	e, a
      002956 7A               [ 4] 6727 	ld	a, d
      002957 DD 9E F3         [19] 6728 	sbc	a, -13 (ix)
      00295A 57               [ 4] 6729 	ld	d, a
      00295B 79               [ 4] 6730 	ld	a, c
      00295C DD 9E F4         [19] 6731 	sbc	a, -12 (ix)
      00295F 4F               [ 4] 6732 	ld	c, a
      002960 78               [ 4] 6733 	ld	a, b
      002961 DD 9E F5         [19] 6734 	sbc	a, -11 (ix)
      002964 47               [ 4] 6735 	ld	b, a
      002965 DD 6E FC         [19] 6736 	ld	l, -4 (ix)
      002968 DD 66 FD         [19] 6737 	ld	h, -3 (ix)
      00296B 7E               [ 7] 6738 	ld	a, (hl)
      00296C 23               [ 6] 6739 	inc	hl
      00296D 66               [ 7] 6740 	ld	h, (hl)
                                   6741 ;	spillPairReg hl
      00296E 6F               [ 4] 6742 	ld	l, a
                                   6743 ;	spillPairReg hl
                                   6744 ;	spillPairReg hl
      00296F FD 21 00 00      [14] 6745 	ld	iy, #0x0000
      002973 FD E5            [15] 6746 	push	iy
      002975 E5               [11] 6747 	push	hl
      002976 69               [ 4] 6748 	ld	l, c
                                   6749 ;	spillPairReg hl
                                   6750 ;	spillPairReg hl
      002977 60               [ 4] 6751 	ld	h, b
                                   6752 ;	spillPairReg hl
                                   6753 ;	spillPairReg hl
      002978 CDr00r00         [17] 6754 	call	__divulong
      00297B F1               [10] 6755 	pop	af
      00297C F1               [10] 6756 	pop	af
      00297D 33               [ 6] 6757 	inc	sp
      00297E 33               [ 6] 6758 	inc	sp
      00297F D5               [11] 6759 	push	de
      002980 DD 75 DC         [19] 6760 	ld	-36 (ix), l
                                   6761 ;ff.c:3615: if (nclst == 0) return FR_NO_FILESYSTEM;		/* (Invalid volume size) */
      002983 DD 74 DD         [19] 6762 	ld	-35 (ix), h
      002986 7C               [ 4] 6763 	ld	a, h
      002987 DD B6 DC         [19] 6764 	or	a, -36 (ix)
      00298A DD B6 DB         [19] 6765 	or	a, -37 (ix)
      00298D DD B6 DA         [19] 6766 	or	a, -38 (ix)
      002990 20 05            [12] 6767 	jr	NZ, 00142$
      002992 3E 0D            [ 7] 6768 	ld	a, #0x0d
      002994 C3r90r2E         [10] 6769 	jp	00170$
      002997                       6770 00142$:
                                   6771 ;ff.c:3616: fmt = 0;
      002997 AF               [ 4] 6772 	xor	a, a
      002998 DD 77 F6         [19] 6773 	ld	-10 (ix), a
      00299B DD 77 F7         [19] 6774 	ld	-9 (ix), a
                                   6775 ;ff.c:3617: if (nclst <= MAX_FAT32) fmt = FS_FAT32;
      00299E 3E F5            [ 7] 6776 	ld	a, #0xf5
      0029A0 DD BE DA         [19] 6777 	cp	a, -38 (ix)
      0029A3 3E FF            [ 7] 6778 	ld	a, #0xff
      0029A5 DD 9E DB         [19] 6779 	sbc	a, -37 (ix)
      0029A8 3E FF            [ 7] 6780 	ld	a, #0xff
      0029AA DD 9E DC         [19] 6781 	sbc	a, -36 (ix)
      0029AD 3E 0F            [ 7] 6782 	ld	a, #0x0f
      0029AF DD 9E DD         [19] 6783 	sbc	a, -35 (ix)
      0029B2 38 08            [12] 6784 	jr	C, 00144$
      0029B4 DD 36 F6 03      [19] 6785 	ld	-10 (ix), #0x03
      0029B8 DD 36 F7 00      [19] 6786 	ld	-9 (ix), #0
      0029BC                       6787 00144$:
                                   6788 ;ff.c:3618: if (nclst <= MAX_FAT16) fmt = FS_FAT16;
      0029BC 3E F5            [ 7] 6789 	ld	a, #0xf5
      0029BE DD BE DA         [19] 6790 	cp	a, -38 (ix)
      0029C1 3E FF            [ 7] 6791 	ld	a, #0xff
      0029C3 DD 9E DB         [19] 6792 	sbc	a, -37 (ix)
      0029C6 3E 00            [ 7] 6793 	ld	a, #0x00
      0029C8 DD 9E DC         [19] 6794 	sbc	a, -36 (ix)
      0029CB 3E 00            [ 7] 6795 	ld	a, #0x00
      0029CD DD 9E DD         [19] 6796 	sbc	a, -35 (ix)
      0029D0 38 08            [12] 6797 	jr	C, 00146$
      0029D2 DD 36 F6 02      [19] 6798 	ld	-10 (ix), #0x02
      0029D6 DD 36 F7 00      [19] 6799 	ld	-9 (ix), #0
      0029DA                       6800 00146$:
                                   6801 ;ff.c:3619: if (nclst <= MAX_FAT12) fmt = FS_FAT12;
      0029DA 3E F5            [ 7] 6802 	ld	a, #0xf5
      0029DC DD BE DA         [19] 6803 	cp	a, -38 (ix)
      0029DF 3E 0F            [ 7] 6804 	ld	a, #0x0f
      0029E1 DD 9E DB         [19] 6805 	sbc	a, -37 (ix)
      0029E4 3E 00            [ 7] 6806 	ld	a, #0x00
      0029E6 DD 9E DC         [19] 6807 	sbc	a, -36 (ix)
      0029E9 3E 00            [ 7] 6808 	ld	a, #0x00
      0029EB DD 9E DD         [19] 6809 	sbc	a, -35 (ix)
      0029EE 38 08            [12] 6810 	jr	C, 00148$
      0029F0 DD 36 F6 01      [19] 6811 	ld	-10 (ix), #0x01
      0029F4 DD 36 F7 00      [19] 6812 	ld	-9 (ix), #0
      0029F8                       6813 00148$:
                                   6814 ;ff.c:3620: if (fmt == 0) return FR_NO_FILESYSTEM;
      0029F8 DD 7E F7         [19] 6815 	ld	a, -9 (ix)
      0029FB DD B6 F6         [19] 6816 	or	a, -10 (ix)
      0029FE 20 05            [12] 6817 	jr	NZ, 00150$
      002A00 3E 0D            [ 7] 6818 	ld	a, #0x0d
      002A02 C3r90r2E         [10] 6819 	jp	00170$
      002A05                       6820 00150$:
                                   6821 ;ff.c:3623: fs->n_fatent = nclst + 2;						/* Number of FAT entries */
      002A05 DD 7E DE         [19] 6822 	ld	a, -34 (ix)
      002A08 C6 14            [ 7] 6823 	add	a, #0x14
      002A0A 4F               [ 4] 6824 	ld	c, a
      002A0B DD 7E DF         [19] 6825 	ld	a, -33 (ix)
      002A0E CE 00            [ 7] 6826 	adc	a, #0x00
      002A10 47               [ 4] 6827 	ld	b, a
      002A11 DD 7E DA         [19] 6828 	ld	a, -38 (ix)
      002A14 C6 02            [ 7] 6829 	add	a, #0x02
      002A16 DD 77 FA         [19] 6830 	ld	-6 (ix), a
      002A19 DD 7E DB         [19] 6831 	ld	a, -37 (ix)
      002A1C CE 00            [ 7] 6832 	adc	a, #0x00
      002A1E DD 77 FB         [19] 6833 	ld	-5 (ix), a
      002A21 DD 7E DC         [19] 6834 	ld	a, -36 (ix)
      002A24 CE 00            [ 7] 6835 	adc	a, #0x00
      002A26 DD 77 FC         [19] 6836 	ld	-4 (ix), a
      002A29 DD 7E DD         [19] 6837 	ld	a, -35 (ix)
      002A2C CE 00            [ 7] 6838 	adc	a, #0x00
      002A2E DD 77 FD         [19] 6839 	ld	-3 (ix), a
      002A31 C5               [11] 6840 	push	bc
      002A32 59               [ 4] 6841 	ld	e, c
      002A33 50               [ 4] 6842 	ld	d, b
      002A34 21 22 00         [10] 6843 	ld	hl, #34
      002A37 39               [11] 6844 	add	hl, sp
      002A38 01 04 00         [10] 6845 	ld	bc, #0x0004
      002A3B ED B0            [21] 6846 	ldir
      002A3D C1               [10] 6847 	pop	bc
                                   6848 ;ff.c:3624: fs->volbase = bsect;							/* Volume start sector */
      002A3E DD 7E DE         [19] 6849 	ld	a, -34 (ix)
      002A41 C6 20            [ 7] 6850 	add	a, #0x20
      002A43 5F               [ 4] 6851 	ld	e, a
      002A44 DD 7E DF         [19] 6852 	ld	a, -33 (ix)
      002A47 CE 00            [ 7] 6853 	adc	a, #0x00
      002A49 57               [ 4] 6854 	ld	d, a
      002A4A C5               [11] 6855 	push	bc
      002A4B 21 08 00         [10] 6856 	ld	hl, #8
      002A4E 39               [11] 6857 	add	hl, sp
      002A4F 01 04 00         [10] 6858 	ld	bc, #0x0004
      002A52 ED B0            [21] 6859 	ldir
      002A54 C1               [10] 6860 	pop	bc
                                   6861 ;ff.c:3625: fs->fatbase = bsect + nrsv; 					/* FAT start sector */
      002A55 DD 7E DE         [19] 6862 	ld	a, -34 (ix)
      002A58 C6 24            [ 7] 6863 	add	a, #0x24
      002A5A DD 77 F8         [19] 6864 	ld	-8 (ix), a
      002A5D DD 7E DF         [19] 6865 	ld	a, -33 (ix)
      002A60 CE 00            [ 7] 6866 	adc	a, #0x00
      002A62 DD 77 F9         [19] 6867 	ld	-7 (ix), a
      002A65 DD 7E EE         [19] 6868 	ld	a, -18 (ix)
      002A68 DD 86 E0         [19] 6869 	add	a, -32 (ix)
      002A6B DD 77 FA         [19] 6870 	ld	-6 (ix), a
      002A6E DD 7E EF         [19] 6871 	ld	a, -17 (ix)
      002A71 DD 8E E1         [19] 6872 	adc	a, -31 (ix)
      002A74 DD 77 FB         [19] 6873 	ld	-5 (ix), a
      002A77 DD 7E F0         [19] 6874 	ld	a, -16 (ix)
      002A7A DD 8E E2         [19] 6875 	adc	a, -30 (ix)
      002A7D DD 77 FC         [19] 6876 	ld	-4 (ix), a
      002A80 DD 7E F1         [19] 6877 	ld	a, -15 (ix)
      002A83 DD 8E E3         [19] 6878 	adc	a, -29 (ix)
      002A86 DD 77 FD         [19] 6879 	ld	-3 (ix), a
      002A89 C5               [11] 6880 	push	bc
      002A8A DD 5E F8         [19] 6881 	ld	e, -8 (ix)
      002A8D DD 56 F9         [19] 6882 	ld	d, -7 (ix)
      002A90 21 22 00         [10] 6883 	ld	hl, #34
      002A93 39               [11] 6884 	add	hl, sp
      002A94 01 04 00         [10] 6885 	ld	bc, #0x0004
      002A97 ED B0            [21] 6886 	ldir
      002A99 C1               [10] 6887 	pop	bc
                                   6888 ;ff.c:3626: fs->database = bsect + sysect;					/* Data start sector */
      002A9A DD 7E DE         [19] 6889 	ld	a, -34 (ix)
      002A9D C6 2C            [ 7] 6890 	add	a, #0x2c
      002A9F 5F               [ 4] 6891 	ld	e, a
      002AA0 DD 7E DF         [19] 6892 	ld	a, -33 (ix)
      002AA3 CE 00            [ 7] 6893 	adc	a, #0x00
      002AA5 57               [ 4] 6894 	ld	d, a
      002AA6 DD 7E F2         [19] 6895 	ld	a, -14 (ix)
      002AA9 DD 86 E0         [19] 6896 	add	a, -32 (ix)
      002AAC DD 77 FA         [19] 6897 	ld	-6 (ix), a
      002AAF DD 7E F3         [19] 6898 	ld	a, -13 (ix)
      002AB2 DD 8E E1         [19] 6899 	adc	a, -31 (ix)
      002AB5 DD 77 FB         [19] 6900 	ld	-5 (ix), a
      002AB8 DD 7E F4         [19] 6901 	ld	a, -12 (ix)
      002ABB DD 8E E2         [19] 6902 	adc	a, -30 (ix)
      002ABE DD 77 FC         [19] 6903 	ld	-4 (ix), a
      002AC1 DD 7E F5         [19] 6904 	ld	a, -11 (ix)
      002AC4 DD 8E E3         [19] 6905 	adc	a, -29 (ix)
      002AC7 DD 77 FD         [19] 6906 	ld	-3 (ix), a
      002ACA C5               [11] 6907 	push	bc
      002ACB 21 22 00         [10] 6908 	ld	hl, #34
      002ACE 39               [11] 6909 	add	hl, sp
      002ACF 01 04 00         [10] 6910 	ld	bc, #0x0004
      002AD2 ED B0            [21] 6911 	ldir
      002AD4 C1               [10] 6912 	pop	bc
                                   6913 ;ff.c:3627: if (fmt == FS_FAT32) {
      002AD5 DD 7E F6         [19] 6914 	ld	a, -10 (ix)
      002AD8 D6 03            [ 7] 6915 	sub	a, #0x03
      002ADA DD B6 F7         [19] 6916 	or	a, -9 (ix)
      002ADD 3E 01            [ 7] 6917 	ld	a, #0x01
      002ADF 28 01            [12] 6918 	jr	Z, 00371$
      002AE1 AF               [ 4] 6919 	xor	a, a
      002AE2                       6920 00371$:
      002AE2 DD 77 FD         [19] 6921 	ld	-3 (ix), a
                                   6922 ;ff.c:3630: fs->dirbase = ld_32(fs->win + BPB_RootClus32);	/* Root directory start cluster */
      002AE5 DD 7E DE         [19] 6923 	ld	a, -34 (ix)
      002AE8 C6 28            [ 7] 6924 	add	a, #0x28
      002AEA 5F               [ 4] 6925 	ld	e, a
      002AEB DD 7E DF         [19] 6926 	ld	a, -33 (ix)
      002AEE CE 00            [ 7] 6927 	adc	a, #0x00
      002AF0 57               [ 4] 6928 	ld	d, a
                                   6929 ;ff.c:3627: if (fmt == FS_FAT32) {
      002AF1 DD 7E FD         [19] 6930 	ld	a, -3 (ix)
      002AF4 B7               [ 4] 6931 	or	a, a
      002AF5 28 6E            [12] 6932 	jr	Z, 00158$
                                   6933 ;ff.c:3628: if (ld_16(fs->win + BPB_FSVer32) != 0) return FR_NO_FILESYSTEM;	/* (Must be FAT32 revision 0.0) */
      002AF7 DD 7E E4         [19] 6934 	ld	a, -28 (ix)
      002AFA C6 2A            [ 7] 6935 	add	a, #0x2a
      002AFC 6F               [ 4] 6936 	ld	l, a
                                   6937 ;	spillPairReg hl
                                   6938 ;	spillPairReg hl
      002AFD DD 7E E5         [19] 6939 	ld	a, -27 (ix)
      002B00 CE 00            [ 7] 6940 	adc	a, #0x00
      002B02 67               [ 4] 6941 	ld	h, a
                                   6942 ;	spillPairReg hl
                                   6943 ;	spillPairReg hl
      002B03 C5               [11] 6944 	push	bc
      002B04 D5               [11] 6945 	push	de
      002B05 CDr00r00         [17] 6946 	call	_ld_16
      002B08 EB               [ 4] 6947 	ex	de, hl
      002B09 D1               [10] 6948 	pop	de
      002B0A C1               [10] 6949 	pop	bc
      002B0B 7C               [ 4] 6950 	ld	a, h
      002B0C B5               [ 4] 6951 	or	a, l
      002B0D 28 05            [12] 6952 	jr	Z, 00152$
      002B0F 3E 0D            [ 7] 6953 	ld	a, #0x0d
      002B11 C3r90r2E         [10] 6954 	jp	00170$
      002B14                       6955 00152$:
                                   6956 ;ff.c:3629: if (fs->n_rootdir != 0) return FR_NO_FILESYSTEM;	/* (BPB_RootEntCnt must be 0) */
      002B14 DD 6E EC         [19] 6957 	ld	l, -20 (ix)
      002B17 DD 66 ED         [19] 6958 	ld	h, -19 (ix)
      002B1A 23               [ 6] 6959 	inc	hl
      002B1B 7E               [ 7] 6960 	ld	a, (hl)
      002B1C 2B               [ 6] 6961 	dec	hl
      002B1D 6E               [ 7] 6962 	ld	l, (hl)
                                   6963 ;	spillPairReg hl
      002B1E B5               [ 4] 6964 	or	a, l
      002B1F 28 05            [12] 6965 	jr	Z, 00154$
      002B21 3E 0D            [ 7] 6966 	ld	a, #0x0d
      002B23 C3r90r2E         [10] 6967 	jp	00170$
      002B26                       6968 00154$:
                                   6969 ;ff.c:3630: fs->dirbase = ld_32(fs->win + BPB_RootClus32);	/* Root directory start cluster */
      002B26 DD 7E E4         [19] 6970 	ld	a, -28 (ix)
      002B29 C6 2C            [ 7] 6971 	add	a, #0x2c
      002B2B 6F               [ 4] 6972 	ld	l, a
                                   6973 ;	spillPairReg hl
                                   6974 ;	spillPairReg hl
      002B2C DD 7E E5         [19] 6975 	ld	a, -27 (ix)
      002B2F CE 00            [ 7] 6976 	adc	a, #0x00
      002B31 67               [ 4] 6977 	ld	h, a
                                   6978 ;	spillPairReg hl
                                   6979 ;	spillPairReg hl
      002B32 C5               [11] 6980 	push	bc
      002B33 D5               [11] 6981 	push	de
      002B34 CDr1Dr00         [17] 6982 	call	_ld_32
      002B37 DD 73 F9         [19] 6983 	ld	-7 (ix), e
      002B3A DD 72 FA         [19] 6984 	ld	-6 (ix), d
      002B3D DD 75 FB         [19] 6985 	ld	-5 (ix), l
      002B40 DD 74 FC         [19] 6986 	ld	-4 (ix), h
      002B43 D1               [10] 6987 	pop	de
      002B44 21 21 00         [10] 6988 	ld	hl, #33
      002B47 39               [11] 6989 	add	hl, sp
      002B48 01 04 00         [10] 6990 	ld	bc, #0x0004
      002B4B ED B0            [21] 6991 	ldir
                                   6992 ;ff.c:3631: szbfat = fs->n_fatent * 4;					/* (Needed FAT size) */
      002B4D E1               [10] 6993 	pop	hl
      002B4E 4E               [ 7] 6994 	ld	c, (hl)
      002B4F 23               [ 6] 6995 	inc	hl
      002B50 46               [ 7] 6996 	ld	b, (hl)
      002B51 23               [ 6] 6997 	inc	hl
      002B52 5E               [ 7] 6998 	ld	e, (hl)
      002B53 23               [ 6] 6999 	inc	hl
      002B54 56               [ 7] 7000 	ld	d, (hl)
      002B55 3E 02            [ 7] 7001 	ld	a, #0x02
      002B57                       7002 00372$:
      002B57 CB 21            [ 8] 7003 	sla	c
      002B59 CB 10            [ 8] 7004 	rl	b
      002B5B CB 13            [ 8] 7005 	rl	e
      002B5D CB 12            [ 8] 7006 	rl	d
      002B5F 3D               [ 4] 7007 	dec	a
      002B60 20 F5            [12] 7008 	jr	NZ,00372$
      002B62 C3r2Er2C         [10] 7009 	jp	00159$
      002B65                       7010 00158$:
                                   7011 ;ff.c:3633: if (fs->n_rootdir == 0)	return FR_NO_FILESYSTEM;	/* (BPB_RootEntCnt must not be 0) */
      002B65 DD 6E EC         [19] 7012 	ld	l, -20 (ix)
      002B68 DD 66 ED         [19] 7013 	ld	h, -19 (ix)
      002B6B 23               [ 6] 7014 	inc	hl
      002B6C 7E               [ 7] 7015 	ld	a, (hl)
      002B6D 2B               [ 6] 7016 	dec	hl
      002B6E 6E               [ 7] 7017 	ld	l, (hl)
                                   7018 ;	spillPairReg hl
      002B6F B5               [ 4] 7019 	or	a, l
      002B70 20 05            [12] 7020 	jr	NZ, 00156$
      002B72 3E 0D            [ 7] 7021 	ld	a, #0x0d
      002B74 C3r90r2E         [10] 7022 	jp	00170$
      002B77                       7023 00156$:
                                   7024 ;ff.c:3634: fs->dirbase = fs->fatbase + fasize;			/* Root directory start sector */
      002B77 D5               [11] 7025 	push	de
      002B78 C5               [11] 7026 	push	bc
      002B79 DD 5E F8         [19] 7027 	ld	e, -8 (ix)
      002B7C DD 56 F9         [19] 7028 	ld	d, -7 (ix)
      002B7F 21 1C 00         [10] 7029 	ld	hl, #28
      002B82 39               [11] 7030 	add	hl, sp
      002B83 EB               [ 4] 7031 	ex	de, hl
      002B84 01 04 00         [10] 7032 	ld	bc, #0x0004
      002B87 ED B0            [21] 7033 	ldir
      002B89 C1               [10] 7034 	pop	bc
      002B8A D1               [10] 7035 	pop	de
      002B8B DD 7E F2         [19] 7036 	ld	a, -14 (ix)
      002B8E DD 86 E8         [19] 7037 	add	a, -24 (ix)
      002B91 DD 77 F9         [19] 7038 	ld	-7 (ix), a
      002B94 DD 7E F3         [19] 7039 	ld	a, -13 (ix)
      002B97 DD 8E E9         [19] 7040 	adc	a, -23 (ix)
      002B9A DD 77 FA         [19] 7041 	ld	-6 (ix), a
      002B9D DD 7E F4         [19] 7042 	ld	a, -12 (ix)
      002BA0 DD 8E EA         [19] 7043 	adc	a, -22 (ix)
      002BA3 DD 77 FB         [19] 7044 	ld	-5 (ix), a
      002BA6 DD 7E F5         [19] 7045 	ld	a, -11 (ix)
      002BA9 DD 8E EB         [19] 7046 	adc	a, -21 (ix)
      002BAC DD 77 FC         [19] 7047 	ld	-4 (ix), a
      002BAF C5               [11] 7048 	push	bc
      002BB0 21 21 00         [10] 7049 	ld	hl, #33
      002BB3 39               [11] 7050 	add	hl, sp
      002BB4 01 04 00         [10] 7051 	ld	bc, #0x0004
      002BB7 ED B0            [21] 7052 	ldir
                                   7053 ;ff.c:3631: szbfat = fs->n_fatent * 4;					/* (Needed FAT size) */
      002BB9 D1               [10] 7054 	pop	de
      002BBA 21 18 00         [10] 7055 	ld	hl, #24
      002BBD 39               [11] 7056 	add	hl, sp
      002BBE EB               [ 4] 7057 	ex	de, hl
      002BBF 01 04 00         [10] 7058 	ld	bc, #0x0004
      002BC2 ED B0            [21] 7059 	ldir
                                   7060 ;ff.c:3635: szbfat = (fmt == FS_FAT16) ?				/* (Needed FAT size) */
      002BC4 DD 7E F6         [19] 7061 	ld	a, -10 (ix)
      002BC7 D6 02            [ 7] 7062 	sub	a, #0x02
      002BC9 DD B6 F7         [19] 7063 	or	a, -9 (ix)
      002BCC 20 13            [12] 7064 	jr	NZ, 00172$
                                   7065 ;ff.c:3636: fs->n_fatent * 2 : fs->n_fatent * 3 / 2 + (fs->n_fatent & 1);
      002BCE DD 6E F2         [19] 7066 	ld	l, -14 (ix)
                                   7067 ;	spillPairReg hl
                                   7068 ;	spillPairReg hl
      002BD1 DD 66 F3         [19] 7069 	ld	h, -13 (ix)
                                   7070 ;	spillPairReg hl
                                   7071 ;	spillPairReg hl
      002BD4 DD 4E F4         [19] 7072 	ld	c, -12 (ix)
      002BD7 DD 46 F5         [19] 7073 	ld	b, -11 (ix)
      002BDA 29               [11] 7074 	add	hl, hl
      002BDB CB 11            [ 8] 7075 	rl	c
      002BDD CB 10            [ 8] 7076 	rl	b
      002BDF 18 49            [12] 7077 	jr	00173$
      002BE1                       7078 00172$:
      002BE1 DD 6E F4         [19] 7079 	ld	l, -12 (ix)
                                   7080 ;	spillPairReg hl
                                   7081 ;	spillPairReg hl
      002BE4 DD 66 F5         [19] 7082 	ld	h, -11 (ix)
                                   7083 ;	spillPairReg hl
                                   7084 ;	spillPairReg hl
      002BE7 E5               [11] 7085 	push	hl
      002BE8 DD 6E F2         [19] 7086 	ld	l, -14 (ix)
                                   7087 ;	spillPairReg hl
                                   7088 ;	spillPairReg hl
      002BEB DD 66 F3         [19] 7089 	ld	h, -13 (ix)
                                   7090 ;	spillPairReg hl
                                   7091 ;	spillPairReg hl
      002BEE E5               [11] 7092 	push	hl
      002BEF 11 03 00         [10] 7093 	ld	de, #0x0003
      002BF2 21 00 00         [10] 7094 	ld	hl, #0x0000
      002BF5 CDr00r00         [17] 7095 	call	__mullong
      002BF8 F1               [10] 7096 	pop	af
      002BF9 F1               [10] 7097 	pop	af
      002BFA 4D               [ 4] 7098 	ld	c, l
      002BFB 44               [ 4] 7099 	ld	b, h
      002BFC CB 38            [ 8] 7100 	srl	b
      002BFE CB 19            [ 8] 7101 	rr	c
      002C00 CB 1A            [ 8] 7102 	rr	d
      002C02 CB 1B            [ 8] 7103 	rr	e
      002C04 DD 7E F2         [19] 7104 	ld	a, -14 (ix)
      002C07 E6 01            [ 7] 7105 	and	a, #0x01
      002C09 DD 77 F9         [19] 7106 	ld	-7 (ix), a
      002C0C AF               [ 4] 7107 	xor	a, a
      002C0D DD 77 FA         [19] 7108 	ld	-6 (ix), a
      002C10 DD 77 FB         [19] 7109 	ld	-5 (ix), a
      002C13 DD 77 FC         [19] 7110 	ld	-4 (ix), a
      002C16 7B               [ 4] 7111 	ld	a, e
      002C17 DD 86 F9         [19] 7112 	add	a, -7 (ix)
      002C1A 6F               [ 4] 7113 	ld	l, a
                                   7114 ;	spillPairReg hl
                                   7115 ;	spillPairReg hl
      002C1B 7A               [ 4] 7116 	ld	a, d
      002C1C DD 8E FA         [19] 7117 	adc	a, -6 (ix)
      002C1F 67               [ 4] 7118 	ld	h, a
                                   7119 ;	spillPairReg hl
                                   7120 ;	spillPairReg hl
      002C20 79               [ 4] 7121 	ld	a, c
      002C21 DD 8E FB         [19] 7122 	adc	a, -5 (ix)
      002C24 4F               [ 4] 7123 	ld	c, a
      002C25 78               [ 4] 7124 	ld	a, b
      002C26 DD 8E FC         [19] 7125 	adc	a, -4 (ix)
      002C29 47               [ 4] 7126 	ld	b, a
      002C2A                       7127 00173$:
      002C2A 59               [ 4] 7128 	ld	e, c
      002C2B 4D               [ 4] 7129 	ld	c, l
      002C2C 50               [ 4] 7130 	ld	d, b
      002C2D 44               [ 4] 7131 	ld	b, h
      002C2E                       7132 00159$:
                                   7133 ;ff.c:3638: if (fs->fsize < (szbfat + (SS(fs) - 1)) / SS(fs)) return FR_NO_FILESYSTEM;	/* (BPB_FATSz must not be less than the size needed) */
      002C2E D5               [11] 7134 	push	de
      002C2F C5               [11] 7135 	push	bc
      002C30 DD 5E E6         [19] 7136 	ld	e, -26 (ix)
      002C33 DD 56 E7         [19] 7137 	ld	d, -25 (ix)
      002C36 21 23 00         [10] 7138 	ld	hl, #35
      002C39 39               [11] 7139 	add	hl, sp
      002C3A EB               [ 4] 7140 	ex	de, hl
      002C3B 01 04 00         [10] 7141 	ld	bc, #0x0004
      002C3E ED B0            [21] 7142 	ldir
      002C40 C1               [10] 7143 	pop	bc
      002C41 D1               [10] 7144 	pop	de
      002C42 79               [ 4] 7145 	ld	a, c
      002C43 C6 FF            [ 7] 7146 	add	a, #0xff
      002C45 78               [ 4] 7147 	ld	a, b
      002C46 CE 01            [ 7] 7148 	adc	a, #0x01
      002C48 47               [ 4] 7149 	ld	b, a
      002C49 30 01            [12] 7150 	jr	NC, 00380$
      002C4B 13               [ 6] 7151 	inc	de
      002C4C                       7152 00380$:
      002C4C 48               [ 4] 7153 	ld	c, b
      002C4D 43               [ 4] 7154 	ld	b, e
      002C4E 5A               [ 4] 7155 	ld	e, d
      002C4F 16 00            [ 7] 7156 	ld	d, #0x00
      002C51 CB 3B            [ 8] 7157 	srl	e
      002C53 CB 18            [ 8] 7158 	rr	b
      002C55 CB 19            [ 8] 7159 	rr	c
      002C57 DD 7E F9         [19] 7160 	ld	a, -7 (ix)
      002C5A 91               [ 4] 7161 	sub	a, c
      002C5B DD 7E FA         [19] 7162 	ld	a, -6 (ix)
      002C5E 98               [ 4] 7163 	sbc	a, b
      002C5F DD 7E FB         [19] 7164 	ld	a, -5 (ix)
      002C62 9B               [ 4] 7165 	sbc	a, e
      002C63 DD 7E FC         [19] 7166 	ld	a, -4 (ix)
      002C66 9A               [ 4] 7167 	sbc	a, d
      002C67 30 05            [12] 7168 	jr	NC, 00161$
      002C69 3E 0D            [ 7] 7169 	ld	a, #0x0d
      002C6B C3r90r2E         [10] 7170 	jp	00170$
      002C6E                       7171 00161$:
                                   7172 ;ff.c:3642: fs->last_clst = fs->free_clst = 0xFFFFFFFF;		/* Invalidate cluster allocation information */
      002C6E DD 7E DE         [19] 7173 	ld	a, -34 (ix)
      002C71 C6 0C            [ 7] 7174 	add	a, #0x0c
      002C73 DD 77 F4         [19] 7175 	ld	-12 (ix), a
      002C76 DD 7E DF         [19] 7176 	ld	a, -33 (ix)
      002C79 CE 00            [ 7] 7177 	adc	a, #0x00
      002C7B DD 77 F5         [19] 7178 	ld	-11 (ix), a
      002C7E DD 7E DE         [19] 7179 	ld	a, -34 (ix)
      002C81 C6 10            [ 7] 7180 	add	a, #0x10
      002C83 DD 77 F9         [19] 7181 	ld	-7 (ix), a
      002C86 DD 7E DF         [19] 7182 	ld	a, -33 (ix)
      002C89 CE 00            [ 7] 7183 	adc	a, #0x00
      002C8B DD 77 FA         [19] 7184 	ld	-6 (ix), a
      002C8E DD 6E F9         [19] 7185 	ld	l, -7 (ix)
      002C91 DD 66 FA         [19] 7186 	ld	h, -6 (ix)
      002C94 36 FF            [10] 7187 	ld	(hl), #0xff
      002C96 23               [ 6] 7188 	inc	hl
      002C97 36 FF            [10] 7189 	ld	(hl), #0xff
      002C99 23               [ 6] 7190 	inc	hl
      002C9A 36 FF            [10] 7191 	ld	(hl), #0xff
      002C9C 23               [ 6] 7192 	inc	hl
      002C9D 36 FF            [10] 7193 	ld	(hl), #0xff
      002C9F DD 6E F4         [19] 7194 	ld	l, -12 (ix)
      002CA2 DD 66 F5         [19] 7195 	ld	h, -11 (ix)
      002CA5 36 FF            [10] 7196 	ld	(hl), #0xff
      002CA7 23               [ 6] 7197 	inc	hl
      002CA8 36 FF            [10] 7198 	ld	(hl), #0xff
      002CAA 23               [ 6] 7199 	inc	hl
      002CAB 36 FF            [10] 7200 	ld	(hl), #0xff
      002CAD 23               [ 6] 7201 	inc	hl
      002CAE 36 FF            [10] 7202 	ld	(hl), #0xff
                                   7203 ;ff.c:3643: fs->fsi_flag = 0x80;	/* Disable FSInfo by default */
      002CB0 DD 7E DE         [19] 7204 	ld	a, -34 (ix)
      002CB3 C6 05            [ 7] 7205 	add	a, #0x05
      002CB5 DD 77 FB         [19] 7206 	ld	-5 (ix), a
      002CB8 DD 7E DF         [19] 7207 	ld	a, -33 (ix)
      002CBB CE 00            [ 7] 7208 	adc	a, #0x00
      002CBD DD 77 FC         [19] 7209 	ld	-4 (ix), a
      002CC0 DD 6E FB         [19] 7210 	ld	l, -5 (ix)
      002CC3 DD 66 FC         [19] 7211 	ld	h, -4 (ix)
      002CC6 36 80            [10] 7212 	ld	(hl), #0x80
                                   7213 ;ff.c:3645: && ld_16(fs->win + BPB_FSInfo32) == 1	/* FAT32: Enable FSInfo feature only if FSInfo sector is next to VBR */
      002CC8 DD 7E FD         [19] 7214 	ld	a, -3 (ix)
      002CCB B7               [ 4] 7215 	or	a, a
      002CCC CAr69r2E         [10] 7216 	jp	Z, 00167$
      002CCF DD 7E E4         [19] 7217 	ld	a, -28 (ix)
      002CD2 C6 30            [ 7] 7218 	add	a, #0x30
      002CD4 DD 77 F2         [19] 7219 	ld	-14 (ix), a
      002CD7 DD 7E E5         [19] 7220 	ld	a, -27 (ix)
      002CDA CE 00            [ 7] 7221 	adc	a, #0x00
      002CDC DD 77 F3         [19] 7222 	ld	-13 (ix), a
      002CDF DD 6E F2         [19] 7223 	ld	l, -14 (ix)
                                   7224 ;	spillPairReg hl
                                   7225 ;	spillPairReg hl
      002CE2 DD 66 F3         [19] 7226 	ld	h, -13 (ix)
                                   7227 ;	spillPairReg hl
                                   7228 ;	spillPairReg hl
      002CE5 CDr00r00         [17] 7229 	call	_ld_16
      002CE8 DD 73 F2         [19] 7230 	ld	-14 (ix), e
      002CEB DD 72 F3         [19] 7231 	ld	-13 (ix), d
      002CEE DD 7E F2         [19] 7232 	ld	a, -14 (ix)
      002CF1 3D               [ 4] 7233 	dec	a
      002CF2 DD B6 F3         [19] 7234 	or	a, -13 (ix)
      002CF5 C2r69r2E         [10] 7235 	jp	NZ,00167$
                                   7236 ;ff.c:3646: && move_window(fs, bsect + 1) == FR_OK)
      002CF8 DD 7E E0         [19] 7237 	ld	a, -32 (ix)
      002CFB C6 01            [ 7] 7238 	add	a, #0x01
      002CFD DD 77 F0         [19] 7239 	ld	-16 (ix), a
      002D00 DD 7E E1         [19] 7240 	ld	a, -31 (ix)
      002D03 CE 00            [ 7] 7241 	adc	a, #0x00
      002D05 DD 77 F1         [19] 7242 	ld	-15 (ix), a
      002D08 DD 7E E2         [19] 7243 	ld	a, -30 (ix)
      002D0B CE 00            [ 7] 7244 	adc	a, #0x00
      002D0D DD 77 F2         [19] 7245 	ld	-14 (ix), a
      002D10 DD 7E E3         [19] 7246 	ld	a, -29 (ix)
      002D13 CE 00            [ 7] 7247 	adc	a, #0x00
      002D15 DD 77 F3         [19] 7248 	ld	-13 (ix), a
      002D18 DD 6E F2         [19] 7249 	ld	l, -14 (ix)
                                   7250 ;	spillPairReg hl
                                   7251 ;	spillPairReg hl
      002D1B DD 66 F3         [19] 7252 	ld	h, -13 (ix)
                                   7253 ;	spillPairReg hl
                                   7254 ;	spillPairReg hl
      002D1E E5               [11] 7255 	push	hl
      002D1F DD 6E F0         [19] 7256 	ld	l, -16 (ix)
                                   7257 ;	spillPairReg hl
                                   7258 ;	spillPairReg hl
      002D22 DD 66 F1         [19] 7259 	ld	h, -15 (ix)
                                   7260 ;	spillPairReg hl
                                   7261 ;	spillPairReg hl
      002D25 E5               [11] 7262 	push	hl
      002D26 DD 6E DE         [19] 7263 	ld	l, -34 (ix)
                                   7264 ;	spillPairReg hl
                                   7265 ;	spillPairReg hl
      002D29 DD 66 DF         [19] 7266 	ld	h, -33 (ix)
                                   7267 ;	spillPairReg hl
                                   7268 ;	spillPairReg hl
      002D2C CDrDFr02         [17] 7269 	call	_move_window
      002D2F B7               [ 4] 7270 	or	a, a
      002D30 C2r69r2E         [10] 7271 	jp	NZ, 00167$
                                   7272 ;ff.c:3648: fs->fsi_flag = 0;
      002D33 DD 6E FB         [19] 7273 	ld	l, -5 (ix)
      002D36 DD 66 FC         [19] 7274 	ld	h, -4 (ix)
      002D39 36 00            [10] 7275 	ld	(hl), #0x00
                                   7276 ;ff.c:3649: if (   ld_32(fs->win + FSI_LeadSig) == 0x41615252	/* Load FSInfo data if available */
      002D3B DD 7E DE         [19] 7277 	ld	a, -34 (ix)
      002D3E C6 30            [ 7] 7278 	add	a, #0x30
      002D40 DD 77 FC         [19] 7279 	ld	-4 (ix), a
      002D43 DD 7E DF         [19] 7280 	ld	a, -33 (ix)
      002D46 CE 00            [ 7] 7281 	adc	a, #0x00
      002D48 DD 77 FD         [19] 7282 	ld	-3 (ix), a
      002D4B DD 6E FC         [19] 7283 	ld	l, -4 (ix)
                                   7284 ;	spillPairReg hl
                                   7285 ;	spillPairReg hl
      002D4E DD 66 FD         [19] 7286 	ld	h, -3 (ix)
                                   7287 ;	spillPairReg hl
                                   7288 ;	spillPairReg hl
      002D51 CDr1Dr00         [17] 7289 	call	_ld_32
      002D54 DD 73 F0         [19] 7290 	ld	-16 (ix), e
      002D57 DD 72 F1         [19] 7291 	ld	-15 (ix), d
      002D5A DD 75 F2         [19] 7292 	ld	-14 (ix), l
      002D5D DD 74 F3         [19] 7293 	ld	-13 (ix), h
      002D60 DD 7E F0         [19] 7294 	ld	a, -16 (ix)
      002D63 D6 52            [ 7] 7295 	sub	a, #0x52
      002D65 C2r69r2E         [10] 7296 	jp	NZ,00167$
      002D68 DD 7E F1         [19] 7297 	ld	a, -15 (ix)
      002D6B D6 52            [ 7] 7298 	sub	a, #0x52
      002D6D C2r69r2E         [10] 7299 	jp	NZ,00167$
      002D70 DD 7E F2         [19] 7300 	ld	a, -14 (ix)
      002D73 D6 61            [ 7] 7301 	sub	a, #0x61
      002D75 C2r69r2E         [10] 7302 	jp	NZ,00167$
      002D78 DD 7E F3         [19] 7303 	ld	a, -13 (ix)
      002D7B D6 41            [ 7] 7304 	sub	a, #0x41
      002D7D C2r69r2E         [10] 7305 	jp	NZ,00167$
                                   7306 ;ff.c:3650: && ld_32(fs->win + FSI_StrucSig) == 0x61417272
      002D80 DD 7E E4         [19] 7307 	ld	a, -28 (ix)
      002D83 C6 E4            [ 7] 7308 	add	a, #0xe4
      002D85 DD 77 FC         [19] 7309 	ld	-4 (ix), a
      002D88 DD 7E E5         [19] 7310 	ld	a, -27 (ix)
      002D8B CE 01            [ 7] 7311 	adc	a, #0x01
      002D8D DD 77 FD         [19] 7312 	ld	-3 (ix), a
      002D90 DD 6E FC         [19] 7313 	ld	l, -4 (ix)
                                   7314 ;	spillPairReg hl
                                   7315 ;	spillPairReg hl
      002D93 DD 66 FD         [19] 7316 	ld	h, -3 (ix)
                                   7317 ;	spillPairReg hl
                                   7318 ;	spillPairReg hl
      002D96 CDr1Dr00         [17] 7319 	call	_ld_32
      002D99 DD 73 F0         [19] 7320 	ld	-16 (ix), e
      002D9C DD 72 F1         [19] 7321 	ld	-15 (ix), d
      002D9F DD 75 F2         [19] 7322 	ld	-14 (ix), l
      002DA2 DD 74 F3         [19] 7323 	ld	-13 (ix), h
      002DA5 DD 7E F0         [19] 7324 	ld	a, -16 (ix)
      002DA8 D6 72            [ 7] 7325 	sub	a, #0x72
      002DAA C2r69r2E         [10] 7326 	jp	NZ,00167$
      002DAD DD 7E F1         [19] 7327 	ld	a, -15 (ix)
      002DB0 D6 72            [ 7] 7328 	sub	a, #0x72
      002DB2 C2r69r2E         [10] 7329 	jp	NZ,00167$
      002DB5 DD 7E F2         [19] 7330 	ld	a, -14 (ix)
      002DB8 D6 41            [ 7] 7331 	sub	a, #0x41
      002DBA C2r69r2E         [10] 7332 	jp	NZ,00167$
      002DBD DD 7E F3         [19] 7333 	ld	a, -13 (ix)
      002DC0 D6 61            [ 7] 7334 	sub	a, #0x61
      002DC2 C2r69r2E         [10] 7335 	jp	NZ,00167$
                                   7336 ;ff.c:3651: && ld_32(fs->win + FSI_TrailSig) == 0xAA550000)
      002DC5 DD 7E E4         [19] 7337 	ld	a, -28 (ix)
      002DC8 C6 FC            [ 7] 7338 	add	a, #0xfc
      002DCA DD 77 FC         [19] 7339 	ld	-4 (ix), a
      002DCD DD 7E E5         [19] 7340 	ld	a, -27 (ix)
      002DD0 CE 01            [ 7] 7341 	adc	a, #0x01
      002DD2 DD 77 FD         [19] 7342 	ld	-3 (ix), a
      002DD5 DD 6E FC         [19] 7343 	ld	l, -4 (ix)
                                   7344 ;	spillPairReg hl
                                   7345 ;	spillPairReg hl
      002DD8 DD 66 FD         [19] 7346 	ld	h, -3 (ix)
                                   7347 ;	spillPairReg hl
                                   7348 ;	spillPairReg hl
      002DDB CDr1Dr00         [17] 7349 	call	_ld_32
      002DDE DD 73 F0         [19] 7350 	ld	-16 (ix), e
      002DE1 DD 72 F1         [19] 7351 	ld	-15 (ix), d
      002DE4 DD 75 F2         [19] 7352 	ld	-14 (ix), l
      002DE7 DD 74 F3         [19] 7353 	ld	-13 (ix), h
      002DEA DD 7E F0         [19] 7354 	ld	a, -16 (ix)
      002DED B7               [ 4] 7355 	or	a, a
      002DEE DD B6 F1         [19] 7356 	or	a, -15 (ix)
      002DF1 20 76            [12] 7357 	jr	NZ, 00167$
      002DF3 DD 7E F2         [19] 7358 	ld	a, -14 (ix)
      002DF6 D6 55            [ 7] 7359 	sub	a, #0x55
      002DF8 20 6F            [12] 7360 	jr	NZ, 00167$
      002DFA DD 7E F3         [19] 7361 	ld	a, -13 (ix)
      002DFD D6 AA            [ 7] 7362 	sub	a, #0xaa
      002DFF 20 68            [12] 7363 	jr	NZ, 00167$
                                   7364 ;ff.c:3654: fs->free_clst = ld_32(fs->win + FSI_Free_Count);
      002E01 DD 7E E4         [19] 7365 	ld	a, -28 (ix)
      002E04 C6 E8            [ 7] 7366 	add	a, #0xe8
      002E06 DD 77 FC         [19] 7367 	ld	-4 (ix), a
      002E09 DD 7E E5         [19] 7368 	ld	a, -27 (ix)
      002E0C CE 01            [ 7] 7369 	adc	a, #0x01
      002E0E DD 77 FD         [19] 7370 	ld	-3 (ix), a
      002E11 DD 6E FC         [19] 7371 	ld	l, -4 (ix)
                                   7372 ;	spillPairReg hl
                                   7373 ;	spillPairReg hl
      002E14 DD 66 FD         [19] 7374 	ld	h, -3 (ix)
                                   7375 ;	spillPairReg hl
                                   7376 ;	spillPairReg hl
      002E17 CDr1Dr00         [17] 7377 	call	_ld_32
      002E1A DD 73 F0         [19] 7378 	ld	-16 (ix), e
      002E1D DD 72 F1         [19] 7379 	ld	-15 (ix), d
      002E20 DD 75 F2         [19] 7380 	ld	-14 (ix), l
      002E23 DD 74 F3         [19] 7381 	ld	-13 (ix), h
      002E26 DD 5E F9         [19] 7382 	ld	e, -7 (ix)
      002E29 DD 56 FA         [19] 7383 	ld	d, -6 (ix)
      002E2C 21 16 00         [10] 7384 	ld	hl, #22
      002E2F 39               [11] 7385 	add	hl, sp
      002E30 01 04 00         [10] 7386 	ld	bc, #0x0004
      002E33 ED B0            [21] 7387 	ldir
                                   7388 ;ff.c:3657: fs->last_clst = ld_32(fs->win + FSI_Nxt_Free);
      002E35 DD 7E E4         [19] 7389 	ld	a, -28 (ix)
      002E38 C6 EC            [ 7] 7390 	add	a, #0xec
      002E3A DD 77 FC         [19] 7391 	ld	-4 (ix), a
      002E3D DD 7E E5         [19] 7392 	ld	a, -27 (ix)
      002E40 CE 01            [ 7] 7393 	adc	a, #0x01
      002E42 DD 77 FD         [19] 7394 	ld	-3 (ix), a
      002E45 DD 6E FC         [19] 7395 	ld	l, -4 (ix)
                                   7396 ;	spillPairReg hl
                                   7397 ;	spillPairReg hl
      002E48 DD 66 FD         [19] 7398 	ld	h, -3 (ix)
                                   7399 ;	spillPairReg hl
                                   7400 ;	spillPairReg hl
      002E4B CDr1Dr00         [17] 7401 	call	_ld_32
      002E4E DD 73 FA         [19] 7402 	ld	-6 (ix), e
      002E51 DD 72 FB         [19] 7403 	ld	-5 (ix), d
      002E54 DD 75 FC         [19] 7404 	ld	-4 (ix), l
      002E57 DD 74 FD         [19] 7405 	ld	-3 (ix), h
      002E5A DD 5E F4         [19] 7406 	ld	e, -12 (ix)
      002E5D DD 56 F5         [19] 7407 	ld	d, -11 (ix)
      002E60 21 20 00         [10] 7408 	ld	hl, #32
      002E63 39               [11] 7409 	add	hl, sp
      002E64 01 04 00         [10] 7410 	ld	bc, #0x0004
      002E67 ED B0            [21] 7411 	ldir
      002E69                       7412 00167$:
                                   7413 ;ff.c:3664: fs->fs_type = (BYTE)fmt;/* FAT sub-type (the filesystem object gets valid) */
      002E69 DD 7E F6         [19] 7414 	ld	a, -10 (ix)
      002E6C DD 6E DE         [19] 7415 	ld	l, -34 (ix)
      002E6F DD 66 DF         [19] 7416 	ld	h, -33 (ix)
      002E72 77               [ 7] 7417 	ld	(hl), a
                                   7418 ;ff.c:3665: fs->id = ++Fsid;		/* Volume mount ID */
      002E73 DD 7E DE         [19] 7419 	ld	a, -34 (ix)
      002E76 C6 06            [ 7] 7420 	add	a, #0x06
      002E78 4F               [ 4] 7421 	ld	c, a
      002E79 DD 7E DF         [19] 7422 	ld	a, -33 (ix)
      002E7C CE 00            [ 7] 7423 	adc	a, #0x00
      002E7E 47               [ 4] 7424 	ld	b, a
      002E7F 2Ar02r00         [16] 7425 	ld	hl, (_Fsid)
      002E82 23               [ 6] 7426 	inc	hl
      002E83 22r02r00         [16] 7427 	ld	(_Fsid), hl
      002E86 3Ar02r00         [13] 7428 	ld	a, (_Fsid+0)
      002E89 02               [ 7] 7429 	ld	(bc), a
      002E8A 03               [ 6] 7430 	inc	bc
      002E8B 3Ar03r00         [13] 7431 	ld	a, (_Fsid+1)
      002E8E 02               [ 7] 7432 	ld	(bc), a
                                   7433 ;ff.c:3685: return FR_OK;
      002E8F AF               [ 4] 7434 	xor	a, a
      002E90                       7435 00170$:
                                   7436 ;ff.c:3686: }
      002E90 DD F9            [10] 7437 	ld	sp, ix
      002E92 DD E1            [14] 7438 	pop	ix
      002E94 E1               [10] 7439 	pop	hl
      002E95 33               [ 6] 7440 	inc	sp
      002E96 E9               [ 4] 7441 	jp	(hl)
                                   7442 ;ff.c:3695: static FRESULT validate (	/* Returns FR_OK or FR_INVALID_OBJECT */
                                   7443 ;	---------------------------------
                                   7444 ; Function validate
                                   7445 ; ---------------------------------
      002E97                       7446 _validate:
      002E97 DD E5            [15] 7447 	push	ix
      002E99 DD 21 00 00      [14] 7448 	ld	ix,#0
      002E9D DD 39            [15] 7449 	add	ix,sp
      002E9F F5               [11] 7450 	push	af
      002EA0 F5               [11] 7451 	push	af
      002EA1 3B               [ 6] 7452 	dec	sp
      002EA2 4D               [ 4] 7453 	ld	c, l
      002EA3 44               [ 4] 7454 	ld	b, h
      002EA4 DD 73 FE         [19] 7455 	ld	-2 (ix), e
      002EA7 DD 72 FF         [19] 7456 	ld	-1 (ix), d
                                   7457 ;ff.c:3700: FRESULT res = FR_INVALID_OBJECT;
      002EAA DD 36 FB 09      [19] 7458 	ld	-5 (ix), #0x09
                                   7459 ;ff.c:3703: if (obj && obj->fs && obj->fs->fs_type && obj->id == obj->fs->id) {	/* Test if the object is valid */
      002EAE 78               [ 4] 7460 	ld	a, b
      002EAF B1               [ 4] 7461 	or	a, c
      002EB0 28 3E            [12] 7462 	jr	Z, 00104$
      002EB2 69               [ 4] 7463 	ld	l, c
      002EB3 60               [ 4] 7464 	ld	h, b
      002EB4 5E               [ 7] 7465 	ld	e, (hl)
      002EB5 23               [ 6] 7466 	inc	hl
      002EB6 56               [ 7] 7467 	ld	d, (hl)
      002EB7 7A               [ 4] 7468 	ld	a, d
      002EB8 B3               [ 4] 7469 	or	a, e
      002EB9 28 35            [12] 7470 	jr	Z, 00104$
      002EBB 1A               [ 7] 7471 	ld	a, (de)
      002EBC B7               [ 4] 7472 	or	a, a
      002EBD 28 31            [12] 7473 	jr	Z, 00104$
      002EBF 69               [ 4] 7474 	ld	l, c
                                   7475 ;	spillPairReg hl
                                   7476 ;	spillPairReg hl
      002EC0 60               [ 4] 7477 	ld	h, b
                                   7478 ;	spillPairReg hl
                                   7479 ;	spillPairReg hl
      002EC1 23               [ 6] 7480 	inc	hl
      002EC2 23               [ 6] 7481 	inc	hl
      002EC3 7E               [ 7] 7482 	ld	a, (hl)
      002EC4 DD 77 FC         [19] 7483 	ld	-4 (ix), a
      002EC7 23               [ 6] 7484 	inc	hl
      002EC8 7E               [ 7] 7485 	ld	a, (hl)
      002EC9 DD 77 FD         [19] 7486 	ld	-3 (ix), a
      002ECC D5               [11] 7487 	push	de
      002ECD FD E1            [14] 7488 	pop	iy
                                   7489 ;	spillPairReg hl
                                   7490 ;	spillPairReg hl
      002ECF FD 7E 06         [19] 7491 	ld	a, 6 (iy)
      002ED2 FD 66 07         [19] 7492 	ld	h, 7 (iy)
      002ED5 DD 96 FC         [19] 7493 	sub	a, -4 (ix)
      002ED8 20 16            [12] 7494 	jr	NZ, 00104$
      002EDA 7C               [ 4] 7495 	ld	a, h
      002EDB DD 96 FD         [19] 7496 	sub	a, -3 (ix)
      002EDE 20 10            [12] 7497 	jr	NZ, 00104$
                                   7498 ;ff.c:3715: if (!(disk_status(obj->fs->pdrv) & STA_NOINIT)) { /* Test if the hosting physical drive is kept initialized */
      002EE0 13               [ 6] 7499 	inc	de
      002EE1 1A               [ 7] 7500 	ld	a, (de)
      002EE2 5F               [ 4] 7501 	ld	e, a
      002EE3 C5               [11] 7502 	push	bc
      002EE4 7B               [ 4] 7503 	ld	a, e
      002EE5 CDr00r00         [17] 7504 	call	_disk_status
      002EE8 C1               [10] 7505 	pop	bc
      002EE9 0F               [ 4] 7506 	rrca
      002EEA 38 04            [12] 7507 	jr	C, 00104$
                                   7508 ;ff.c:3716: res = FR_OK;
      002EEC DD 36 FB 00      [19] 7509 	ld	-5 (ix), #0x00
      002EF0                       7510 00104$:
                                   7511 ;ff.c:3720: *rfs = (res == FR_OK) ? obj->fs : 0;	/* Return corresponding filesystem object if it is valid */
      002EF0 DD 5E FE         [19] 7512 	ld	e, -2 (ix)
      002EF3 DD 56 FF         [19] 7513 	ld	d, -1 (ix)
      002EF6 DD 7E FB         [19] 7514 	ld	a, -5 (ix)
      002EF9 B7               [ 4] 7515 	or	a, a
      002EFA 20 07            [12] 7516 	jr	NZ, 00110$
      002EFC 69               [ 4] 7517 	ld	l, c
      002EFD 60               [ 4] 7518 	ld	h, b
      002EFE 4E               [ 7] 7519 	ld	c, (hl)
      002EFF 23               [ 6] 7520 	inc	hl
      002F00 46               [ 7] 7521 	ld	b, (hl)
      002F01 18 03            [12] 7522 	jr	00111$
      002F03                       7523 00110$:
      002F03 01 00 00         [10] 7524 	ld	bc, #0x0000
      002F06                       7525 00111$:
      002F06 79               [ 4] 7526 	ld	a, c
      002F07 12               [ 7] 7527 	ld	(de), a
      002F08 13               [ 6] 7528 	inc	de
      002F09 78               [ 4] 7529 	ld	a, b
      002F0A 12               [ 7] 7530 	ld	(de), a
                                   7531 ;ff.c:3721: return res;
      002F0B DD 7E FB         [19] 7532 	ld	a, -5 (ix)
                                   7533 ;ff.c:3722: }
      002F0E DD F9            [10] 7534 	ld	sp, ix
      002F10 DD E1            [14] 7535 	pop	ix
      002F12 C9               [10] 7536 	ret
                                   7537 ;ff.c:3739: FRESULT f_mount (
                                   7538 ;	---------------------------------
                                   7539 ; Function f_mount
                                   7540 ; ---------------------------------
      002F13                       7541 _f_mount::
      002F13 DD E5            [15] 7542 	push	ix
      002F15 DD 21 00 00      [14] 7543 	ld	ix,#0
      002F19 DD 39            [15] 7544 	add	ix,sp
      002F1B FD 21 F7 FF      [14] 7545 	ld	iy, #-9
      002F1F FD 39            [15] 7546 	add	iy, sp
      002F21 FD F9            [10] 7547 	ld	sp, iy
      002F23 DD 75 FE         [19] 7548 	ld	-2 (ix), l
      002F26 DD 74 FF         [19] 7549 	ld	-1 (ix), h
      002F29 DD 73 FC         [19] 7550 	ld	-4 (ix), e
      002F2C DD 72 FD         [19] 7551 	ld	-3 (ix), d
                                   7552 ;ff.c:3748: const TCHAR *rp = path;
      002F2F DD 7E FC         [19] 7553 	ld	a, -4 (ix)
      002F32 DD 77 F9         [19] 7554 	ld	-7 (ix), a
      002F35 DD 7E FD         [19] 7555 	ld	a, -3 (ix)
      002F38 DD 77 FA         [19] 7556 	ld	-6 (ix), a
                                   7557 ;ff.c:3752: vol = get_ldnumber(&rp);
      002F3B 21 02 00         [10] 7558 	ld	hl, #2
      002F3E 39               [11] 7559 	add	hl, sp
      002F3F CDrE3r22         [17] 7560 	call	_get_ldnumber
      002F42 33               [ 6] 7561 	inc	sp
      002F43 33               [ 6] 7562 	inc	sp
      002F44 D5               [11] 7563 	push	de
                                   7564 ;ff.c:3753: if (vol < 0) return FR_INVALID_DRIVE;
      002F45 DD CB F8 7E      [20] 7565 	bit	7, -8 (ix)
      002F49 28 04            [12] 7566 	jr	Z, 00102$
      002F4B 3E 0B            [ 7] 7567 	ld	a, #0x0b
      002F4D 18 59            [12] 7568 	jr	00109$
      002F4F                       7569 00102$:
                                   7570 ;ff.c:3755: cfs = FatFs[vol];			/* Pointer to the filesystem object of the volume */
      002F4F 01r00r00         [10] 7571 	ld	bc, #_FatFs+0
      002F52 E1               [10] 7572 	pop	hl
      002F53 E5               [11] 7573 	push	hl
      002F54 29               [11] 7574 	add	hl, hl
      002F55 09               [11] 7575 	add	hl, bc
      002F56 4D               [ 4] 7576 	ld	c,l
      002F57 44               [ 4] 7577 	ld	b,h
      002F58 23               [ 6] 7578 	inc	hl
      002F59 7E               [ 7] 7579 	ld	a, (hl)
      002F5A 2B               [ 6] 7580 	dec	hl
      002F5B 6E               [ 7] 7581 	ld	l, (hl)
                                   7582 ;	spillPairReg hl
      002F5C 5D               [ 4] 7583 	ld	e, l
      002F5D 57               [ 4] 7584 	ld	d, a
                                   7585 ;ff.c:3756: if (cfs) {					/* Unregister current filesystem object */
      002F5E B5               [ 4] 7586 	or	a, l
      002F5F 28 08            [12] 7587 	jr	Z, 00104$
                                   7588 ;ff.c:3757: FatFs[vol] = 0;
      002F61 69               [ 4] 7589 	ld	l, c
      002F62 60               [ 4] 7590 	ld	h, b
      002F63 AF               [ 4] 7591 	xor	a, a
      002F64 77               [ 7] 7592 	ld	(hl), a
      002F65 23               [ 6] 7593 	inc	hl
      002F66 77               [ 7] 7594 	ld	(hl), a
                                   7595 ;ff.c:3764: cfs->fs_type = 0;		/* Invalidate the filesystem object to be unregistered */
      002F67 AF               [ 4] 7596 	xor	a, a
      002F68 12               [ 7] 7597 	ld	(de), a
      002F69                       7598 00104$:
                                   7599 ;ff.c:3767: if (fs) {					/* Register new filesystem object */
      002F69 DD 7E FF         [19] 7600 	ld	a, -1 (ix)
      002F6C DD B6 FE         [19] 7601 	or	a, -2 (ix)
      002F6F 28 1C            [12] 7602 	jr	Z, 00106$
                                   7603 ;ff.c:3768: fs->pdrv = LD2PD(vol);	/* Volume hosting physical drive */
      002F71 DD 5E FE         [19] 7604 	ld	e, -2 (ix)
      002F74 DD 56 FF         [19] 7605 	ld	d, -1 (ix)
      002F77 13               [ 6] 7606 	inc	de
      002F78 DD 7E F7         [19] 7607 	ld	a, -9 (ix)
      002F7B 12               [ 7] 7608 	ld	(de), a
                                   7609 ;ff.c:3782: fs->fs_type = 0;		/* Invalidate the new filesystem object */
      002F7C DD 5E FE         [19] 7610 	ld	e, -2 (ix)
      002F7F DD 56 FF         [19] 7611 	ld	d, -1 (ix)
      002F82 AF               [ 4] 7612 	xor	a, a
      002F83 12               [ 7] 7613 	ld	(de), a
                                   7614 ;ff.c:3783: FatFs[vol] = fs;		/* Register it */
      002F84 DD 7E FE         [19] 7615 	ld	a, -2 (ix)
      002F87 02               [ 7] 7616 	ld	(bc), a
      002F88 03               [ 6] 7617 	inc	bc
      002F89 DD 7E FF         [19] 7618 	ld	a, -1 (ix)
      002F8C 02               [ 7] 7619 	ld	(bc), a
      002F8D                       7620 00106$:
                                   7621 ;ff.c:3786: if (opt == 0) return FR_OK;	/* Do not mount now, it will be mounted in subsequent file functions */
      002F8D DD 7E 04         [19] 7622 	ld	a, 4 (ix)
      002F90 B7               [ 4] 7623 	or	a, a
      002F91 20 03            [12] 7624 	jr	NZ, 00108$
      002F93 AF               [ 4] 7625 	xor	a, a
      002F94 18 12            [12] 7626 	jr	00109$
      002F96                       7627 00108$:
                                   7628 ;ff.c:3788: res = mount_volume(&path, &fs, 0);	/* Force mounted the volume in this function */
      002F96 AF               [ 4] 7629 	xor	a, a
      002F97 F5               [11] 7630 	push	af
      002F98 33               [ 6] 7631 	inc	sp
      002F99 21 08 00         [10] 7632 	ld	hl, #8
      002F9C 39               [11] 7633 	add	hl, sp
      002F9D EB               [ 4] 7634 	ex	de, hl
      002F9E 21 06 00         [10] 7635 	ld	hl, #6
      002FA1 39               [11] 7636 	add	hl, sp
      002FA2 CDr40r26         [17] 7637 	call	_mount_volume
      002FA5 DD 77 FB         [19] 7638 	ld	-5 (ix), a
                                   7639 ;ff.c:3789: LEAVE_FF(fs, res);
      002FA8                       7640 00109$:
                                   7641 ;ff.c:3790: }
      002FA8 DD F9            [10] 7642 	ld	sp, ix
      002FAA DD E1            [14] 7643 	pop	ix
      002FAC E1               [10] 7644 	pop	hl
      002FAD 33               [ 6] 7645 	inc	sp
      002FAE E9               [ 4] 7646 	jp	(hl)
                                   7647 ;ff.c:3799: FRESULT f_open (
                                   7648 ;	---------------------------------
                                   7649 ; Function f_open
                                   7650 ; ---------------------------------
      002FAF                       7651 _f_open::
      002FAF DD E5            [15] 7652 	push	ix
      002FB1 DD 21 00 00      [14] 7653 	ld	ix,#0
      002FB5 DD 39            [15] 7654 	add	ix,sp
      002FB7 FD 21 C1 FF      [14] 7655 	ld	iy, #-63
      002FBB FD 39            [15] 7656 	add	iy, sp
      002FBD FD F9            [10] 7657 	ld	sp, iy
      002FBF DD 75 FA         [19] 7658 	ld	-6 (ix), l
      002FC2 DD 74 FB         [19] 7659 	ld	-5 (ix), h
      002FC5 DD 73 F8         [19] 7660 	ld	-8 (ix), e
      002FC8 DD 72 F9         [19] 7661 	ld	-7 (ix), d
                                   7662 ;ff.c:3811: if (!fp) return FR_INVALID_OBJECT;	/* Reject null pointer */
      002FCB DD 7E FB         [19] 7663 	ld	a, -5 (ix)
      002FCE DD B6 FA         [19] 7664 	or	a, -6 (ix)
      002FD1 20 05            [12] 7665 	jr	NZ, 00102$
      002FD3 3E 09            [ 7] 7666 	ld	a, #0x09
      002FD5 C3r15r36         [10] 7667 	jp	00165$
      002FD8                       7668 00102$:
                                   7669 ;ff.c:3814: mode &= FF_FS_READONLY ? FA_READ : FA_READ | FA_WRITE | FA_CREATE_ALWAYS | FA_CREATE_NEW | FA_OPEN_ALWAYS | FA_OPEN_APPEND;
      002FD8 DD 7E 04         [19] 7670 	ld	a, 4 (ix)
      002FDB DD 77 FF         [19] 7671 	ld	-1 (ix), a
      002FDE E6 3F            [ 7] 7672 	and	a, #0x3f
                                   7673 ;ff.c:3815: res = mount_volume(&path, &fs, mode);
      002FE0 DD 77 04         [19] 7674 	ld	4 (ix), a
      002FE3 F5               [11] 7675 	push	af
      002FE4 33               [ 6] 7676 	inc	sp
      002FE5 21 29 00         [10] 7677 	ld	hl, #41
      002FE8 39               [11] 7678 	add	hl, sp
      002FE9 EB               [ 4] 7679 	ex	de, hl
      002FEA 21 38 00         [10] 7680 	ld	hl, #56
      002FED 39               [11] 7681 	add	hl, sp
      002FEE CDr40r26         [17] 7682 	call	_mount_volume
                                   7683 ;ff.c:3817: if (res == FR_OK) {
      002FF1 DD 77 EB         [19] 7684 	ld	-21 (ix), a
      002FF4 B7               [ 4] 7685 	or	a, a
      002FF5 C2r02r36         [10] 7686 	jp	NZ, 00158$
                                   7687 ;ff.c:3818: fp->obj.fs = fs;
      002FF8 DD 6E FA         [19] 7688 	ld	l, -6 (ix)
      002FFB DD 66 FB         [19] 7689 	ld	h, -5 (ix)
      002FFE DD 7E E9         [19] 7690 	ld	a, -23 (ix)
      003001 77               [ 7] 7691 	ld	(hl), a
      003002 23               [ 6] 7692 	inc	hl
      003003 DD 7E EA         [19] 7693 	ld	a, -22 (ix)
      003006 77               [ 7] 7694 	ld	(hl), a
                                   7695 ;ff.c:3819: dj.obj.fs = fs;
      003007 DD 7E E9         [19] 7696 	ld	a, -23 (ix)
      00300A DD 77 C1         [19] 7697 	ld	-63 (ix), a
      00300D DD 7E EA         [19] 7698 	ld	a, -22 (ix)
      003010 DD 77 C2         [19] 7699 	ld	-62 (ix), a
                                   7700 ;ff.c:3821: res = follow_path(&dj, path);	/* Follow the file path */
      003013 DD 5E F8         [19] 7701 	ld	e, -8 (ix)
      003016 DD 56 F9         [19] 7702 	ld	d, -7 (ix)
      003019 21 00 00         [10] 7703 	ld	hl, #0
      00301C 39               [11] 7704 	add	hl, sp
      00301D CDr2Fr21         [17] 7705 	call	_follow_path
                                   7706 ;ff.c:3823: if (res == FR_OK) {
      003020 DD 77 EB         [19] 7707 	ld	-21 (ix), a
      003023 B7               [ 4] 7708 	or	a, a
      003024 20 0A            [12] 7709 	jr	NZ, 00106$
                                   7710 ;ff.c:3824: if (dj.fn[NSFLAG] & NS_NONAME) {	/* Origin directory itself? */
      003026 DD 7E E8         [19] 7711 	ld	a, -24 (ix)
      003029 07               [ 4] 7712 	rlca
      00302A 30 04            [12] 7713 	jr	NC, 00106$
                                   7714 ;ff.c:3825: res = FR_INVALID_NAME;
      00302C DD 36 EB 06      [19] 7715 	ld	-21 (ix), #0x06
      003030                       7716 00106$:
                                   7717 ;ff.c:3814: mode &= FF_FS_READONLY ? FA_READ : FA_READ | FA_WRITE | FA_CREATE_ALWAYS | FA_CREATE_NEW | FA_OPEN_ALWAYS | FA_OPEN_APPEND;
      003030 DD 7E 04         [19] 7718 	ld	a, 4 (ix)
      003033 DD 77 F1         [19] 7719 	ld	-15 (ix), a
                                   7720 ;ff.c:3849: if (dj.obj.attr & (AM_RDO | AM_DIR)) res = FR_DENIED;	/* Cannot overwrite it (R/O or DIR) */
                                   7721 ;ff.c:3875: st_32(dj.dir + DIR_CrtTime, tm);	/* Set created time */
                                   7722 ;ff.c:3834: if (mode & (FA_CREATE_ALWAYS | FA_OPEN_ALWAYS | FA_CREATE_NEW)) {
      003036 DD 7E 04         [19] 7723 	ld	a, 4 (ix)
      003039 E6 1C            [ 7] 7724 	and	a, #0x1c
      00303B CAr82r32         [10] 7725 	jp	Z,00133$
                                   7726 ;ff.c:3835: if (res != FR_OK) {					/* No file, create new */
      00303E DD 7E EB         [19] 7727 	ld	a, -21 (ix)
      003041 B7               [ 4] 7728 	or	a, a
      003042 28 1B            [12] 7729 	jr	Z, 00115$
                                   7730 ;ff.c:3836: if (res == FR_NO_FILE) {		/* There is no file to open, create a new entry */
      003044 DD 7E EB         [19] 7731 	ld	a, -21 (ix)
      003047 D6 04            [ 7] 7732 	sub	a, #0x04
      003049 20 0A            [12] 7733 	jr	NZ, 00108$
                                   7734 ;ff.c:3840: res = dir_register(&dj);
      00304B 21 00 00         [10] 7735 	ld	hl, #0
      00304E 39               [11] 7736 	add	hl, sp
      00304F CDr07r1D         [17] 7737 	call	_dir_register
      003052 DD 77 EB         [19] 7738 	ld	-21 (ix), a
      003055                       7739 00108$:
                                   7740 ;ff.c:3843: mode |= FA_CREATE_ALWAYS;		/* File is created */
      003055 DD 7E 04         [19] 7741 	ld	a, 4 (ix)
      003058 F6 08            [ 7] 7742 	or	a, #0x08
      00305A DD 77 04         [19] 7743 	ld	4 (ix), a
      00305D 18 17            [12] 7744 	jr	00116$
      00305F                       7745 00115$:
                                   7746 ;ff.c:3846: if (mode & FA_CREATE_NEW) {
      00305F DD CB F1 56      [20] 7747 	bit	2, -15 (ix)
      003063 28 06            [12] 7748 	jr	Z, 00112$
                                   7749 ;ff.c:3847: res = FR_EXIST;				/* Cannot create as new file */
      003065 DD 36 EB 08      [19] 7750 	ld	-21 (ix), #0x08
      003069 18 0B            [12] 7751 	jr	00116$
      00306B                       7752 00112$:
                                   7753 ;ff.c:3849: if (dj.obj.attr & (AM_RDO | AM_DIR)) res = FR_DENIED;	/* Cannot overwrite it (R/O or DIR) */
      00306B DD 7E C5         [19] 7754 	ld	a, -59 (ix)
      00306E E6 11            [ 7] 7755 	and	a, #0x11
      003070 28 04            [12] 7756 	jr	Z, 00116$
      003072 DD 36 EB 07      [19] 7757 	ld	-21 (ix), #0x07
      003076                       7758 00116$:
                                   7759 ;ff.c:3814: mode &= FF_FS_READONLY ? FA_READ : FA_READ | FA_WRITE | FA_CREATE_ALWAYS | FA_CREATE_NEW | FA_OPEN_ALWAYS | FA_OPEN_APPEND;
      003076 DD 7E 04         [19] 7760 	ld	a, 4 (ix)
      003079 DD 77 F1         [19] 7761 	ld	-15 (ix), a
                                   7762 ;ff.c:3852: if (res == FR_OK && (mode & FA_CREATE_ALWAYS)) {	/* Truncate the file if overwrite mode */
      00307C DD 7E EB         [19] 7763 	ld	a, -21 (ix)
      00307F B7               [ 4] 7764 	or	a, a
      003080 C2rA2r32         [10] 7765 	jp	NZ, 00134$
      003083 DD CB F1 5E      [20] 7766 	bit	3, -15 (ix)
      003087 CArA2r32         [10] 7767 	jp	Z,00134$
                                   7768 ;ff.c:3853: DWORD tm = GET_FATTIME();
      00308A CDr00r00         [17] 7769 	call	_get_fattime
      00308D DD 73 FC         [19] 7770 	ld	-4 (ix), e
      003090 DD 72 FD         [19] 7771 	ld	-3 (ix), d
      003093 DD 75 FE         [19] 7772 	ld	-2 (ix), l
      003096 DD 74 FF         [19] 7773 	ld	-1 (ix), h
      003099 21 33 00         [10] 7774 	ld	hl, #51
      00309C 39               [11] 7775 	add	hl, sp
      00309D EB               [ 4] 7776 	ex	de, hl
      00309E 21 3B 00         [10] 7777 	ld	hl, #59
      0030A1 39               [11] 7778 	add	hl, sp
      0030A2 01 04 00         [10] 7779 	ld	bc, #4
      0030A5 ED B0            [21] 7780 	ldir
                                   7781 ;ff.c:3875: st_32(dj.dir + DIR_CrtTime, tm);	/* Set created time */
      0030A7 DD 7E DB         [19] 7782 	ld	a, -37 (ix)
      0030AA DD 77 FC         [19] 7783 	ld	-4 (ix), a
      0030AD DD 7E DC         [19] 7784 	ld	a, -36 (ix)
      0030B0 DD 77 FD         [19] 7785 	ld	-3 (ix), a
      0030B3 DD 7E FC         [19] 7786 	ld	a, -4 (ix)
      0030B6 C6 0E            [ 7] 7787 	add	a, #0x0e
      0030B8 DD 77 FE         [19] 7788 	ld	-2 (ix), a
      0030BB DD 7E FD         [19] 7789 	ld	a, -3 (ix)
      0030BE CE 00            [ 7] 7790 	adc	a, #0x00
      0030C0 DD 77 FF         [19] 7791 	ld	-1 (ix), a
      0030C3 DD 6E F6         [19] 7792 	ld	l, -10 (ix)
                                   7793 ;	spillPairReg hl
                                   7794 ;	spillPairReg hl
      0030C6 DD 66 F7         [19] 7795 	ld	h, -9 (ix)
                                   7796 ;	spillPairReg hl
                                   7797 ;	spillPairReg hl
      0030C9 E5               [11] 7798 	push	hl
      0030CA DD 6E F4         [19] 7799 	ld	l, -12 (ix)
                                   7800 ;	spillPairReg hl
                                   7801 ;	spillPairReg hl
      0030CD DD 66 F5         [19] 7802 	ld	h, -11 (ix)
                                   7803 ;	spillPairReg hl
                                   7804 ;	spillPairReg hl
      0030D0 E5               [11] 7805 	push	hl
      0030D1 DD 6E FE         [19] 7806 	ld	l, -2 (ix)
                                   7807 ;	spillPairReg hl
                                   7808 ;	spillPairReg hl
      0030D4 DD 66 FF         [19] 7809 	ld	h, -1 (ix)
                                   7810 ;	spillPairReg hl
                                   7811 ;	spillPairReg hl
      0030D7 CDrADr00         [17] 7812 	call	_st_32
                                   7813 ;ff.c:3876: st_32(dj.dir + DIR_ModTime, tm);	/* Set modified time (tmp setting) */
      0030DA DD 7E DB         [19] 7814 	ld	a, -37 (ix)
      0030DD DD 77 FC         [19] 7815 	ld	-4 (ix), a
      0030E0 DD 7E DC         [19] 7816 	ld	a, -36 (ix)
      0030E3 DD 77 FD         [19] 7817 	ld	-3 (ix), a
      0030E6 DD 7E FC         [19] 7818 	ld	a, -4 (ix)
      0030E9 C6 16            [ 7] 7819 	add	a, #0x16
      0030EB DD 77 FE         [19] 7820 	ld	-2 (ix), a
      0030EE DD 7E FD         [19] 7821 	ld	a, -3 (ix)
      0030F1 CE 00            [ 7] 7822 	adc	a, #0x00
      0030F3 DD 77 FF         [19] 7823 	ld	-1 (ix), a
      0030F6 DD 6E F6         [19] 7824 	ld	l, -10 (ix)
                                   7825 ;	spillPairReg hl
                                   7826 ;	spillPairReg hl
      0030F9 DD 66 F7         [19] 7827 	ld	h, -9 (ix)
                                   7828 ;	spillPairReg hl
                                   7829 ;	spillPairReg hl
      0030FC E5               [11] 7830 	push	hl
      0030FD DD 6E F4         [19] 7831 	ld	l, -12 (ix)
                                   7832 ;	spillPairReg hl
                                   7833 ;	spillPairReg hl
      003100 DD 66 F5         [19] 7834 	ld	h, -11 (ix)
                                   7835 ;	spillPairReg hl
                                   7836 ;	spillPairReg hl
      003103 E5               [11] 7837 	push	hl
      003104 DD 6E FE         [19] 7838 	ld	l, -2 (ix)
                                   7839 ;	spillPairReg hl
                                   7840 ;	spillPairReg hl
      003107 DD 66 FF         [19] 7841 	ld	h, -1 (ix)
                                   7842 ;	spillPairReg hl
                                   7843 ;	spillPairReg hl
      00310A CDrADr00         [17] 7844 	call	_st_32
                                   7845 ;ff.c:3877: cl = ld_clust(fs, dj.dir);			/* Get current cluster chain */
      00310D DD 5E DB         [19] 7846 	ld	e, -37 (ix)
      003110 DD 56 DC         [19] 7847 	ld	d, -36 (ix)
      003113 DD 6E E9         [19] 7848 	ld	l, -23 (ix)
                                   7849 ;	spillPairReg hl
                                   7850 ;	spillPairReg hl
      003116 DD 66 EA         [19] 7851 	ld	h, -22 (ix)
                                   7852 ;	spillPairReg hl
                                   7853 ;	spillPairReg hl
      003119 CDr83r1A         [17] 7854 	call	_ld_clust
      00311C DD 73 FC         [19] 7855 	ld	-4 (ix), e
      00311F DD 72 FD         [19] 7856 	ld	-3 (ix), d
      003122 DD 75 FE         [19] 7857 	ld	-2 (ix), l
      003125 DD 74 FF         [19] 7858 	ld	-1 (ix), h
      003128 21 31 00         [10] 7859 	ld	hl, #49
      00312B 39               [11] 7860 	add	hl, sp
      00312C EB               [ 4] 7861 	ex	de, hl
      00312D 21 3B 00         [10] 7862 	ld	hl, #59
      003130 39               [11] 7863 	add	hl, sp
      003131 01 04 00         [10] 7864 	ld	bc, #4
      003134 ED B0            [21] 7865 	ldir
                                   7866 ;ff.c:3878: dj.dir[DIR_Attr] = AM_ARC;			/* Reset attribute */
      003136 DD 7E DB         [19] 7867 	ld	a, -37 (ix)
      003139 DD 77 FC         [19] 7868 	ld	-4 (ix), a
      00313C DD 7E DC         [19] 7869 	ld	a, -36 (ix)
      00313F DD 77 FD         [19] 7870 	ld	-3 (ix), a
      003142 DD 7E FC         [19] 7871 	ld	a, -4 (ix)
      003145 C6 0B            [ 7] 7872 	add	a, #0x0b
      003147 DD 77 FE         [19] 7873 	ld	-2 (ix), a
      00314A DD 7E FD         [19] 7874 	ld	a, -3 (ix)
      00314D CE 00            [ 7] 7875 	adc	a, #0x00
      00314F DD 77 FF         [19] 7876 	ld	-1 (ix), a
      003152 DD 6E FE         [19] 7877 	ld	l, -2 (ix)
      003155 DD 66 FF         [19] 7878 	ld	h, -1 (ix)
      003158 36 20            [10] 7879 	ld	(hl), #0x20
                                   7880 ;ff.c:3879: st_clust(fs, dj.dir, 0);			/* Reset file allocation info */
      00315A DD 7E DB         [19] 7881 	ld	a, -37 (ix)
      00315D DD 77 FE         [19] 7882 	ld	-2 (ix), a
      003160 DD 7E DC         [19] 7883 	ld	a, -36 (ix)
      003163 DD 77 FF         [19] 7884 	ld	-1 (ix), a
      003166 21 00 00         [10] 7885 	ld	hl, #0x0000
      003169 E5               [11] 7886 	push	hl
      00316A E5               [11] 7887 	push	hl
      00316B DD 5E FE         [19] 7888 	ld	e, -2 (ix)
      00316E DD 56 FF         [19] 7889 	ld	d, -1 (ix)
      003171 DD 6E E9         [19] 7890 	ld	l, -23 (ix)
                                   7891 ;	spillPairReg hl
                                   7892 ;	spillPairReg hl
      003174 DD 66 EA         [19] 7893 	ld	h, -22 (ix)
                                   7894 ;	spillPairReg hl
                                   7895 ;	spillPairReg hl
      003177 CDrDBr1A         [17] 7896 	call	_st_clust
                                   7897 ;ff.c:3880: st_32(dj.dir + DIR_FileSize, 0);
      00317A DD 7E DB         [19] 7898 	ld	a, -37 (ix)
      00317D DD 77 FC         [19] 7899 	ld	-4 (ix), a
      003180 DD 7E DC         [19] 7900 	ld	a, -36 (ix)
      003183 DD 77 FD         [19] 7901 	ld	-3 (ix), a
      003186 DD 7E FC         [19] 7902 	ld	a, -4 (ix)
      003189 C6 1C            [ 7] 7903 	add	a, #0x1c
      00318B DD 77 FE         [19] 7904 	ld	-2 (ix), a
      00318E DD 7E FD         [19] 7905 	ld	a, -3 (ix)
      003191 CE 00            [ 7] 7906 	adc	a, #0x00
      003193 DD 77 FF         [19] 7907 	ld	-1 (ix), a
      003196 21 00 00         [10] 7908 	ld	hl, #0x0000
      003199 E5               [11] 7909 	push	hl
      00319A E5               [11] 7910 	push	hl
      00319B DD 6E FE         [19] 7911 	ld	l, -2 (ix)
                                   7912 ;	spillPairReg hl
                                   7913 ;	spillPairReg hl
      00319E DD 66 FF         [19] 7914 	ld	h, -1 (ix)
                                   7915 ;	spillPairReg hl
                                   7916 ;	spillPairReg hl
      0031A1 CDrADr00         [17] 7917 	call	_st_32
                                   7918 ;ff.c:3881: fs->wflag = 1;
      0031A4 DD 7E E9         [19] 7919 	ld	a, -23 (ix)
      0031A7 DD 77 FC         [19] 7920 	ld	-4 (ix), a
      0031AA DD 7E EA         [19] 7921 	ld	a, -22 (ix)
      0031AD DD 77 FD         [19] 7922 	ld	-3 (ix), a
      0031B0 DD 7E FC         [19] 7923 	ld	a, -4 (ix)
      0031B3 C6 04            [ 7] 7924 	add	a, #0x04
      0031B5 DD 77 FE         [19] 7925 	ld	-2 (ix), a
      0031B8 DD 7E FD         [19] 7926 	ld	a, -3 (ix)
      0031BB CE 00            [ 7] 7927 	adc	a, #0x00
      0031BD DD 77 FF         [19] 7928 	ld	-1 (ix), a
      0031C0 DD 6E FE         [19] 7929 	ld	l, -2 (ix)
      0031C3 DD 66 FF         [19] 7930 	ld	h, -1 (ix)
      0031C6 36 01            [10] 7931 	ld	(hl), #0x01
                                   7932 ;ff.c:3882: if (cl != 0) {						/* Remove the cluster chain if exist */
      0031C8 DD 7E F5         [19] 7933 	ld	a, -11 (ix)
      0031CB DD B6 F4         [19] 7934 	or	a, -12 (ix)
      0031CE DD B6 F3         [19] 7935 	or	a, -13 (ix)
      0031D1 DD B6 F2         [19] 7936 	or	a, -14 (ix)
      0031D4 CArA2r32         [10] 7937 	jp	Z, 00134$
                                   7938 ;ff.c:3883: LBA_t sc = fs->winsect;
      0031D7 DD 7E E9         [19] 7939 	ld	a, -23 (ix)
      0031DA DD 77 FE         [19] 7940 	ld	-2 (ix), a
      0031DD DD 7E EA         [19] 7941 	ld	a, -22 (ix)
      0031E0 DD 77 FF         [19] 7942 	ld	-1 (ix), a
      0031E3 DD 5E FE         [19] 7943 	ld	e, -2 (ix)
      0031E6 DD 56 FF         [19] 7944 	ld	d, -1 (ix)
      0031E9 21 3B 00         [10] 7945 	ld	hl, #59
      0031EC 39               [11] 7946 	add	hl, sp
      0031ED EB               [ 4] 7947 	ex	de, hl
      0031EE 01 1C 00         [10] 7948 	ld	bc, #0x001c
      0031F1 09               [11] 7949 	add	hl, bc
      0031F2 01 04 00         [10] 7950 	ld	bc, #0x0004
      0031F5 ED B0            [21] 7951 	ldir
                                   7952 ;ff.c:3885: res = remove_chain(&dj.obj, cl, 0);
      0031F7 21 00 00         [10] 7953 	ld	hl, #0x0000
      0031FA E5               [11] 7954 	push	hl
      0031FB E5               [11] 7955 	push	hl
      0031FC DD 6E F4         [19] 7956 	ld	l, -12 (ix)
                                   7957 ;	spillPairReg hl
                                   7958 ;	spillPairReg hl
      0031FF DD 66 F5         [19] 7959 	ld	h, -11 (ix)
                                   7960 ;	spillPairReg hl
                                   7961 ;	spillPairReg hl
      003202 E5               [11] 7962 	push	hl
      003203 DD 6E F2         [19] 7963 	ld	l, -14 (ix)
                                   7964 ;	spillPairReg hl
                                   7965 ;	spillPairReg hl
      003206 DD 66 F3         [19] 7966 	ld	h, -13 (ix)
                                   7967 ;	spillPairReg hl
                                   7968 ;	spillPairReg hl
      003209 E5               [11] 7969 	push	hl
      00320A 21 08 00         [10] 7970 	ld	hl, #8
      00320D 39               [11] 7971 	add	hl, sp
      00320E CDrE3r0B         [17] 7972 	call	_remove_chain
                                   7973 ;ff.c:3886: if (res == FR_OK) {
      003211 DD 77 EB         [19] 7974 	ld	-21 (ix), a
      003214 B7               [ 4] 7975 	or	a, a
      003215 C2rA2r32         [10] 7976 	jp	NZ, 00134$
                                   7977 ;ff.c:3887: res = move_window(fs, sc);
      003218 DD 6E FE         [19] 7978 	ld	l, -2 (ix)
                                   7979 ;	spillPairReg hl
                                   7980 ;	spillPairReg hl
      00321B DD 66 FF         [19] 7981 	ld	h, -1 (ix)
                                   7982 ;	spillPairReg hl
                                   7983 ;	spillPairReg hl
      00321E E5               [11] 7984 	push	hl
      00321F DD 6E FC         [19] 7985 	ld	l, -4 (ix)
                                   7986 ;	spillPairReg hl
                                   7987 ;	spillPairReg hl
      003222 DD 66 FD         [19] 7988 	ld	h, -3 (ix)
                                   7989 ;	spillPairReg hl
                                   7990 ;	spillPairReg hl
      003225 E5               [11] 7991 	push	hl
      003226 DD 6E E9         [19] 7992 	ld	l, -23 (ix)
                                   7993 ;	spillPairReg hl
                                   7994 ;	spillPairReg hl
      003229 DD 66 EA         [19] 7995 	ld	h, -22 (ix)
                                   7996 ;	spillPairReg hl
                                   7997 ;	spillPairReg hl
      00322C CDrDFr02         [17] 7998 	call	_move_window
      00322F DD 77 FF         [19] 7999 	ld	-1 (ix), a
      003232 DD 77 EB         [19] 8000 	ld	-21 (ix), a
                                   8001 ;ff.c:3888: fs->last_clst = cl - 1;		/* Reuse the cluster hole */
      003235 DD 7E E9         [19] 8002 	ld	a, -23 (ix)
      003238 DD 77 FE         [19] 8003 	ld	-2 (ix), a
      00323B DD 7E EA         [19] 8004 	ld	a, -22 (ix)
      00323E DD 77 FF         [19] 8005 	ld	-1 (ix), a
      003241 DD 7E FE         [19] 8006 	ld	a, -2 (ix)
      003244 C6 0C            [ 7] 8007 	add	a, #0x0c
      003246 DD 77 F6         [19] 8008 	ld	-10 (ix), a
      003249 DD 7E FF         [19] 8009 	ld	a, -1 (ix)
      00324C CE 00            [ 7] 8010 	adc	a, #0x00
      00324E DD 77 F7         [19] 8011 	ld	-9 (ix), a
      003251 DD 7E F2         [19] 8012 	ld	a, -14 (ix)
      003254 C6 FF            [ 7] 8013 	add	a, #0xff
      003256 DD 77 FC         [19] 8014 	ld	-4 (ix), a
      003259 DD 7E F3         [19] 8015 	ld	a, -13 (ix)
      00325C CE FF            [ 7] 8016 	adc	a, #0xff
      00325E DD 77 FD         [19] 8017 	ld	-3 (ix), a
      003261 DD 7E F4         [19] 8018 	ld	a, -12 (ix)
      003264 CE FF            [ 7] 8019 	adc	a, #0xff
      003266 DD 77 FE         [19] 8020 	ld	-2 (ix), a
      003269 DD 7E F5         [19] 8021 	ld	a, -11 (ix)
      00326C CE FF            [ 7] 8022 	adc	a, #0xff
      00326E DD 77 FF         [19] 8023 	ld	-1 (ix), a
      003271 DD 5E F6         [19] 8024 	ld	e, -10 (ix)
      003274 DD 56 F7         [19] 8025 	ld	d, -9 (ix)
      003277 21 3B 00         [10] 8026 	ld	hl, #59
      00327A 39               [11] 8027 	add	hl, sp
      00327B 01 04 00         [10] 8028 	ld	bc, #0x0004
      00327E ED B0            [21] 8029 	ldir
      003280 18 20            [12] 8030 	jr	00134$
      003282                       8031 00133$:
                                   8032 ;ff.c:3895: if (res == FR_OK) {					/* Is the object exsiting? */
      003282 DD 7E EB         [19] 8033 	ld	a, -21 (ix)
      003285 B7               [ 4] 8034 	or	a, a
      003286 20 1A            [12] 8035 	jr	NZ, 00134$
                                   8036 ;ff.c:3896: if (dj.obj.attr & AM_DIR) {		/* File open against a directory */
      003288 DD 7E C5         [19] 8037 	ld	a, -59 (ix)
      00328B CB 67            [ 8] 8038 	bit	4, a
      00328D 28 06            [12] 8039 	jr	Z, 00128$
                                   8040 ;ff.c:3897: res = FR_NO_FILE;
      00328F DD 36 EB 04      [19] 8041 	ld	-21 (ix), #0x04
      003293 18 0D            [12] 8042 	jr	00134$
      003295                       8043 00128$:
                                   8044 ;ff.c:3899: if ((mode & FA_WRITE) && (dj.obj.attr & AM_RDO)) { /* Write mode open against R/O file */
      003295 DD CB F1 4E      [20] 8045 	bit	1, -15 (ix)
      003299 28 07            [12] 8046 	jr	Z, 00134$
      00329B 0F               [ 4] 8047 	rrca
      00329C 30 04            [12] 8048 	jr	NC, 00134$
                                   8049 ;ff.c:3900: res = FR_DENIED;
      00329E DD 36 EB 07      [19] 8050 	ld	-21 (ix), #0x07
      0032A2                       8051 00134$:
                                   8052 ;ff.c:3905: if (res == FR_OK) {
      0032A2 DD 7E EB         [19] 8053 	ld	a, -21 (ix)
      0032A5 B7               [ 4] 8054 	or	a, a
      0032A6 20 51            [12] 8055 	jr	NZ, 00138$
                                   8056 ;ff.c:3906: if (mode & FA_CREATE_ALWAYS) mode |= FA_MODIFIED;	/* Set file change flag if created or overwritten */
      0032A8 DD CB F1 5E      [20] 8057 	bit	3, -15 (ix)
      0032AC 28 08            [12] 8058 	jr	Z, 00136$
      0032AE DD 7E F1         [19] 8059 	ld	a, -15 (ix)
      0032B1 F6 40            [ 7] 8060 	or	a, #0x40
      0032B3 DD 77 04         [19] 8061 	ld	4 (ix), a
      0032B6                       8062 00136$:
                                   8063 ;ff.c:3907: fp->dir_sect = fs->winsect;			/* Pointer to the directory entry */
      0032B6 DD 7E FA         [19] 8064 	ld	a, -6 (ix)
      0032B9 C6 1C            [ 7] 8065 	add	a, #0x1c
      0032BB 5F               [ 4] 8066 	ld	e, a
      0032BC DD 7E FB         [19] 8067 	ld	a, -5 (ix)
      0032BF CE 00            [ 7] 8068 	adc	a, #0x00
      0032C1 57               [ 4] 8069 	ld	d, a
      0032C2 DD 6E E9         [19] 8070 	ld	l, -23 (ix)
                                   8071 ;	spillPairReg hl
                                   8072 ;	spillPairReg hl
      0032C5 DD 66 EA         [19] 8073 	ld	h, -22 (ix)
                                   8074 ;	spillPairReg hl
                                   8075 ;	spillPairReg hl
      0032C8 EB               [ 4] 8076 	ex	de, hl
      0032C9 E5               [11] 8077 	push	hl
      0032CA 21 3D 00         [10] 8078 	ld	hl, #61
      0032CD 39               [11] 8079 	add	hl, sp
      0032CE EB               [ 4] 8080 	ex	de, hl
      0032CF 01 1C 00         [10] 8081 	ld	bc, #0x001c
      0032D2 09               [11] 8082 	add	hl, bc
      0032D3 01 04 00         [10] 8083 	ld	bc, #0x0004
      0032D6 ED B0            [21] 8084 	ldir
      0032D8 D1               [10] 8085 	pop	de
      0032D9 21 3B 00         [10] 8086 	ld	hl, #59
      0032DC 39               [11] 8087 	add	hl, sp
      0032DD 01 04 00         [10] 8088 	ld	bc, #0x0004
      0032E0 ED B0            [21] 8089 	ldir
                                   8090 ;ff.c:3908: fp->dir_ptr = dj.dir;
      0032E2 DD 7E FA         [19] 8091 	ld	a, -6 (ix)
      0032E5 C6 20            [ 7] 8092 	add	a, #0x20
      0032E7 4F               [ 4] 8093 	ld	c, a
      0032E8 DD 7E FB         [19] 8094 	ld	a, -5 (ix)
      0032EB CE 00            [ 7] 8095 	adc	a, #0x00
      0032ED 47               [ 4] 8096 	ld	b, a
      0032EE DD 5E DB         [19] 8097 	ld	e, -37 (ix)
      0032F1 DD 56 DC         [19] 8098 	ld	d, -36 (ix)
      0032F4 7B               [ 4] 8099 	ld	a, e
      0032F5 02               [ 7] 8100 	ld	(bc), a
      0032F6 03               [ 6] 8101 	inc	bc
      0032F7 7A               [ 4] 8102 	ld	a, d
      0032F8 02               [ 7] 8103 	ld	(bc), a
      0032F9                       8104 00138$:
                                   8105 ;ff.c:3927: if (res == FR_OK) {
      0032F9 DD 7E EB         [19] 8106 	ld	a, -21 (ix)
      0032FC B7               [ 4] 8107 	or	a, a
      0032FD C2r02r36         [10] 8108 	jp	NZ, 00158$
                                   8109 ;ff.c:3934: fp->obj.sclust = ld_clust(fs, dj.dir);					/* Get object allocation info */
      003300 DD 7E FA         [19] 8110 	ld	a, -6 (ix)
      003303 C6 06            [ 7] 8111 	add	a, #0x06
      003305 DD 77 FC         [19] 8112 	ld	-4 (ix), a
      003308 DD 7E FB         [19] 8113 	ld	a, -5 (ix)
      00330B CE 00            [ 7] 8114 	adc	a, #0x00
      00330D DD 77 FD         [19] 8115 	ld	-3 (ix), a
      003310 DD 5E DB         [19] 8116 	ld	e, -37 (ix)
      003313 DD 56 DC         [19] 8117 	ld	d, -36 (ix)
      003316 DD 6E E9         [19] 8118 	ld	l, -23 (ix)
                                   8119 ;	spillPairReg hl
                                   8120 ;	spillPairReg hl
      003319 DD 66 EA         [19] 8121 	ld	h, -22 (ix)
                                   8122 ;	spillPairReg hl
                                   8123 ;	spillPairReg hl
      00331C CDr83r1A         [17] 8124 	call	_ld_clust
      00331F 4D               [ 4] 8125 	ld	c, l
      003320 44               [ 4] 8126 	ld	b, h
      003321 DD 6E FC         [19] 8127 	ld	l, -4 (ix)
      003324 DD 66 FD         [19] 8128 	ld	h, -3 (ix)
      003327 73               [ 7] 8129 	ld	(hl), e
      003328 23               [ 6] 8130 	inc	hl
      003329 72               [ 7] 8131 	ld	(hl), d
      00332A 23               [ 6] 8132 	inc	hl
      00332B 71               [ 7] 8133 	ld	(hl), c
      00332C 23               [ 6] 8134 	inc	hl
      00332D 70               [ 7] 8135 	ld	(hl), b
                                   8136 ;ff.c:3935: fp->obj.objsize = ld_32(dj.dir + DIR_FileSize);
      00332E DD 7E FA         [19] 8137 	ld	a, -6 (ix)
      003331 C6 0A            [ 7] 8138 	add	a, #0x0a
      003333 DD 77 FE         [19] 8139 	ld	-2 (ix), a
      003336 DD 7E FB         [19] 8140 	ld	a, -5 (ix)
      003339 CE 00            [ 7] 8141 	adc	a, #0x00
      00333B DD 77 FF         [19] 8142 	ld	-1 (ix), a
      00333E DD 4E DB         [19] 8143 	ld	c, -37 (ix)
      003341 DD 46 DC         [19] 8144 	ld	b, -36 (ix)
      003344 21 1C 00         [10] 8145 	ld	hl, #0x001c
      003347 09               [11] 8146 	add	hl, bc
      003348 CDr1Dr00         [17] 8147 	call	_ld_32
      00334B 4D               [ 4] 8148 	ld	c, l
      00334C 44               [ 4] 8149 	ld	b, h
      00334D DD 6E FE         [19] 8150 	ld	l, -2 (ix)
      003350 DD 66 FF         [19] 8151 	ld	h, -1 (ix)
      003353 73               [ 7] 8152 	ld	(hl), e
      003354 23               [ 6] 8153 	inc	hl
      003355 72               [ 7] 8154 	ld	(hl), d
      003356 23               [ 6] 8155 	inc	hl
      003357 71               [ 7] 8156 	ld	(hl), c
      003358 23               [ 6] 8157 	inc	hl
      003359 70               [ 7] 8158 	ld	(hl), b
                                   8159 ;ff.c:3940: fp->obj.id = fs->id;	/* Set current volume mount ID */
      00335A DD 4E FA         [19] 8160 	ld	c, -6 (ix)
      00335D DD 46 FB         [19] 8161 	ld	b, -5 (ix)
      003360 03               [ 6] 8162 	inc	bc
      003361 03               [ 6] 8163 	inc	bc
      003362 DD 5E E9         [19] 8164 	ld	e, -23 (ix)
      003365 DD 56 EA         [19] 8165 	ld	d, -22 (ix)
      003368 21 06 00         [10] 8166 	ld	hl, #6
      00336B 19               [11] 8167 	add	hl, de
      00336C 5E               [ 7] 8168 	ld	e, (hl)
      00336D 23               [ 6] 8169 	inc	hl
      00336E 56               [ 7] 8170 	ld	d, (hl)
      00336F 7B               [ 4] 8171 	ld	a, e
      003370 02               [ 7] 8172 	ld	(bc), a
      003371 03               [ 6] 8173 	inc	bc
      003372 7A               [ 4] 8174 	ld	a, d
      003373 02               [ 7] 8175 	ld	(bc), a
                                   8176 ;ff.c:3941: fp->flag = mode;	/* Set file access mode */
      003374 DD 6E FA         [19] 8177 	ld	l, -6 (ix)
      003377 DD 66 FB         [19] 8178 	ld	h, -5 (ix)
      00337A 11 0E 00         [10] 8179 	ld	de, #0x000e
      00337D 19               [11] 8180 	add	hl, de
      00337E DD 7E 04         [19] 8181 	ld	a, 4 (ix)
      003381 77               [ 7] 8182 	ld	(hl), a
                                   8183 ;ff.c:3942: fp->err = 0;		/* Clear error flag */
      003382 DD 6E FA         [19] 8184 	ld	l, -6 (ix)
      003385 DD 66 FB         [19] 8185 	ld	h, -5 (ix)
      003388 11 0F 00         [10] 8186 	ld	de, #0x000f
      00338B 19               [11] 8187 	add	hl, de
      00338C 36 00            [10] 8188 	ld	(hl), #0x00
                                   8189 ;ff.c:3943: fp->sect = 0;		/* Invalidate current data sector */
      00338E DD 7E FA         [19] 8190 	ld	a, -6 (ix)
      003391 C6 18            [ 7] 8191 	add	a, #0x18
      003393 DD 77 EC         [19] 8192 	ld	-20 (ix), a
      003396 DD 7E FB         [19] 8193 	ld	a, -5 (ix)
      003399 CE 00            [ 7] 8194 	adc	a, #0x00
      00339B DD 77 ED         [19] 8195 	ld	-19 (ix), a
      00339E DD 6E EC         [19] 8196 	ld	l, -20 (ix)
      0033A1 DD 66 ED         [19] 8197 	ld	h, -19 (ix)
      0033A4 AF               [ 4] 8198 	xor	a, a
      0033A5 77               [ 7] 8199 	ld	(hl), a
      0033A6 23               [ 6] 8200 	inc	hl
      0033A7 77               [ 7] 8201 	ld	(hl), a
      0033A8 23               [ 6] 8202 	inc	hl
      0033A9 77               [ 7] 8203 	ld	(hl), a
      0033AA 23               [ 6] 8204 	inc	hl
      0033AB 77               [ 7] 8205 	ld	(hl), a
                                   8206 ;ff.c:3944: fp->fptr = 0;		/* Set file pointer top of the file */
      0033AC DD 7E FA         [19] 8207 	ld	a, -6 (ix)
      0033AF C6 10            [ 7] 8208 	add	a, #0x10
      0033B1 DD 77 F6         [19] 8209 	ld	-10 (ix), a
      0033B4 DD 7E FB         [19] 8210 	ld	a, -5 (ix)
      0033B7 CE 00            [ 7] 8211 	adc	a, #0x00
      0033B9 DD 77 F7         [19] 8212 	ld	-9 (ix), a
      0033BC DD 6E F6         [19] 8213 	ld	l, -10 (ix)
      0033BF DD 66 F7         [19] 8214 	ld	h, -9 (ix)
      0033C2 AF               [ 4] 8215 	xor	a, a
      0033C3 77               [ 7] 8216 	ld	(hl), a
      0033C4 23               [ 6] 8217 	inc	hl
      0033C5 77               [ 7] 8218 	ld	(hl), a
      0033C6 23               [ 6] 8219 	inc	hl
      0033C7 77               [ 7] 8220 	ld	(hl), a
      0033C8 23               [ 6] 8221 	inc	hl
      0033C9 77               [ 7] 8222 	ld	(hl), a
                                   8223 ;ff.c:3947: memset(fp->buf, 0, sizeof fp->buf);	/* Clear sector buffer */
      0033CA DD 7E FA         [19] 8224 	ld	a, -6 (ix)
      0033CD C6 22            [ 7] 8225 	add	a, #0x22
      0033CF DD 77 EE         [19] 8226 	ld	-18 (ix), a
      0033D2 DD 7E FB         [19] 8227 	ld	a, -5 (ix)
      0033D5 CE 00            [ 7] 8228 	adc	a, #0x00
      0033D7 DD 77 EF         [19] 8229 	ld	-17 (ix), a
      0033DA DD 6E EE         [19] 8230 	ld	l, -18 (ix)
                                   8231 ;	spillPairReg hl
                                   8232 ;	spillPairReg hl
      0033DD DD 66 EF         [19] 8233 	ld	h, -17 (ix)
                                   8234 ;	spillPairReg hl
                                   8235 ;	spillPairReg hl
      0033E0 36 00            [10] 8236 	ld	(hl), #0x00
      0033E2 5D               [ 4] 8237 	ld	e, l
      0033E3 54               [ 4] 8238 	ld	d, h
      0033E4 13               [ 6] 8239 	inc	de
      0033E5 01 FF 01         [10] 8240 	ld	bc, #0x01ff
      0033E8 ED B0            [21] 8241 	ldir
                                   8242 ;ff.c:3949: if ((mode & FA_SEEKEND) && fp->obj.objsize > 0) {	/* Seek to end of file if FA_OPEN_APPEND is specified */
      0033EA DD CB 04 6E      [20] 8243 	bit	5, 4 (ix)
      0033EE CAr02r36         [10] 8244 	jp	Z,00158$
      0033F1 DD 6E FE         [19] 8245 	ld	l, -2 (ix)
      0033F4 DD 66 FF         [19] 8246 	ld	h, -1 (ix)
      0033F7 4E               [ 7] 8247 	ld	c, (hl)
      0033F8 23               [ 6] 8248 	inc	hl
      0033F9 46               [ 7] 8249 	ld	b, (hl)
      0033FA 23               [ 6] 8250 	inc	hl
      0033FB 5E               [ 7] 8251 	ld	e, (hl)
      0033FC 23               [ 6] 8252 	inc	hl
      0033FD 56               [ 7] 8253 	ld	d, (hl)
      0033FE 7A               [ 4] 8254 	ld	a, d
      0033FF B3               [ 4] 8255 	or	a, e
      003400 B0               [ 4] 8256 	or	a, b
      003401 B1               [ 4] 8257 	or	a, c
      003402 CAr02r36         [10] 8258 	jp	Z, 00158$
                                   8259 ;ff.c:3953: fp->fptr = fp->obj.objsize;			/* Offset to seek */
      003405 DD 6E F6         [19] 8260 	ld	l, -10 (ix)
      003408 DD 66 F7         [19] 8261 	ld	h, -9 (ix)
      00340B 71               [ 7] 8262 	ld	(hl), c
      00340C 23               [ 6] 8263 	inc	hl
      00340D 70               [ 7] 8264 	ld	(hl), b
      00340E 23               [ 6] 8265 	inc	hl
      00340F 73               [ 7] 8266 	ld	(hl), e
      003410 23               [ 6] 8267 	inc	hl
      003411 72               [ 7] 8268 	ld	(hl), d
                                   8269 ;ff.c:3954: bcs = (DWORD)fs->csize * SS(fs);	/* Cluster size in byte */
      003412 DD 7E E9         [19] 8270 	ld	a, -23 (ix)
      003415 DD 77 F6         [19] 8271 	ld	-10 (ix), a
      003418 DD 7E EA         [19] 8272 	ld	a, -22 (ix)
      00341B DD 77 F7         [19] 8273 	ld	-9 (ix), a
      00341E DD 6E F6         [19] 8274 	ld	l, -10 (ix)
      003421 DD 66 F7         [19] 8275 	ld	h, -9 (ix)
      003424 11 0A 00         [10] 8276 	ld	de, #0x000a
      003427 19               [11] 8277 	add	hl, de
      003428 7E               [ 7] 8278 	ld	a, (hl)
      003429 DD 77 F6         [19] 8279 	ld	-10 (ix), a
      00342C 23               [ 6] 8280 	inc	hl
      00342D 7E               [ 7] 8281 	ld	a, (hl)
      00342E DD 77 F7         [19] 8282 	ld	-9 (ix), a
      003431 DD 7E F6         [19] 8283 	ld	a, -10 (ix)
      003434 DD 77 F4         [19] 8284 	ld	-12 (ix), a
      003437 DD 7E F7         [19] 8285 	ld	a, -9 (ix)
      00343A DD 77 F5         [19] 8286 	ld	-11 (ix), a
      00343D AF               [ 4] 8287 	xor	a, a
      00343E DD 77 F6         [19] 8288 	ld	-10 (ix), a
      003441 DD 77 F7         [19] 8289 	ld	-9 (ix), a
      003444 DD 7E F4         [19] 8290 	ld	a, -12 (ix)
      003447 DD 77 F1         [19] 8291 	ld	-15 (ix), a
      00344A DD 7E F5         [19] 8292 	ld	a, -11 (ix)
      00344D DD 77 F2         [19] 8293 	ld	-14 (ix), a
      003450 DD 7E F6         [19] 8294 	ld	a, -10 (ix)
      003453 DD 77 F3         [19] 8295 	ld	-13 (ix), a
      003456 DD 36 F0 00      [19] 8296 	ld	-16 (ix), #0x00
      00345A DD CB F1 26      [23] 8297 	sla	-15 (ix)
      00345E DD CB F2 16      [23] 8298 	rl	-14 (ix)
      003462 DD CB F3 16      [23] 8299 	rl	-13 (ix)
                                   8300 ;ff.c:3955: clst = fp->obj.sclust;				/* Follow the cluster chain */
      003466 DD 5E FC         [19] 8301 	ld	e, -4 (ix)
      003469 DD 56 FD         [19] 8302 	ld	d, -3 (ix)
      00346C 21 33 00         [10] 8303 	ld	hl, #51
      00346F 39               [11] 8304 	add	hl, sp
      003470 EB               [ 4] 8305 	ex	de, hl
      003471 01 04 00         [10] 8306 	ld	bc, #0x0004
      003474 ED B0            [21] 8307 	ldir
                                   8308 ;ff.c:3956: for (ofs = fp->obj.objsize; res == FR_OK && ofs > bcs; ofs -= bcs) {
      003476 DD 5E FE         [19] 8309 	ld	e, -2 (ix)
      003479 DD 56 FF         [19] 8310 	ld	d, -1 (ix)
      00347C 21 3B 00         [10] 8311 	ld	hl, #59
      00347F 39               [11] 8312 	add	hl, sp
      003480 EB               [ 4] 8313 	ex	de, hl
      003481 01 04 00         [10] 8314 	ld	bc, #0x0004
      003484 ED B0            [21] 8315 	ldir
      003486                       8316 00163$:
      003486 DD 7E EB         [19] 8317 	ld	a, -21 (ix)
      003489 B7               [ 4] 8318 	or	a, a
      00348A C2r20r35         [10] 8319 	jp	NZ, 00143$
      00348D DD 7E F0         [19] 8320 	ld	a, -16 (ix)
      003490 DD 96 FC         [19] 8321 	sub	a, -4 (ix)
      003493 DD 7E F1         [19] 8322 	ld	a, -15 (ix)
      003496 DD 9E FD         [19] 8323 	sbc	a, -3 (ix)
      003499 DD 7E F2         [19] 8324 	ld	a, -14 (ix)
      00349C DD 9E FE         [19] 8325 	sbc	a, -2 (ix)
      00349F DD 7E F3         [19] 8326 	ld	a, -13 (ix)
      0034A2 DD 9E FF         [19] 8327 	sbc	a, -1 (ix)
      0034A5 30 79            [12] 8328 	jr	NC, 00143$
                                   8329 ;ff.c:3957: clst = get_fat(&fp->obj, clst);
      0034A7 DD 6E F6         [19] 8330 	ld	l, -10 (ix)
                                   8331 ;	spillPairReg hl
                                   8332 ;	spillPairReg hl
      0034AA DD 66 F7         [19] 8333 	ld	h, -9 (ix)
                                   8334 ;	spillPairReg hl
                                   8335 ;	spillPairReg hl
      0034AD E5               [11] 8336 	push	hl
      0034AE DD 6E F4         [19] 8337 	ld	l, -12 (ix)
                                   8338 ;	spillPairReg hl
                                   8339 ;	spillPairReg hl
      0034B1 DD 66 F5         [19] 8340 	ld	h, -11 (ix)
                                   8341 ;	spillPairReg hl
                                   8342 ;	spillPairReg hl
      0034B4 E5               [11] 8343 	push	hl
      0034B5 DD 6E FA         [19] 8344 	ld	l, -6 (ix)
                                   8345 ;	spillPairReg hl
                                   8346 ;	spillPairReg hl
      0034B8 DD 66 FB         [19] 8347 	ld	h, -5 (ix)
                                   8348 ;	spillPairReg hl
                                   8349 ;	spillPairReg hl
      0034BB CDrAEr05         [17] 8350 	call	_get_fat
      0034BE F1               [10] 8351 	pop	af
      0034BF F1               [10] 8352 	pop	af
      0034C0 DD 73 F4         [19] 8353 	ld	-12 (ix), e
      0034C3 DD 72 F5         [19] 8354 	ld	-11 (ix), d
      0034C6 DD 75 F6         [19] 8355 	ld	-10 (ix), l
      0034C9 DD 74 F7         [19] 8356 	ld	-9 (ix), h
                                   8357 ;ff.c:3958: if (clst <= 1) res = FR_INT_ERR;
      0034CC 3E 01            [ 7] 8358 	ld	a, #0x01
      0034CE DD BE F4         [19] 8359 	cp	a, -12 (ix)
      0034D1 3E 00            [ 7] 8360 	ld	a, #0x00
      0034D3 DD 9E F5         [19] 8361 	sbc	a, -11 (ix)
      0034D6 3E 00            [ 7] 8362 	ld	a, #0x00
      0034D8 DD 9E F6         [19] 8363 	sbc	a, -10 (ix)
      0034DB 3E 00            [ 7] 8364 	ld	a, #0x00
      0034DD DD 9E F7         [19] 8365 	sbc	a, -9 (ix)
      0034E0 38 04            [12] 8366 	jr	C, 00140$
      0034E2 DD 36 EB 02      [19] 8367 	ld	-21 (ix), #0x02
      0034E6                       8368 00140$:
                                   8369 ;ff.c:3959: if (clst == 0xFFFFFFFF) res = FR_DISK_ERR;
      0034E6 DD 7E F4         [19] 8370 	ld	a, -12 (ix)
      0034E9 DD A6 F5         [19] 8371 	and	a, -11 (ix)
      0034EC DD A6 F6         [19] 8372 	and	a, -10 (ix)
      0034EF DD A6 F7         [19] 8373 	and	a, -9 (ix)
      0034F2 3C               [ 4] 8374 	inc	a
      0034F3 20 04            [12] 8375 	jr	NZ, 00164$
      0034F5 DD 36 EB 01      [19] 8376 	ld	-21 (ix), #0x01
      0034F9                       8377 00164$:
                                   8378 ;ff.c:3956: for (ofs = fp->obj.objsize; res == FR_OK && ofs > bcs; ofs -= bcs) {
      0034F9 DD 7E FC         [19] 8379 	ld	a, -4 (ix)
      0034FC DD 96 F0         [19] 8380 	sub	a, -16 (ix)
      0034FF DD 77 FC         [19] 8381 	ld	-4 (ix), a
      003502 DD 7E FD         [19] 8382 	ld	a, -3 (ix)
      003505 DD 9E F1         [19] 8383 	sbc	a, -15 (ix)
      003508 DD 77 FD         [19] 8384 	ld	-3 (ix), a
      00350B DD 7E FE         [19] 8385 	ld	a, -2 (ix)
      00350E DD 9E F2         [19] 8386 	sbc	a, -14 (ix)
      003511 DD 77 FE         [19] 8387 	ld	-2 (ix), a
      003514 DD 7E FF         [19] 8388 	ld	a, -1 (ix)
      003517 DD 9E F3         [19] 8389 	sbc	a, -13 (ix)
      00351A DD 77 FF         [19] 8390 	ld	-1 (ix), a
      00351D C3r86r34         [10] 8391 	jp	00163$
      003520                       8392 00143$:
                                   8393 ;ff.c:3961: fp->clust = clst;
      003520 DD 7E FA         [19] 8394 	ld	a, -6 (ix)
      003523 C6 14            [ 7] 8395 	add	a, #0x14
      003525 5F               [ 4] 8396 	ld	e, a
      003526 DD 7E FB         [19] 8397 	ld	a, -5 (ix)
      003529 CE 00            [ 7] 8398 	adc	a, #0x00
      00352B 57               [ 4] 8399 	ld	d, a
      00352C 21 33 00         [10] 8400 	ld	hl, #51
      00352F 39               [11] 8401 	add	hl, sp
      003530 01 04 00         [10] 8402 	ld	bc, #0x0004
      003533 ED B0            [21] 8403 	ldir
                                   8404 ;ff.c:3962: if (res == FR_OK && ofs % SS(fs)) {	/* Fill sector buffer if not on the sector boundary */
      003535 DD 7E EB         [19] 8405 	ld	a, -21 (ix)
      003538 B7               [ 4] 8406 	or	a, a
      003539 C2r02r36         [10] 8407 	jp	NZ, 00158$
      00353C DD 7E FC         [19] 8408 	ld	a, -4 (ix)
      00353F B7               [ 4] 8409 	or	a, a
      003540 20 07            [12] 8410 	jr	NZ, 00343$
      003542 DD CB FD 46      [20] 8411 	bit	0, -3 (ix)
      003546 CAr02r36         [10] 8412 	jp	Z,00158$
      003549                       8413 00343$:
                                   8414 ;ff.c:3963: LBA_t sec = clst2sect(fs, clst);
      003549 DD 6E F6         [19] 8415 	ld	l, -10 (ix)
                                   8416 ;	spillPairReg hl
                                   8417 ;	spillPairReg hl
      00354C DD 66 F7         [19] 8418 	ld	h, -9 (ix)
                                   8419 ;	spillPairReg hl
                                   8420 ;	spillPairReg hl
      00354F E5               [11] 8421 	push	hl
      003550 DD 6E F4         [19] 8422 	ld	l, -12 (ix)
                                   8423 ;	spillPairReg hl
                                   8424 ;	spillPairReg hl
      003553 DD 66 F5         [19] 8425 	ld	h, -11 (ix)
                                   8426 ;	spillPairReg hl
                                   8427 ;	spillPairReg hl
      003556 E5               [11] 8428 	push	hl
      003557 DD 6E E9         [19] 8429 	ld	l, -23 (ix)
                                   8430 ;	spillPairReg hl
                                   8431 ;	spillPairReg hl
      00355A DD 66 EA         [19] 8432 	ld	h, -22 (ix)
                                   8433 ;	spillPairReg hl
                                   8434 ;	spillPairReg hl
      00355D CDr02r05         [17] 8435 	call	_clst2sect
      003560 F1               [10] 8436 	pop	af
      003561 F1               [10] 8437 	pop	af
      003562 DD 73 F0         [19] 8438 	ld	-16 (ix), e
      003565 DD 72 F1         [19] 8439 	ld	-15 (ix), d
      003568 DD 75 F2         [19] 8440 	ld	-14 (ix), l
      00356B DD 74 F3         [19] 8441 	ld	-13 (ix), h
      00356E 21 33 00         [10] 8442 	ld	hl, #51
      003571 39               [11] 8443 	add	hl, sp
      003572 EB               [ 4] 8444 	ex	de, hl
      003573 21 2F 00         [10] 8445 	ld	hl, #47
      003576 39               [11] 8446 	add	hl, sp
      003577 01 04 00         [10] 8447 	ld	bc, #4
      00357A ED B0            [21] 8448 	ldir
                                   8449 ;ff.c:3965: if (sec == 0) {
      00357C DD 7E F3         [19] 8450 	ld	a, -13 (ix)
      00357F DD B6 F2         [19] 8451 	or	a, -14 (ix)
      003582 DD B6 F1         [19] 8452 	or	a, -15 (ix)
      003585 DD B6 F0         [19] 8453 	or	a, -16 (ix)
      003588 20 06            [12] 8454 	jr	NZ, 00147$
                                   8455 ;ff.c:3966: res = FR_INT_ERR;
      00358A DD 36 EB 02      [19] 8456 	ld	-21 (ix), #0x02
      00358E 18 72            [12] 8457 	jr	00158$
      003590                       8458 00147$:
                                   8459 ;ff.c:3968: fp->sect = sec + (DWORD)(ofs / SS(fs));
      003590 06 09            [ 7] 8460 	ld	b, #0x09
      003592                       8461 00344$:
      003592 DD CB FF 3E      [23] 8462 	srl	-1 (ix)
      003596 DD CB FE 1E      [23] 8463 	rr	-2 (ix)
      00359A DD CB FD 1E      [23] 8464 	rr	-3 (ix)
      00359E DD CB FC 1E      [23] 8465 	rr	-4 (ix)
      0035A2 10 EE            [13] 8466 	djnz	00344$
      0035A4 DD 7E FC         [19] 8467 	ld	a, -4 (ix)
      0035A7 DD 86 F4         [19] 8468 	add	a, -12 (ix)
      0035AA DD 77 F0         [19] 8469 	ld	-16 (ix), a
      0035AD DD 7E FD         [19] 8470 	ld	a, -3 (ix)
      0035B0 DD 8E F5         [19] 8471 	adc	a, -11 (ix)
      0035B3 DD 77 F1         [19] 8472 	ld	-15 (ix), a
      0035B6 DD 7E FE         [19] 8473 	ld	a, -2 (ix)
      0035B9 DD 8E F6         [19] 8474 	adc	a, -10 (ix)
      0035BC DD 77 F2         [19] 8475 	ld	-14 (ix), a
      0035BF DD 7E FF         [19] 8476 	ld	a, -1 (ix)
      0035C2 DD 8E F7         [19] 8477 	adc	a, -9 (ix)
      0035C5 DD 77 F3         [19] 8478 	ld	-13 (ix), a
      0035C8 DD 5E EC         [19] 8479 	ld	e, -20 (ix)
      0035CB DD 56 ED         [19] 8480 	ld	d, -19 (ix)
      0035CE 21 2F 00         [10] 8481 	ld	hl, #47
      0035D1 39               [11] 8482 	add	hl, sp
      0035D2 01 04 00         [10] 8483 	ld	bc, #0x0004
      0035D5 ED B0            [21] 8484 	ldir
                                   8485 ;ff.c:3970: if (disk_read(fs->pdrv, fp->buf, fp->sect, 1) != RES_OK) res = FR_DISK_ERR;
      0035D7 DD 6E E9         [19] 8486 	ld	l, -23 (ix)
                                   8487 ;	spillPairReg hl
                                   8488 ;	spillPairReg hl
      0035DA DD 66 EA         [19] 8489 	ld	h, -22 (ix)
                                   8490 ;	spillPairReg hl
                                   8491 ;	spillPairReg hl
      0035DD 23               [ 6] 8492 	inc	hl
      0035DE 4E               [ 7] 8493 	ld	c, (hl)
      0035DF 21 01 00         [10] 8494 	ld	hl, #0x0001
      0035E2 E5               [11] 8495 	push	hl
      0035E3 DD 6E F2         [19] 8496 	ld	l, -14 (ix)
                                   8497 ;	spillPairReg hl
                                   8498 ;	spillPairReg hl
      0035E6 DD 66 F3         [19] 8499 	ld	h, -13 (ix)
                                   8500 ;	spillPairReg hl
                                   8501 ;	spillPairReg hl
      0035E9 E5               [11] 8502 	push	hl
      0035EA DD 6E F0         [19] 8503 	ld	l, -16 (ix)
                                   8504 ;	spillPairReg hl
                                   8505 ;	spillPairReg hl
      0035ED DD 66 F1         [19] 8506 	ld	h, -15 (ix)
                                   8507 ;	spillPairReg hl
                                   8508 ;	spillPairReg hl
      0035F0 E5               [11] 8509 	push	hl
      0035F1 DD 5E EE         [19] 8510 	ld	e, -18 (ix)
      0035F4 DD 56 EF         [19] 8511 	ld	d, -17 (ix)
      0035F7 79               [ 4] 8512 	ld	a, c
      0035F8 CDr00r00         [17] 8513 	call	_disk_read
      0035FB B7               [ 4] 8514 	or	a, a
      0035FC 28 04            [12] 8515 	jr	Z, 00158$
      0035FE DD 36 EB 01      [19] 8516 	ld	-21 (ix), #0x01
      003602                       8517 00158$:
                                   8518 ;ff.c:3984: if (res != FR_OK) fp->obj.fs = 0;	/* Invalidate file object on error */
      003602 DD 7E EB         [19] 8519 	ld	a, -21 (ix)
      003605 B7               [ 4] 8520 	or	a, a
      003606 28 0A            [12] 8521 	jr	Z, 00160$
      003608 DD 6E FA         [19] 8522 	ld	l, -6 (ix)
      00360B DD 66 FB         [19] 8523 	ld	h, -5 (ix)
      00360E AF               [ 4] 8524 	xor	a, a
      00360F 77               [ 7] 8525 	ld	(hl), a
      003610 23               [ 6] 8526 	inc	hl
      003611 77               [ 7] 8527 	ld	(hl), a
      003612                       8528 00160$:
                                   8529 ;ff.c:3986: LEAVE_FF(fs, res);
      003612 DD 7E EB         [19] 8530 	ld	a, -21 (ix)
      003615                       8531 00165$:
                                   8532 ;ff.c:3987: }
      003615 DD F9            [10] 8533 	ld	sp, ix
      003617 DD E1            [14] 8534 	pop	ix
      003619 E1               [10] 8535 	pop	hl
      00361A 33               [ 6] 8536 	inc	sp
      00361B E9               [ 4] 8537 	jp	(hl)
                                   8538 ;ff.c:3996: FRESULT f_read (
                                   8539 ;	---------------------------------
                                   8540 ; Function f_read
                                   8541 ; ---------------------------------
      00361C                       8542 _f_read::
      00361C DD E5            [15] 8543 	push	ix
      00361E DD 21 00 00      [14] 8544 	ld	ix,#0
      003622 DD 39            [15] 8545 	add	ix,sp
      003624 FD 21 CE FF      [14] 8546 	ld	iy, #-50
      003628 FD 39            [15] 8547 	add	iy, sp
      00362A FD F9            [10] 8548 	ld	sp, iy
      00362C DD 75 FC         [19] 8549 	ld	-4 (ix), l
      00362F DD 74 FD         [19] 8550 	ld	-3 (ix), h
                                   8551 ;ff.c:4008: BYTE *rbuff = (BYTE*)buff;
      003632 DD 73 FE         [19] 8552 	ld	-2 (ix), e
      003635 DD 72 FF         [19] 8553 	ld	-1 (ix), d
                                   8554 ;ff.c:4011: *br = 0;	/* Clear read byte counter */
      003638 DD 7E 06         [19] 8555 	ld	a, 6 (ix)
      00363B DD 77 D4         [19] 8556 	ld	-44 (ix), a
      00363E DD 7E 07         [19] 8557 	ld	a, 7 (ix)
      003641 DD 77 D5         [19] 8558 	ld	-43 (ix), a
      003644 DD 6E D4         [19] 8559 	ld	l, -44 (ix)
      003647 DD 66 D5         [19] 8560 	ld	h, -43 (ix)
      00364A AF               [ 4] 8561 	xor	a, a
      00364B 77               [ 7] 8562 	ld	(hl), a
      00364C 23               [ 6] 8563 	inc	hl
      00364D 77               [ 7] 8564 	ld	(hl), a
                                   8565 ;ff.c:4012: res = validate(&fp->obj, &fs);				/* Check validity of the file object */
      00364E 21 04 00         [10] 8566 	ld	hl, #4
      003651 39               [11] 8567 	add	hl, sp
      003652 EB               [ 4] 8568 	ex	de, hl
      003653 DD 6E FC         [19] 8569 	ld	l, -4 (ix)
                                   8570 ;	spillPairReg hl
                                   8571 ;	spillPairReg hl
      003656 DD 66 FD         [19] 8572 	ld	h, -3 (ix)
                                   8573 ;	spillPairReg hl
                                   8574 ;	spillPairReg hl
      003659 CDr97r2E         [17] 8575 	call	_validate
      00365C 4F               [ 4] 8576 	ld	c, a
      00365D DD 71 FB         [19] 8577 	ld	-5 (ix), c
                                   8578 ;ff.c:4013: if (res != FR_OK || (res = (FRESULT)fp->err) != FR_OK) LEAVE_FF(fs, res);	/* Check validity */
      003660 79               [ 4] 8579 	ld	a, c
      003661 B7               [ 4] 8580 	or	a, a
      003662 20 1D            [12] 8581 	jr	NZ, 00101$
      003664 DD 7E FC         [19] 8582 	ld	a, -4 (ix)
      003667 C6 0F            [ 7] 8583 	add	a, #0x0f
      003669 DD 77 D6         [19] 8584 	ld	-42 (ix), a
      00366C DD 7E FD         [19] 8585 	ld	a, -3 (ix)
      00366F CE 00            [ 7] 8586 	adc	a, #0x00
      003671 DD 77 D7         [19] 8587 	ld	-41 (ix), a
      003674 DD 6E D6         [19] 8588 	ld	l, -42 (ix)
      003677 DD 66 D7         [19] 8589 	ld	h, -41 (ix)
      00367A 7E               [ 7] 8590 	ld	a, (hl)
      00367B DD 77 FB         [19] 8591 	ld	-5 (ix), a
      00367E B7               [ 4] 8592 	or	a, a
      00367F 28 06            [12] 8593 	jr	Z, 00102$
      003681                       8594 00101$:
      003681 DD 7E FB         [19] 8595 	ld	a, -5 (ix)
      003684 C3r67r3B         [10] 8596 	jp	00144$
      003687                       8597 00102$:
                                   8598 ;ff.c:4014: if (!(fp->flag & FA_READ)) LEAVE_FF(fs, FR_DENIED); /* Check access mode */
      003687 DD 7E FC         [19] 8599 	ld	a, -4 (ix)
      00368A C6 0E            [ 7] 8600 	add	a, #0x0e
      00368C DD 77 D8         [19] 8601 	ld	-40 (ix), a
      00368F DD 7E FD         [19] 8602 	ld	a, -3 (ix)
      003692 CE 00            [ 7] 8603 	adc	a, #0x00
      003694 DD 77 D9         [19] 8604 	ld	-39 (ix), a
      003697 DD 6E D8         [19] 8605 	ld	l, -40 (ix)
      00369A DD 66 D9         [19] 8606 	ld	h, -39 (ix)
      00369D 7E               [ 7] 8607 	ld	a, (hl)
      00369E 0F               [ 4] 8608 	rrca
      00369F 38 05            [12] 8609 	jr	C, 00105$
      0036A1 3E 07            [ 7] 8610 	ld	a, #0x07
      0036A3 C3r67r3B         [10] 8611 	jp	00144$
      0036A6                       8612 00105$:
                                   8613 ;ff.c:4015: remain = fp->obj.objsize - fp->fptr;
      0036A6 DD 5E FC         [19] 8614 	ld	e, -4 (ix)
      0036A9 DD 56 FD         [19] 8615 	ld	d, -3 (ix)
      0036AC 21 2A 00         [10] 8616 	ld	hl, #42
      0036AF 39               [11] 8617 	add	hl, sp
      0036B0 EB               [ 4] 8618 	ex	de, hl
      0036B1 01 0A 00         [10] 8619 	ld	bc, #0x000a
      0036B4 09               [11] 8620 	add	hl, bc
      0036B5 01 04 00         [10] 8621 	ld	bc, #0x0004
      0036B8 ED B0            [21] 8622 	ldir
      0036BA DD 7E FC         [19] 8623 	ld	a, -4 (ix)
      0036BD C6 10            [ 7] 8624 	add	a, #0x10
      0036BF DD 77 DA         [19] 8625 	ld	-38 (ix), a
      0036C2 DD 7E FD         [19] 8626 	ld	a, -3 (ix)
      0036C5 CE 00            [ 7] 8627 	adc	a, #0x00
      0036C7 DD 77 DB         [19] 8628 	ld	-37 (ix), a
      0036CA DD 7E DA         [19] 8629 	ld	a, -38 (ix)
      0036CD DD 77 DC         [19] 8630 	ld	-36 (ix), a
      0036D0 DD 7E DB         [19] 8631 	ld	a, -37 (ix)
      0036D3 DD 77 DD         [19] 8632 	ld	-35 (ix), a
      0036D6 DD 6E DA         [19] 8633 	ld	l, -38 (ix)
      0036D9 DD 66 DB         [19] 8634 	ld	h, -37 (ix)
      0036DC 4E               [ 7] 8635 	ld	c, (hl)
      0036DD 23               [ 6] 8636 	inc	hl
      0036DE 46               [ 7] 8637 	ld	b, (hl)
      0036DF 23               [ 6] 8638 	inc	hl
      0036E0 5E               [ 7] 8639 	ld	e, (hl)
      0036E1 23               [ 6] 8640 	inc	hl
      0036E2 56               [ 7] 8641 	ld	d, (hl)
      0036E3 DD 7E F8         [19] 8642 	ld	a, -8 (ix)
      0036E6 91               [ 4] 8643 	sub	a, c
      0036E7 4F               [ 4] 8644 	ld	c, a
      0036E8 DD 7E F9         [19] 8645 	ld	a, -7 (ix)
      0036EB 98               [ 4] 8646 	sbc	a, b
      0036EC 47               [ 4] 8647 	ld	b, a
      0036ED DD 7E FA         [19] 8648 	ld	a, -6 (ix)
      0036F0 9B               [ 4] 8649 	sbc	a, e
      0036F1 5F               [ 4] 8650 	ld	e, a
      0036F2 DD 7E FB         [19] 8651 	ld	a, -5 (ix)
      0036F5 9A               [ 4] 8652 	sbc	a, d
      0036F6 57               [ 4] 8653 	ld	d, a
                                   8654 ;ff.c:4016: if (btr > remain) btr = (UINT)remain;		/* Truncate btr by remaining bytes */
      0036F7 DD 7E 04         [19] 8655 	ld	a, 4 (ix)
      0036FA DD 77 F8         [19] 8656 	ld	-8 (ix), a
      0036FD DD 7E 05         [19] 8657 	ld	a, 5 (ix)
      003700 DD 77 F9         [19] 8658 	ld	-7 (ix), a
      003703 AF               [ 4] 8659 	xor	a, a
      003704 DD 77 FA         [19] 8660 	ld	-6 (ix), a
      003707 DD 77 FB         [19] 8661 	ld	-5 (ix), a
      00370A 79               [ 4] 8662 	ld	a, c
      00370B DD 96 F8         [19] 8663 	sub	a, -8 (ix)
      00370E 78               [ 4] 8664 	ld	a, b
      00370F DD 9E F9         [19] 8665 	sbc	a, -7 (ix)
      003712 7B               [ 4] 8666 	ld	a, e
      003713 DD 9E FA         [19] 8667 	sbc	a, -6 (ix)
      003716 7A               [ 4] 8668 	ld	a, d
      003717 DD 9E FB         [19] 8669 	sbc	a, -5 (ix)
      00371A 30 06            [12] 8670 	jr	NC, 00168$
      00371C DD 71 04         [19] 8671 	ld	4 (ix), c
      00371F DD 70 05         [19] 8672 	ld	5 (ix), b
      003722                       8673 00168$:
      003722 DD 7E FC         [19] 8674 	ld	a, -4 (ix)
      003725 C6 22            [ 7] 8675 	add	a, #0x22
      003727 DD 77 DE         [19] 8676 	ld	-34 (ix), a
      00372A DD 7E FD         [19] 8677 	ld	a, -3 (ix)
      00372D CE 00            [ 7] 8678 	adc	a, #0x00
      00372F DD 77 DF         [19] 8679 	ld	-33 (ix), a
      003732 DD 7E DE         [19] 8680 	ld	a, -34 (ix)
      003735 DD 77 E0         [19] 8681 	ld	-32 (ix), a
      003738 DD 7E DF         [19] 8682 	ld	a, -33 (ix)
      00373B DD 77 E1         [19] 8683 	ld	-31 (ix), a
      00373E DD 7E FC         [19] 8684 	ld	a, -4 (ix)
      003741 C6 18            [ 7] 8685 	add	a, #0x18
      003743 DD 77 E2         [19] 8686 	ld	-30 (ix), a
      003746 DD 7E FD         [19] 8687 	ld	a, -3 (ix)
      003749 CE 00            [ 7] 8688 	adc	a, #0x00
      00374B DD 77 E3         [19] 8689 	ld	-29 (ix), a
      00374E DD 7E E2         [19] 8690 	ld	a, -30 (ix)
      003751 DD 77 E4         [19] 8691 	ld	-28 (ix), a
      003754 DD 7E E3         [19] 8692 	ld	a, -29 (ix)
      003757 DD 77 E5         [19] 8693 	ld	-27 (ix), a
      00375A DD 7E D8         [19] 8694 	ld	a, -40 (ix)
      00375D DD 77 E6         [19] 8695 	ld	-26 (ix), a
      003760 DD 7E D9         [19] 8696 	ld	a, -39 (ix)
      003763 DD 77 E7         [19] 8697 	ld	-25 (ix), a
      003766 DD 7E FC         [19] 8698 	ld	a, -4 (ix)
      003769 DD 77 E8         [19] 8699 	ld	-24 (ix), a
      00376C DD 7E FD         [19] 8700 	ld	a, -3 (ix)
      00376F DD 77 E9         [19] 8701 	ld	-23 (ix), a
                                   8702 ;ff.c:4033: clst = get_fat(&fp->obj, fp->clust);	/* Follow cluster chain on the FAT */
      003772 DD 7E FC         [19] 8703 	ld	a, -4 (ix)
      003775 C6 14            [ 7] 8704 	add	a, #0x14
      003777 DD 77 EA         [19] 8705 	ld	-22 (ix), a
      00377A DD 7E FD         [19] 8706 	ld	a, -3 (ix)
      00377D CE 00            [ 7] 8707 	adc	a, #0x00
      00377F DD 77 EB         [19] 8708 	ld	-21 (ix), a
                                   8709 ;ff.c:4016: if (btr > remain) btr = (UINT)remain;		/* Truncate btr by remaining bytes */
      003782 DD 7E EA         [19] 8710 	ld	a, -22 (ix)
      003785 DD 77 EC         [19] 8711 	ld	-20 (ix), a
      003788 DD 7E EB         [19] 8712 	ld	a, -21 (ix)
      00378B DD 77 ED         [19] 8713 	ld	-19 (ix), a
      00378E DD 7E DA         [19] 8714 	ld	a, -38 (ix)
      003791 DD 77 EE         [19] 8715 	ld	-18 (ix), a
      003794 DD 7E DB         [19] 8716 	ld	a, -37 (ix)
      003797 DD 77 EF         [19] 8717 	ld	-17 (ix), a
      00379A DD 7E DE         [19] 8718 	ld	a, -34 (ix)
      00379D DD 77 F0         [19] 8719 	ld	-16 (ix), a
      0037A0 DD 7E DF         [19] 8720 	ld	a, -33 (ix)
      0037A3 DD 77 F1         [19] 8721 	ld	-15 (ix), a
      0037A6                       8722 00143$:
                                   8723 ;ff.c:4018: for ( ; btr > 0; btr -= rcnt, *br += rcnt, rbuff += rcnt, fp->fptr += rcnt) {	/* Repeat until btr bytes read */
      0037A6 DD 7E 05         [19] 8724 	ld	a, 5 (ix)
      0037A9 DD B6 04         [19] 8725 	or	a, 4 (ix)
      0037AC CAr66r3B         [10] 8726 	jp	Z, 00141$
                                   8727 ;ff.c:4019: if (fp->fptr % SS(fs) == 0) {			/* On the sector boundary? */
      0037AF DD 5E DC         [19] 8728 	ld	e, -36 (ix)
      0037B2 DD 56 DD         [19] 8729 	ld	d, -35 (ix)
      0037B5 21 2A 00         [10] 8730 	ld	hl, #42
      0037B8 39               [11] 8731 	add	hl, sp
      0037B9 EB               [ 4] 8732 	ex	de, hl
      0037BA 01 04 00         [10] 8733 	ld	bc, #0x0004
      0037BD ED B0            [21] 8734 	ldir
      0037BF DD 7E F8         [19] 8735 	ld	a, -8 (ix)
      0037C2 B7               [ 4] 8736 	or	a, a
      0037C3 C2r9Fr3A         [10] 8737 	jp	NZ,00137$
      0037C6 DD CB F9 46      [20] 8738 	bit	0, -7 (ix)
      0037CA C2r9Fr3A         [10] 8739 	jp	NZ,00137$
                                   8740 ;ff.c:4020: csect = (UINT)(fp->fptr / SS(fs) & (fs->csize - 1));	/* Sector offset in the cluster */
      0037CD DD 4E F9         [19] 8741 	ld	c, -7 (ix)
      0037D0 DD 46 FA         [19] 8742 	ld	b, -6 (ix)
      0037D3 DD 5E FB         [19] 8743 	ld	e, -5 (ix)
      0037D6 CB 3B            [ 8] 8744 	srl	e
      0037D8 CB 18            [ 8] 8745 	rr	b
      0037DA CB 19            [ 8] 8746 	rr	c
      0037DC DD 6E D2         [19] 8747 	ld	l, -46 (ix)
                                   8748 ;	spillPairReg hl
                                   8749 ;	spillPairReg hl
      0037DF DD 66 D3         [19] 8750 	ld	h, -45 (ix)
                                   8751 ;	spillPairReg hl
                                   8752 ;	spillPairReg hl
      0037E2 C5               [11] 8753 	push	bc
      0037E3 01 0B 00         [10] 8754 	ld	bc, #0x000b
      0037E6 09               [11] 8755 	add	hl, bc
      0037E7 C1               [10] 8756 	pop	bc
      0037E8 7E               [ 7] 8757 	ld	a, (hl)
      0037E9 2B               [ 6] 8758 	dec	hl
      0037EA 6E               [ 7] 8759 	ld	l, (hl)
                                   8760 ;	spillPairReg hl
      0037EB 67               [ 4] 8761 	ld	h, a
      0037EC 2B               [ 6] 8762 	dec	hl
      0037ED 79               [ 4] 8763 	ld	a, c
      0037EE A5               [ 4] 8764 	and	a, l
      0037EF 4F               [ 4] 8765 	ld	c, a
      0037F0 78               [ 4] 8766 	ld	a, b
      0037F1 A4               [ 4] 8767 	and	a, h
      0037F2 DD 71 F2         [19] 8768 	ld	-14 (ix), c
                                   8769 ;ff.c:4021: if (csect == 0) {					/* On the cluster boundary? */
      0037F5 DD 77 F3         [19] 8770 	ld	-13 (ix), a
      0037F8 DD B6 F2         [19] 8771 	or	a, -14 (ix)
      0037FB C2rA3r38         [10] 8772 	jp	NZ, 00116$
                                   8773 ;ff.c:4024: if (fp->fptr == 0) {			/* On the top of the file? */
      0037FE DD 7E FB         [19] 8774 	ld	a, -5 (ix)
      003801 DD B6 FA         [19] 8775 	or	a, -6 (ix)
      003804 DD B6 F9         [19] 8776 	or	a, -7 (ix)
      003807 DD B6 F8         [19] 8777 	or	a, -8 (ix)
      00380A 20 16            [12] 8778 	jr	NZ, 00109$
                                   8779 ;ff.c:4025: clst = fp->obj.sclust;		/* Follow cluster chain from the origin */
      00380C DD 5E E8         [19] 8780 	ld	e, -24 (ix)
      00380F DD 56 E9         [19] 8781 	ld	d, -23 (ix)
      003812 21 2A 00         [10] 8782 	ld	hl, #42
      003815 39               [11] 8783 	add	hl, sp
      003816 EB               [ 4] 8784 	ex	de, hl
      003817 01 06 00         [10] 8785 	ld	bc, #0x0006
      00381A 09               [11] 8786 	add	hl, bc
      00381B 01 04 00         [10] 8787 	ld	bc, #0x0004
      00381E ED B0            [21] 8788 	ldir
      003820 18 35            [12] 8789 	jr	00110$
      003822                       8790 00109$:
                                   8791 ;ff.c:4033: clst = get_fat(&fp->obj, fp->clust);	/* Follow cluster chain on the FAT */
      003822 DD 5E EA         [19] 8792 	ld	e, -22 (ix)
      003825 DD 56 EB         [19] 8793 	ld	d, -21 (ix)
      003828 21 2A 00         [10] 8794 	ld	hl, #42
      00382B 39               [11] 8795 	add	hl, sp
      00382C EB               [ 4] 8796 	ex	de, hl
      00382D 01 04 00         [10] 8797 	ld	bc, #0x0004
      003830 ED B0            [21] 8798 	ldir
      003832 DD 6E FA         [19] 8799 	ld	l, -6 (ix)
                                   8800 ;	spillPairReg hl
                                   8801 ;	spillPairReg hl
      003835 DD 66 FB         [19] 8802 	ld	h, -5 (ix)
                                   8803 ;	spillPairReg hl
                                   8804 ;	spillPairReg hl
      003838 E5               [11] 8805 	push	hl
      003839 DD 6E F8         [19] 8806 	ld	l, -8 (ix)
                                   8807 ;	spillPairReg hl
                                   8808 ;	spillPairReg hl
      00383C DD 66 F9         [19] 8809 	ld	h, -7 (ix)
                                   8810 ;	spillPairReg hl
                                   8811 ;	spillPairReg hl
      00383F E5               [11] 8812 	push	hl
      003840 DD 6E FC         [19] 8813 	ld	l, -4 (ix)
                                   8814 ;	spillPairReg hl
                                   8815 ;	spillPairReg hl
      003843 DD 66 FD         [19] 8816 	ld	h, -3 (ix)
                                   8817 ;	spillPairReg hl
                                   8818 ;	spillPairReg hl
      003846 CDrAEr05         [17] 8819 	call	_get_fat
      003849 F1               [10] 8820 	pop	af
      00384A F1               [10] 8821 	pop	af
      00384B DD 73 F8         [19] 8822 	ld	-8 (ix), e
      00384E DD 72 F9         [19] 8823 	ld	-7 (ix), d
      003851 DD 75 FA         [19] 8824 	ld	-6 (ix), l
      003854 DD 74 FB         [19] 8825 	ld	-5 (ix), h
      003857                       8826 00110$:
                                   8827 ;ff.c:4036: if (clst < 2) ABORT(fs, FR_INT_ERR);
      003857 DD 7E F8         [19] 8828 	ld	a, -8 (ix)
      00385A D6 02            [ 7] 8829 	sub	a, #0x02
      00385C DD 7E F9         [19] 8830 	ld	a, -7 (ix)
      00385F DE 00            [ 7] 8831 	sbc	a, #0x00
      003861 DD 7E FA         [19] 8832 	ld	a, -6 (ix)
      003864 DE 00            [ 7] 8833 	sbc	a, #0x00
      003866 DD 7E FB         [19] 8834 	ld	a, -5 (ix)
      003869 DE 00            [ 7] 8835 	sbc	a, #0x00
      00386B 30 0C            [12] 8836 	jr	NC, 00112$
      00386D DD 6E D6         [19] 8837 	ld	l, -42 (ix)
      003870 DD 66 D7         [19] 8838 	ld	h, -41 (ix)
      003873 3E 02            [ 7] 8839 	ld	a,#0x02
      003875 77               [ 7] 8840 	ld	(hl),a
      003876 C3r67r3B         [10] 8841 	jp	00144$
      003879                       8842 00112$:
                                   8843 ;ff.c:4037: if (clst == 0xFFFFFFFF) ABORT(fs, FR_DISK_ERR);
      003879 DD 7E F8         [19] 8844 	ld	a, -8 (ix)
      00387C DD A6 F9         [19] 8845 	and	a, -7 (ix)
      00387F DD A6 FA         [19] 8846 	and	a, -6 (ix)
      003882 DD A6 FB         [19] 8847 	and	a, -5 (ix)
      003885 3C               [ 4] 8848 	inc	a
      003886 20 0C            [12] 8849 	jr	NZ, 00114$
      003888 DD 6E D6         [19] 8850 	ld	l, -42 (ix)
      00388B DD 66 D7         [19] 8851 	ld	h, -41 (ix)
      00388E 3E 01            [ 7] 8852 	ld	a,#0x01
      003890 77               [ 7] 8853 	ld	(hl),a
      003891 C3r67r3B         [10] 8854 	jp	00144$
      003894                       8855 00114$:
                                   8856 ;ff.c:4038: fp->clust = clst;				/* Update current cluster */
      003894 DD 5E EA         [19] 8857 	ld	e, -22 (ix)
      003897 DD 56 EB         [19] 8858 	ld	d, -21 (ix)
      00389A 21 2A 00         [10] 8859 	ld	hl, #42
      00389D 39               [11] 8860 	add	hl, sp
      00389E 01 04 00         [10] 8861 	ld	bc, #0x0004
      0038A1 ED B0            [21] 8862 	ldir
      0038A3                       8863 00116$:
                                   8864 ;ff.c:4040: sect = clst2sect(fs, fp->clust);	/* Get current sector */
      0038A3 DD 6E EC         [19] 8865 	ld	l, -20 (ix)
      0038A6 DD 66 ED         [19] 8866 	ld	h, -19 (ix)
      0038A9 4E               [ 7] 8867 	ld	c, (hl)
      0038AA 23               [ 6] 8868 	inc	hl
      0038AB 46               [ 7] 8869 	ld	b, (hl)
      0038AC 23               [ 6] 8870 	inc	hl
      0038AD 5E               [ 7] 8871 	ld	e, (hl)
      0038AE 23               [ 6] 8872 	inc	hl
      0038AF 56               [ 7] 8873 	ld	d, (hl)
      0038B0 D5               [11] 8874 	push	de
      0038B1 C5               [11] 8875 	push	bc
      0038B2 DD 6E D2         [19] 8876 	ld	l, -46 (ix)
                                   8877 ;	spillPairReg hl
                                   8878 ;	spillPairReg hl
      0038B5 DD 66 D3         [19] 8879 	ld	h, -45 (ix)
                                   8880 ;	spillPairReg hl
                                   8881 ;	spillPairReg hl
      0038B8 CDr02r05         [17] 8882 	call	_clst2sect
      0038BB F1               [10] 8883 	pop	af
      0038BC F1               [10] 8884 	pop	af
                                   8885 ;ff.c:4041: if (sect == 0) ABORT(fs, FR_INT_ERR);
      0038BD 7C               [ 4] 8886 	ld	a, h
      0038BE B5               [ 4] 8887 	or	a, l
      0038BF B2               [ 4] 8888 	or	a, d
      0038C0 B3               [ 4] 8889 	or	a, e
      0038C1 20 0C            [12] 8890 	jr	NZ, 00118$
      0038C3 DD 6E D6         [19] 8891 	ld	l, -42 (ix)
      0038C6 DD 66 D7         [19] 8892 	ld	h, -41 (ix)
      0038C9 3E 02            [ 7] 8893 	ld	a,#0x02
      0038CB 77               [ 7] 8894 	ld	(hl),a
      0038CC C3r67r3B         [10] 8895 	jp	00144$
      0038CF                       8896 00118$:
                                   8897 ;ff.c:4042: sect += csect;
      0038CF DD 7E F2         [19] 8898 	ld	a, -14 (ix)
      0038D2 FD E5            [15] 8899 	push	iy
      0038D4 E3               [19] 8900 	ex	(sp), hl
      0038D5 DD 66 F3         [19] 8901 	ld	h, -13 (ix)
                                   8902 ;	spillPairReg hl
                                   8903 ;	spillPairReg hl
      0038D8 E3               [19] 8904 	ex	(sp), hl
      0038D9 FD E1            [14] 8905 	pop	iy
      0038DB 01 00 00         [10] 8906 	ld	bc, #0x0000
      0038DE 83               [ 4] 8907 	add	a, e
      0038DF 5F               [ 4] 8908 	ld	e, a
      0038E0 FD E5            [15] 8909 	push	iy
      0038E2 DD 7E CD         [19] 8910 	ld	a, -51 (ix)
      0038E5 FD E1            [14] 8911 	pop	iy
      0038E7 8A               [ 4] 8912 	adc	a, d
      0038E8 57               [ 4] 8913 	ld	d, a
      0038E9 79               [ 4] 8914 	ld	a, c
      0038EA 8D               [ 4] 8915 	adc	a, l
      0038EB 4F               [ 4] 8916 	ld	c, a
      0038EC 78               [ 4] 8917 	ld	a, b
      0038ED 8C               [ 4] 8918 	adc	a, h
      0038EE 47               [ 4] 8919 	ld	b, a
      0038EF DD 73 F4         [19] 8920 	ld	-12 (ix), e
      0038F2 DD 72 F5         [19] 8921 	ld	-11 (ix), d
      0038F5 DD 71 F6         [19] 8922 	ld	-10 (ix), c
      0038F8 DD 70 F7         [19] 8923 	ld	-9 (ix), b
                                   8924 ;ff.c:4043: cc = btr / SS(fs);					/* When remaining bytes >= sector size, */
      0038FB DD 7E 05         [19] 8925 	ld	a, 5 (ix)
      0038FE CB 3F            [ 8] 8926 	srl	a
      003900 4F               [ 4] 8927 	ld	c, a
      003901 06 00            [ 7] 8928 	ld	b, #0x00
                                   8929 ;ff.c:4020: csect = (UINT)(fp->fptr / SS(fs) & (fs->csize - 1));	/* Sector offset in the cluster */
      003903 DD 5E D2         [19] 8930 	ld	e, -46 (ix)
      003906 DD 56 D3         [19] 8931 	ld	d, -45 (ix)
                                   8932 ;ff.c:4048: if (disk_read(fs->pdrv, rbuff, sect, cc) != RES_OK) ABORT(fs, FR_DISK_ERR);
      003909 6B               [ 4] 8933 	ld	l, e
      00390A 62               [ 4] 8934 	ld	h, d
      00390B 23               [ 6] 8935 	inc	hl
      00390C DD 75 F8         [19] 8936 	ld	-8 (ix), l
      00390F DD 74 F9         [19] 8937 	ld	-7 (ix), h
                                   8938 ;ff.c:4044: if (cc > 0) {						/* Read maximum contiguous sectors directly */
      003912 78               [ 4] 8939 	ld	a, b
      003913 B1               [ 4] 8940 	or	a, c
      003914 CArF7r39         [10] 8941 	jp	Z, 00127$
                                   8942 ;ff.c:4045: if (csect + cc > fs->csize) {	/* Clip at cluster boundary */
      003917 DD 7E F2         [19] 8943 	ld	a, -14 (ix)
      00391A 81               [ 4] 8944 	add	a, c
      00391B DD 77 FA         [19] 8945 	ld	-6 (ix), a
      00391E DD 7E F3         [19] 8946 	ld	a, -13 (ix)
      003921 88               [ 4] 8947 	adc	a, b
      003922 DD 77 FB         [19] 8948 	ld	-5 (ix), a
      003925 21 0A 00         [10] 8949 	ld	hl, #10
      003928 19               [11] 8950 	add	hl, de
      003929 5E               [ 7] 8951 	ld	e, (hl)
      00392A 23               [ 6] 8952 	inc	hl
      00392B 56               [ 7] 8953 	ld	d, (hl)
      00392C DD 6E FA         [19] 8954 	ld	l, -6 (ix)
                                   8955 ;	spillPairReg hl
                                   8956 ;	spillPairReg hl
      00392F DD 66 FB         [19] 8957 	ld	h, -5 (ix)
                                   8958 ;	spillPairReg hl
                                   8959 ;	spillPairReg hl
      003932 7B               [ 4] 8960 	ld	a, e
      003933 95               [ 4] 8961 	sub	a, l
      003934 7A               [ 4] 8962 	ld	a, d
      003935 9C               [ 4] 8963 	sbc	a, h
      003936 30 0A            [12] 8964 	jr	NC, 00120$
                                   8965 ;ff.c:4046: cc = fs->csize - csect;
      003938 7B               [ 4] 8966 	ld	a, e
      003939 DD 96 F2         [19] 8967 	sub	a, -14 (ix)
      00393C 4F               [ 4] 8968 	ld	c, a
      00393D 7A               [ 4] 8969 	ld	a, d
      00393E DD 9E F3         [19] 8970 	sbc	a, -13 (ix)
      003941 47               [ 4] 8971 	ld	b, a
      003942                       8972 00120$:
                                   8973 ;ff.c:4048: if (disk_read(fs->pdrv, rbuff, sect, cc) != RES_OK) ABORT(fs, FR_DISK_ERR);
      003942 DD 6E F8         [19] 8974 	ld	l, -8 (ix)
      003945 DD 66 F9         [19] 8975 	ld	h, -7 (ix)
      003948 6E               [ 7] 8976 	ld	l, (hl)
                                   8977 ;	spillPairReg hl
      003949 C5               [11] 8978 	push	bc
      00394A C5               [11] 8979 	push	bc
      00394B DD 5E F6         [19] 8980 	ld	e, -10 (ix)
      00394E DD 56 F7         [19] 8981 	ld	d, -9 (ix)
      003951 D5               [11] 8982 	push	de
      003952 DD 5E F4         [19] 8983 	ld	e, -12 (ix)
      003955 DD 56 F5         [19] 8984 	ld	d, -11 (ix)
      003958 D5               [11] 8985 	push	de
      003959 DD 5E FE         [19] 8986 	ld	e, -2 (ix)
      00395C DD 56 FF         [19] 8987 	ld	d, -1 (ix)
      00395F 7D               [ 4] 8988 	ld	a, l
      003960 CDr00r00         [17] 8989 	call	_disk_read
      003963 C1               [10] 8990 	pop	bc
      003964 B7               [ 4] 8991 	or	a, a
      003965 28 0C            [12] 8992 	jr	Z, 00122$
      003967 DD 6E D6         [19] 8993 	ld	l, -42 (ix)
      00396A DD 66 D7         [19] 8994 	ld	h, -41 (ix)
      00396D 3E 01            [ 7] 8995 	ld	a,#0x01
      00396F 77               [ 7] 8996 	ld	(hl),a
      003970 C3r67r3B         [10] 8997 	jp	00144$
      003973                       8998 00122$:
                                   8999 ;ff.c:4055: if ((fp->flag & FA_DIRTY) && fp->sect - sect < cc) {
      003973 DD 6E E6         [19] 9000 	ld	l, -26 (ix)
      003976 DD 66 E7         [19] 9001 	ld	h, -25 (ix)
      003979 7E               [ 7] 9002 	ld	a, (hl)
      00397A 07               [ 4] 9003 	rlca
      00397B 30 72            [12] 9004 	jr	NC, 00124$
      00397D C5               [11] 9005 	push	bc
      00397E DD 5E E4         [19] 9006 	ld	e, -28 (ix)
      003981 DD 56 E5         [19] 9007 	ld	d, -27 (ix)
      003984 21 02 00         [10] 9008 	ld	hl, #2
      003987 39               [11] 9009 	add	hl, sp
      003988 EB               [ 4] 9010 	ex	de, hl
      003989 01 04 00         [10] 9011 	ld	bc, #0x0004
      00398C ED B0            [21] 9012 	ldir
      00398E C1               [10] 9013 	pop	bc
      00398F DD 7E CE         [19] 9014 	ld	a, -50 (ix)
      003992 DD 96 F4         [19] 9015 	sub	a, -12 (ix)
      003995 DD 77 F8         [19] 9016 	ld	-8 (ix), a
      003998 DD 7E CF         [19] 9017 	ld	a, -49 (ix)
      00399B DD 9E F5         [19] 9018 	sbc	a, -11 (ix)
      00399E DD 77 F9         [19] 9019 	ld	-7 (ix), a
      0039A1 DD 7E D0         [19] 9020 	ld	a, -48 (ix)
      0039A4 DD 9E F6         [19] 9021 	sbc	a, -10 (ix)
      0039A7 DD 77 FA         [19] 9022 	ld	-6 (ix), a
      0039AA DD 7E D1         [19] 9023 	ld	a, -47 (ix)
      0039AD DD 9E F7         [19] 9024 	sbc	a, -9 (ix)
      0039B0 DD 77 FB         [19] 9025 	ld	-5 (ix), a
      0039B3 59               [ 4] 9026 	ld	e, c
      0039B4 50               [ 4] 9027 	ld	d, b
      0039B5 21 00 00         [10] 9028 	ld	hl, #0x0000
      0039B8 DD 7E F8         [19] 9029 	ld	a, -8 (ix)
      0039BB 93               [ 4] 9030 	sub	a, e
      0039BC DD 7E F9         [19] 9031 	ld	a, -7 (ix)
      0039BF 9A               [ 4] 9032 	sbc	a, d
      0039C0 DD 7E FA         [19] 9033 	ld	a, -6 (ix)
      0039C3 9D               [ 4] 9034 	sbc	a, l
      0039C4 DD 7E FB         [19] 9035 	ld	a, -5 (ix)
      0039C7 9C               [ 4] 9036 	sbc	a, h
      0039C8 30 25            [12] 9037 	jr	NC, 00124$
                                   9038 ;ff.c:4056: memcpy(rbuff + ((fp->sect - sect) * SS(fs)), fp->buf, SS(fs));
      0039CA E1               [10] 9039 	pop	hl
      0039CB E5               [11] 9040 	push	hl
      0039CC DD 5E F4         [19] 9041 	ld	e, -12 (ix)
      0039CF DD 56 F5         [19] 9042 	ld	d, -11 (ix)
      0039D2 BF               [ 4] 9043 	cp	a, a
      0039D3 ED 52            [15] 9044 	sbc	hl, de
      0039D5 7D               [ 4] 9045 	ld	a, l
      0039D6 87               [ 4] 9046 	add	a, a
      0039D7 57               [ 4] 9047 	ld	d, a
      0039D8 1E 00            [ 7] 9048 	ld	e, #0x00
      0039DA DD 6E FE         [19] 9049 	ld	l, -2 (ix)
      0039DD DD 66 FF         [19] 9050 	ld	h, -1 (ix)
      0039E0 19               [11] 9051 	add	hl, de
      0039E1 EB               [ 4] 9052 	ex	de, hl
      0039E2 DD 6E E0         [19] 9053 	ld	l, -32 (ix)
                                   9054 ;	spillPairReg hl
                                   9055 ;	spillPairReg hl
      0039E5 DD 66 E1         [19] 9056 	ld	h, -31 (ix)
                                   9057 ;	spillPairReg hl
                                   9058 ;	spillPairReg hl
      0039E8 C5               [11] 9059 	push	bc
      0039E9 01 00 02         [10] 9060 	ld	bc, #0x0200
      0039EC ED B0            [21] 9061 	ldir
      0039EE C1               [10] 9062 	pop	bc
      0039EF                       9063 00124$:
                                   9064 ;ff.c:4060: rcnt = SS(fs) * cc;				/* Number of bytes transferred */
      0039EF 79               [ 4] 9065 	ld	a, c
      0039F0 87               [ 4] 9066 	add	a, a
      0039F1 47               [ 4] 9067 	ld	b, a
      0039F2 0E 00            [ 7] 9068 	ld	c, #0x00
                                   9069 ;ff.c:4061: continue;
      0039F4 C3rFCr3A         [10] 9070 	jp	00140$
      0039F7                       9071 00127$:
                                   9072 ;ff.c:4064: if (fp->sect != sect) {			/* Load data sector if not in cache */
      0039F7 DD 6E E2         [19] 9073 	ld	l, -30 (ix)
      0039FA DD 66 E3         [19] 9074 	ld	h, -29 (ix)
      0039FD 4E               [ 7] 9075 	ld	c, (hl)
      0039FE 23               [ 6] 9076 	inc	hl
      0039FF 46               [ 7] 9077 	ld	b, (hl)
      003A00 23               [ 6] 9078 	inc	hl
      003A01 5E               [ 7] 9079 	ld	e, (hl)
      003A02 23               [ 6] 9080 	inc	hl
      003A03 56               [ 7] 9081 	ld	d, (hl)
      003A04 DD 7E F4         [19] 9082 	ld	a, -12 (ix)
      003A07 91               [ 4] 9083 	sub	a, c
      003A08 20 11            [12] 9084 	jr	NZ, 00262$
      003A0A DD 7E F5         [19] 9085 	ld	a, -11 (ix)
      003A0D 90               [ 4] 9086 	sub	a, b
      003A0E 20 0B            [12] 9087 	jr	NZ, 00262$
      003A10 DD 6E F6         [19] 9088 	ld	l, -10 (ix)
      003A13 DD 66 F7         [19] 9089 	ld	h, -9 (ix)
      003A16 BF               [ 4] 9090 	cp	a, a
      003A17 ED 52            [15] 9091 	sbc	hl, de
      003A19 28 75            [12] 9092 	jr	Z, 00135$
      003A1B                       9093 00262$:
                                   9094 ;ff.c:4066: if (fp->flag & FA_DIRTY) {		/* Write-back dirty sector cache */
      003A1B DD 6E D8         [19] 9095 	ld	l, -40 (ix)
      003A1E DD 66 D9         [19] 9096 	ld	h, -39 (ix)
      003A21 7E               [ 7] 9097 	ld	a, (hl)
      003A22 07               [ 4] 9098 	rlca
      003A23 30 38            [12] 9099 	jr	NC, 00131$
                                   9100 ;ff.c:4067: if (disk_write(fs->pdrv, fp->buf, fp->sect, 1) != RES_OK) ABORT(fs, FR_DISK_ERR);
      003A25 DD 6E F8         [19] 9101 	ld	l, -8 (ix)
      003A28 DD 66 F9         [19] 9102 	ld	h, -7 (ix)
      003A2B 6E               [ 7] 9103 	ld	l, (hl)
                                   9104 ;	spillPairReg hl
      003A2C FD 21 01 00      [14] 9105 	ld	iy, #0x0001
      003A30 FD E5            [15] 9106 	push	iy
      003A32 D5               [11] 9107 	push	de
      003A33 C5               [11] 9108 	push	bc
      003A34 DD 5E DE         [19] 9109 	ld	e, -34 (ix)
      003A37 DD 56 DF         [19] 9110 	ld	d, -33 (ix)
      003A3A 7D               [ 4] 9111 	ld	a, l
      003A3B CDr00r00         [17] 9112 	call	_disk_write
      003A3E B7               [ 4] 9113 	or	a, a
      003A3F 28 0C            [12] 9114 	jr	Z, 00129$
      003A41 DD 6E D6         [19] 9115 	ld	l, -42 (ix)
      003A44 DD 66 D7         [19] 9116 	ld	h, -41 (ix)
      003A47 3E 01            [ 7] 9117 	ld	a,#0x01
      003A49 77               [ 7] 9118 	ld	(hl),a
      003A4A C3r67r3B         [10] 9119 	jp	00144$
      003A4D                       9120 00129$:
                                   9121 ;ff.c:4068: fp->flag &= (BYTE)~FA_DIRTY;
      003A4D DD 6E D8         [19] 9122 	ld	l, -40 (ix)
      003A50 DD 66 D9         [19] 9123 	ld	h, -39 (ix)
      003A53 7E               [ 7] 9124 	ld	a, (hl)
      003A54 CB BF            [ 8] 9125 	res	7, a
      003A56 DD 6E D8         [19] 9126 	ld	l, -40 (ix)
      003A59 DD 66 D9         [19] 9127 	ld	h, -39 (ix)
      003A5C 77               [ 7] 9128 	ld	(hl), a
      003A5D                       9129 00131$:
                                   9130 ;ff.c:4071: if (disk_read(fs->pdrv, fp->buf, sect, 1) != RES_OK) ABORT(fs, FR_DISK_ERR);	/* Fill sector cache */
      003A5D DD 6E D2         [19] 9131 	ld	l, -46 (ix)
                                   9132 ;	spillPairReg hl
                                   9133 ;	spillPairReg hl
      003A60 DD 66 D3         [19] 9134 	ld	h, -45 (ix)
                                   9135 ;	spillPairReg hl
                                   9136 ;	spillPairReg hl
      003A63 23               [ 6] 9137 	inc	hl
      003A64 4E               [ 7] 9138 	ld	c, (hl)
      003A65 21 01 00         [10] 9139 	ld	hl, #0x0001
      003A68 E5               [11] 9140 	push	hl
      003A69 DD 6E F6         [19] 9141 	ld	l, -10 (ix)
                                   9142 ;	spillPairReg hl
                                   9143 ;	spillPairReg hl
      003A6C DD 66 F7         [19] 9144 	ld	h, -9 (ix)
                                   9145 ;	spillPairReg hl
                                   9146 ;	spillPairReg hl
      003A6F E5               [11] 9147 	push	hl
      003A70 DD 6E F4         [19] 9148 	ld	l, -12 (ix)
                                   9149 ;	spillPairReg hl
                                   9150 ;	spillPairReg hl
      003A73 DD 66 F5         [19] 9151 	ld	h, -11 (ix)
                                   9152 ;	spillPairReg hl
                                   9153 ;	spillPairReg hl
      003A76 E5               [11] 9154 	push	hl
      003A77 DD 5E DE         [19] 9155 	ld	e, -34 (ix)
      003A7A DD 56 DF         [19] 9156 	ld	d, -33 (ix)
      003A7D 79               [ 4] 9157 	ld	a, c
      003A7E CDr00r00         [17] 9158 	call	_disk_read
      003A81 B7               [ 4] 9159 	or	a, a
      003A82 28 0C            [12] 9160 	jr	Z, 00135$
      003A84 DD 6E D6         [19] 9161 	ld	l, -42 (ix)
      003A87 DD 66 D7         [19] 9162 	ld	h, -41 (ix)
      003A8A 3E 01            [ 7] 9163 	ld	a,#0x01
      003A8C 77               [ 7] 9164 	ld	(hl),a
      003A8D C3r67r3B         [10] 9165 	jp	00144$
      003A90                       9166 00135$:
                                   9167 ;ff.c:4074: fp->sect = sect;
      003A90 DD 5E E2         [19] 9168 	ld	e, -30 (ix)
      003A93 DD 56 E3         [19] 9169 	ld	d, -29 (ix)
      003A96 21 26 00         [10] 9170 	ld	hl, #38
      003A99 39               [11] 9171 	add	hl, sp
      003A9A 01 04 00         [10] 9172 	ld	bc, #0x0004
      003A9D ED B0            [21] 9173 	ldir
      003A9F                       9174 00137$:
                                   9175 ;ff.c:4076: rcnt = SS(fs) - (UINT)fp->fptr % SS(fs);	/* Number of bytes remains in the sector */
      003A9F DD 5E EE         [19] 9176 	ld	e, -18 (ix)
      003AA2 DD 56 EF         [19] 9177 	ld	d, -17 (ix)
      003AA5 21 28 00         [10] 9178 	ld	hl, #40
      003AA8 39               [11] 9179 	add	hl, sp
      003AA9 EB               [ 4] 9180 	ex	de, hl
      003AAA 01 04 00         [10] 9181 	ld	bc, #0x0004
      003AAD ED B0            [21] 9182 	ldir
      003AAF DD 4E F6         [19] 9183 	ld	c, -10 (ix)
      003AB2 DD 7E F7         [19] 9184 	ld	a, -9 (ix)
      003AB5 E6 01            [ 7] 9185 	and	a, #0x01
      003AB7 47               [ 4] 9186 	ld	b, a
      003AB8 AF               [ 4] 9187 	xor	a, a
      003AB9 91               [ 4] 9188 	sub	a, c
      003ABA 4F               [ 4] 9189 	ld	c, a
      003ABB 3E 02            [ 7] 9190 	ld	a, #0x02
      003ABD 98               [ 4] 9191 	sbc	a, b
      003ABE 47               [ 4] 9192 	ld	b, a
                                   9193 ;ff.c:4077: if (rcnt > btr) rcnt = btr;					/* Clip it by btr if needed */
      003ABF DD 7E 04         [19] 9194 	ld	a, 4 (ix)
      003AC2 91               [ 4] 9195 	sub	a, c
      003AC3 DD 7E 05         [19] 9196 	ld	a, 5 (ix)
      003AC6 98               [ 4] 9197 	sbc	a, b
      003AC7 30 06            [12] 9198 	jr	NC, 00139$
      003AC9 DD 4E 04         [19] 9199 	ld	c, 4 (ix)
      003ACC DD 46 05         [19] 9200 	ld	b, 5 (ix)
      003ACF                       9201 00139$:
                                   9202 ;ff.c:4082: memcpy(rbuff, fp->buf + fp->fptr % SS(fs), rcnt);	/* Extract partial sector */
      003ACF DD 7E FE         [19] 9203 	ld	a, -2 (ix)
      003AD2 DD 77 FA         [19] 9204 	ld	-6 (ix), a
      003AD5 DD 7E FF         [19] 9205 	ld	a, -1 (ix)
      003AD8 DD 77 FB         [19] 9206 	ld	-5 (ix), a
      003ADB DD 6E F6         [19] 9207 	ld	l, -10 (ix)
                                   9208 ;	spillPairReg hl
                                   9209 ;	spillPairReg hl
      003ADE DD 7E F7         [19] 9210 	ld	a, -9 (ix)
      003AE1 E6 01            [ 7] 9211 	and	a, #0x01
      003AE3 67               [ 4] 9212 	ld	h, a
                                   9213 ;	spillPairReg hl
                                   9214 ;	spillPairReg hl
      003AE4 7D               [ 4] 9215 	ld	a, l
      003AE5 DD 86 F0         [19] 9216 	add	a, -16 (ix)
      003AE8 6F               [ 4] 9217 	ld	l, a
                                   9218 ;	spillPairReg hl
                                   9219 ;	spillPairReg hl
      003AE9 7C               [ 4] 9220 	ld	a, h
      003AEA DD 8E F1         [19] 9221 	adc	a, -15 (ix)
      003AED 67               [ 4] 9222 	ld	h, a
                                   9223 ;	spillPairReg hl
                                   9224 ;	spillPairReg hl
      003AEE C5               [11] 9225 	push	bc
      003AEF DD 5E FA         [19] 9226 	ld	e, -6 (ix)
      003AF2 DD 56 FB         [19] 9227 	ld	d, -5 (ix)
      003AF5 78               [ 4] 9228 	ld	a, b
      003AF6 B1               [ 4] 9229 	or	a, c
      003AF7 28 02            [12] 9230 	jr	Z, 00264$
      003AF9 ED B0            [21] 9231 	ldir
      003AFB                       9232 00264$:
      003AFB C1               [10] 9233 	pop	bc
      003AFC                       9234 00140$:
                                   9235 ;ff.c:4018: for ( ; btr > 0; btr -= rcnt, *br += rcnt, rbuff += rcnt, fp->fptr += rcnt) {	/* Repeat until btr bytes read */
      003AFC DD 7E 04         [19] 9236 	ld	a, 4 (ix)
      003AFF 91               [ 4] 9237 	sub	a, c
      003B00 DD 77 04         [19] 9238 	ld	4 (ix), a
      003B03 DD 7E 05         [19] 9239 	ld	a, 5 (ix)
      003B06 98               [ 4] 9240 	sbc	a, b
      003B07 DD 77 05         [19] 9241 	ld	5 (ix), a
      003B0A DD 6E D4         [19] 9242 	ld	l, -44 (ix)
      003B0D DD 66 D5         [19] 9243 	ld	h, -43 (ix)
      003B10 7E               [ 7] 9244 	ld	a, (hl)
      003B11 23               [ 6] 9245 	inc	hl
      003B12 66               [ 7] 9246 	ld	h, (hl)
                                   9247 ;	spillPairReg hl
      003B13 6F               [ 4] 9248 	ld	l, a
                                   9249 ;	spillPairReg hl
                                   9250 ;	spillPairReg hl
      003B14 09               [11] 9251 	add	hl, bc
      003B15 EB               [ 4] 9252 	ex	de, hl
      003B16 DD 6E D4         [19] 9253 	ld	l, -44 (ix)
      003B19 DD 66 D5         [19] 9254 	ld	h, -43 (ix)
      003B1C 73               [ 7] 9255 	ld	(hl), e
      003B1D 23               [ 6] 9256 	inc	hl
      003B1E 72               [ 7] 9257 	ld	(hl), d
      003B1F 79               [ 4] 9258 	ld	a, c
      003B20 DD 86 FE         [19] 9259 	add	a, -2 (ix)
      003B23 DD 77 FE         [19] 9260 	ld	-2 (ix), a
      003B26 78               [ 4] 9261 	ld	a, b
      003B27 DD 8E FF         [19] 9262 	adc	a, -1 (ix)
      003B2A DD 77 FF         [19] 9263 	ld	-1 (ix), a
      003B2D C5               [11] 9264 	push	bc
      003B2E DD 5E DA         [19] 9265 	ld	e, -38 (ix)
      003B31 DD 56 DB         [19] 9266 	ld	d, -37 (ix)
      003B34 21 2C 00         [10] 9267 	ld	hl, #44
      003B37 39               [11] 9268 	add	hl, sp
      003B38 EB               [ 4] 9269 	ex	de, hl
      003B39 01 04 00         [10] 9270 	ld	bc, #0x0004
      003B3C ED B0            [21] 9271 	ldir
      003B3E C1               [10] 9272 	pop	bc
      003B3F 11 00 00         [10] 9273 	ld	de, #0x0000
      003B42 79               [ 4] 9274 	ld	a, c
      003B43 DD 86 F8         [19] 9275 	add	a, -8 (ix)
      003B46 4F               [ 4] 9276 	ld	c, a
      003B47 78               [ 4] 9277 	ld	a, b
      003B48 DD 8E F9         [19] 9278 	adc	a, -7 (ix)
      003B4B 47               [ 4] 9279 	ld	b, a
      003B4C 7B               [ 4] 9280 	ld	a, e
      003B4D DD 8E FA         [19] 9281 	adc	a, -6 (ix)
      003B50 5F               [ 4] 9282 	ld	e, a
      003B51 7A               [ 4] 9283 	ld	a, d
      003B52 DD 8E FB         [19] 9284 	adc	a, -5 (ix)
      003B55 57               [ 4] 9285 	ld	d, a
      003B56 DD 6E DA         [19] 9286 	ld	l, -38 (ix)
      003B59 DD 66 DB         [19] 9287 	ld	h, -37 (ix)
      003B5C 71               [ 7] 9288 	ld	(hl), c
      003B5D 23               [ 6] 9289 	inc	hl
      003B5E 70               [ 7] 9290 	ld	(hl), b
      003B5F 23               [ 6] 9291 	inc	hl
      003B60 73               [ 7] 9292 	ld	(hl), e
      003B61 23               [ 6] 9293 	inc	hl
      003B62 72               [ 7] 9294 	ld	(hl), d
      003B63 C3rA6r37         [10] 9295 	jp	00143$
      003B66                       9296 00141$:
                                   9297 ;ff.c:4086: LEAVE_FF(fs, FR_OK);
      003B66 AF               [ 4] 9298 	xor	a, a
      003B67                       9299 00144$:
                                   9300 ;ff.c:4087: }
      003B67 DD F9            [10] 9301 	ld	sp, ix
      003B69 DD E1            [14] 9302 	pop	ix
      003B6B E1               [10] 9303 	pop	hl
      003B6C C1               [10] 9304 	pop	bc
      003B6D C1               [10] 9305 	pop	bc
      003B6E E9               [ 4] 9306 	jp	(hl)
                                   9307 ;ff.c:4097: FRESULT f_write (
                                   9308 ;	---------------------------------
                                   9309 ; Function f_write
                                   9310 ; ---------------------------------
      003B6F                       9311 _f_write::
      003B6F DD E5            [15] 9312 	push	ix
      003B71 DD 21 00 00      [14] 9313 	ld	ix,#0
      003B75 DD 39            [15] 9314 	add	ix,sp
      003B77 FD 21 C6 FF      [14] 9315 	ld	iy, #-58
      003B7B FD 39            [15] 9316 	add	iy, sp
      003B7D FD F9            [10] 9317 	ld	sp, iy
      003B7F DD 75 FC         [19] 9318 	ld	-4 (ix), l
      003B82 DD 74 FD         [19] 9319 	ld	-3 (ix), h
                                   9320 ;ff.c:4109: const BYTE *wbuff = (const BYTE*)buff;
      003B85 DD 73 FE         [19] 9321 	ld	-2 (ix), e
      003B88 DD 72 FF         [19] 9322 	ld	-1 (ix), d
                                   9323 ;ff.c:4112: *bw = 0;	/* Clear write byte counter */
      003B8B DD 7E 06         [19] 9324 	ld	a, 6 (ix)
      003B8E DD 77 CC         [19] 9325 	ld	-52 (ix), a
      003B91 DD 7E 07         [19] 9326 	ld	a, 7 (ix)
      003B94 DD 77 CD         [19] 9327 	ld	-51 (ix), a
      003B97 DD 6E CC         [19] 9328 	ld	l, -52 (ix)
      003B9A DD 66 CD         [19] 9329 	ld	h, -51 (ix)
      003B9D AF               [ 4] 9330 	xor	a, a
      003B9E 77               [ 7] 9331 	ld	(hl), a
      003B9F 23               [ 6] 9332 	inc	hl
      003BA0 77               [ 7] 9333 	ld	(hl), a
                                   9334 ;ff.c:4113: res = validate(&fp->obj, &fs);			/* Check validity of the file object */
      003BA1 21 04 00         [10] 9335 	ld	hl, #4
      003BA4 39               [11] 9336 	add	hl, sp
      003BA5 EB               [ 4] 9337 	ex	de, hl
      003BA6 DD 6E FC         [19] 9338 	ld	l, -4 (ix)
                                   9339 ;	spillPairReg hl
                                   9340 ;	spillPairReg hl
      003BA9 DD 66 FD         [19] 9341 	ld	h, -3 (ix)
                                   9342 ;	spillPairReg hl
                                   9343 ;	spillPairReg hl
      003BAC CDr97r2E         [17] 9344 	call	_validate
      003BAF 4F               [ 4] 9345 	ld	c, a
      003BB0 DD 71 FB         [19] 9346 	ld	-5 (ix), c
                                   9347 ;ff.c:4114: if (res != FR_OK || (res = (FRESULT)fp->err) != FR_OK) LEAVE_FF(fs, res);	/* Check validity */
      003BB3 79               [ 4] 9348 	ld	a, c
      003BB4 B7               [ 4] 9349 	or	a, a
      003BB5 20 1D            [12] 9350 	jr	NZ, 00101$
      003BB7 DD 7E FC         [19] 9351 	ld	a, -4 (ix)
      003BBA C6 0F            [ 7] 9352 	add	a, #0x0f
      003BBC DD 77 CE         [19] 9353 	ld	-50 (ix), a
      003BBF DD 7E FD         [19] 9354 	ld	a, -3 (ix)
      003BC2 CE 00            [ 7] 9355 	adc	a, #0x00
      003BC4 DD 77 CF         [19] 9356 	ld	-49 (ix), a
      003BC7 DD 6E CE         [19] 9357 	ld	l, -50 (ix)
      003BCA DD 66 CF         [19] 9358 	ld	h, -49 (ix)
      003BCD 7E               [ 7] 9359 	ld	a, (hl)
      003BCE DD 77 FB         [19] 9360 	ld	-5 (ix), a
      003BD1 B7               [ 4] 9361 	or	a, a
      003BD2 28 06            [12] 9362 	jr	Z, 00102$
      003BD4                       9363 00101$:
      003BD4 DD 7E FB         [19] 9364 	ld	a, -5 (ix)
      003BD7 C3rE7r41         [10] 9365 	jp	00151$
      003BDA                       9366 00102$:
                                   9367 ;ff.c:4115: if (!(fp->flag & FA_WRITE)) LEAVE_FF(fs, FR_DENIED);	/* Check access mode */
      003BDA DD 7E FC         [19] 9368 	ld	a, -4 (ix)
      003BDD C6 0E            [ 7] 9369 	add	a, #0x0e
      003BDF DD 77 D0         [19] 9370 	ld	-48 (ix), a
      003BE2 DD 7E FD         [19] 9371 	ld	a, -3 (ix)
      003BE5 CE 00            [ 7] 9372 	adc	a, #0x00
      003BE7 DD 77 D1         [19] 9373 	ld	-47 (ix), a
      003BEA DD 6E D0         [19] 9374 	ld	l, -48 (ix)
      003BED DD 66 D1         [19] 9375 	ld	h, -47 (ix)
      003BF0 CB 4E            [12] 9376 	bit	1, (hl)
      003BF2 20 05            [12] 9377 	jr	NZ, 00109$
      003BF4 3E 07            [ 7] 9378 	ld	a, #0x07
      003BF6 C3rE7r41         [10] 9379 	jp	00151$
                                   9380 ;ff.c:4118: if ((!FF_FS_EXFAT || fs->fs_type != FS_EXFAT) && (DWORD)(fp->fptr + btw) < (DWORD)fp->fptr) {
      003BF9                       9381 00109$:
      003BF9 DD 7E FC         [19] 9382 	ld	a, -4 (ix)
      003BFC C6 10            [ 7] 9383 	add	a, #0x10
      003BFE DD 77 D2         [19] 9384 	ld	-46 (ix), a
      003C01 DD 7E FD         [19] 9385 	ld	a, -3 (ix)
      003C04 CE 00            [ 7] 9386 	adc	a, #0x00
      003C06 DD 77 D3         [19] 9387 	ld	-45 (ix), a
      003C09 DD 7E D2         [19] 9388 	ld	a, -46 (ix)
      003C0C DD 77 D4         [19] 9389 	ld	-44 (ix), a
      003C0F DD 7E D3         [19] 9390 	ld	a, -45 (ix)
      003C12 DD 77 D5         [19] 9391 	ld	-43 (ix), a
      003C15 DD 6E D2         [19] 9392 	ld	l, -46 (ix)
      003C18 DD 66 D3         [19] 9393 	ld	h, -45 (ix)
      003C1B 4E               [ 7] 9394 	ld	c, (hl)
      003C1C 23               [ 6] 9395 	inc	hl
      003C1D 46               [ 7] 9396 	ld	b, (hl)
      003C1E 23               [ 6] 9397 	inc	hl
      003C1F 5E               [ 7] 9398 	ld	e, (hl)
      003C20 23               [ 6] 9399 	inc	hl
      003C21 56               [ 7] 9400 	ld	d, (hl)
      003C22 DD 7E 04         [19] 9401 	ld	a, 4 (ix)
      003C25 FD E5            [15] 9402 	push	iy
      003C27 E3               [19] 9403 	ex	(sp), hl
      003C28 DD 6E 05         [19] 9404 	ld	l, 5 (ix)
                                   9405 ;	spillPairReg hl
                                   9406 ;	spillPairReg hl
      003C2B E3               [19] 9407 	ex	(sp), hl
      003C2C FD E1            [14] 9408 	pop	iy
      003C2E 21 00 00         [10] 9409 	ld	hl, #0x0000
      003C31 81               [ 4] 9410 	add	a, c
      003C32 DD 77 F8         [19] 9411 	ld	-8 (ix), a
      003C35 FD E5            [15] 9412 	push	iy
      003C37 DD 7E C4         [19] 9413 	ld	a, -60 (ix)
      003C3A FD E1            [14] 9414 	pop	iy
      003C3C 88               [ 4] 9415 	adc	a, b
      003C3D DD 77 F9         [19] 9416 	ld	-7 (ix), a
      003C40 7D               [ 4] 9417 	ld	a, l
      003C41 8B               [ 4] 9418 	adc	a, e
      003C42 DD 77 FA         [19] 9419 	ld	-6 (ix), a
      003C45 7C               [ 4] 9420 	ld	a, h
      003C46 8A               [ 4] 9421 	adc	a, d
      003C47 DD 77 FB         [19] 9422 	ld	-5 (ix), a
      003C4A DD 7E F8         [19] 9423 	ld	a, -8 (ix)
      003C4D 91               [ 4] 9424 	sub	a, c
      003C4E DD 7E F9         [19] 9425 	ld	a, -7 (ix)
      003C51 98               [ 4] 9426 	sbc	a, b
      003C52 DD 7E FA         [19] 9427 	ld	a, -6 (ix)
      003C55 9B               [ 4] 9428 	sbc	a, e
      003C56 DD 7E FB         [19] 9429 	ld	a, -5 (ix)
      003C59 9A               [ 4] 9430 	sbc	a, d
      003C5A 30 0C            [12] 9431 	jr	NC, 00181$
                                   9432 ;ff.c:4119: btw = (UINT)(0xFFFFFFFF - (DWORD)fp->fptr);
      003C5C 3E FF            [ 7] 9433 	ld	a, #0xff
      003C5E 91               [ 4] 9434 	sub	a, c
      003C5F DD 77 04         [19] 9435 	ld	4 (ix), a
      003C62 3E FF            [ 7] 9436 	ld	a, #0xff
      003C64 98               [ 4] 9437 	sbc	a, b
      003C65 DD 77 05         [19] 9438 	ld	5 (ix), a
      003C68                       9439 00181$:
                                   9440 ;ff.c:4151: if (disk_write(fs->pdrv, fp->buf, fp->sect, 1) != RES_OK) ABORT(fs, FR_DISK_ERR);
      003C68 DD 7E FC         [19] 9441 	ld	a, -4 (ix)
      003C6B C6 22            [ 7] 9442 	add	a, #0x22
      003C6D DD 77 D6         [19] 9443 	ld	-42 (ix), a
      003C70 DD 7E FD         [19] 9444 	ld	a, -3 (ix)
      003C73 CE 00            [ 7] 9445 	adc	a, #0x00
      003C75 DD 77 D7         [19] 9446 	ld	-41 (ix), a
                                   9447 ;ff.c:4119: btw = (UINT)(0xFFFFFFFF - (DWORD)fp->fptr);
      003C78 DD 7E D6         [19] 9448 	ld	a, -42 (ix)
      003C7B DD 77 D8         [19] 9449 	ld	-40 (ix), a
      003C7E DD 7E D7         [19] 9450 	ld	a, -41 (ix)
      003C81 DD 77 D9         [19] 9451 	ld	-39 (ix), a
      003C84 DD 7E FC         [19] 9452 	ld	a, -4 (ix)
      003C87 C6 18            [ 7] 9453 	add	a, #0x18
      003C89 DD 77 DA         [19] 9454 	ld	-38 (ix), a
      003C8C DD 7E FD         [19] 9455 	ld	a, -3 (ix)
      003C8F CE 00            [ 7] 9456 	adc	a, #0x00
      003C91 DD 77 DB         [19] 9457 	ld	-37 (ix), a
      003C94 DD 7E DA         [19] 9458 	ld	a, -38 (ix)
      003C97 DD 77 DC         [19] 9459 	ld	-36 (ix), a
      003C9A DD 7E DB         [19] 9460 	ld	a, -37 (ix)
      003C9D DD 77 DD         [19] 9461 	ld	-35 (ix), a
      003CA0 DD 7E FC         [19] 9462 	ld	a, -4 (ix)
      003CA3 C6 06            [ 7] 9463 	add	a, #0x06
      003CA5 DD 77 DE         [19] 9464 	ld	-34 (ix), a
      003CA8 DD 7E FD         [19] 9465 	ld	a, -3 (ix)
      003CAB CE 00            [ 7] 9466 	adc	a, #0x00
      003CAD DD 77 DF         [19] 9467 	ld	-33 (ix), a
      003CB0 DD 7E DE         [19] 9468 	ld	a, -34 (ix)
      003CB3 DD 77 E0         [19] 9469 	ld	-32 (ix), a
      003CB6 DD 7E DF         [19] 9470 	ld	a, -33 (ix)
      003CB9 DD 77 E1         [19] 9471 	ld	-31 (ix), a
      003CBC DD 7E DA         [19] 9472 	ld	a, -38 (ix)
      003CBF DD 77 E2         [19] 9473 	ld	-30 (ix), a
      003CC2 DD 7E DB         [19] 9474 	ld	a, -37 (ix)
      003CC5 DD 77 E3         [19] 9475 	ld	-29 (ix), a
                                   9476 ;ff.c:4138: clst = create_chain(&fp->obj, fp->clust);	/* Follow or stretch cluster chain on the FAT */
      003CC8 DD 7E FC         [19] 9477 	ld	a, -4 (ix)
      003CCB C6 14            [ 7] 9478 	add	a, #0x14
      003CCD DD 77 E4         [19] 9479 	ld	-28 (ix), a
      003CD0 DD 7E FD         [19] 9480 	ld	a, -3 (ix)
      003CD3 CE 00            [ 7] 9481 	adc	a, #0x00
      003CD5 DD 77 E5         [19] 9482 	ld	-27 (ix), a
                                   9483 ;ff.c:4119: btw = (UINT)(0xFFFFFFFF - (DWORD)fp->fptr);
      003CD8 DD 7E E4         [19] 9484 	ld	a, -28 (ix)
      003CDB DD 77 E6         [19] 9485 	ld	-26 (ix), a
      003CDE DD 7E E5         [19] 9486 	ld	a, -27 (ix)
      003CE1 DD 77 E7         [19] 9487 	ld	-25 (ix), a
      003CE4 DD 7E D2         [19] 9488 	ld	a, -46 (ix)
      003CE7 DD 77 E8         [19] 9489 	ld	-24 (ix), a
      003CEA DD 7E D3         [19] 9490 	ld	a, -45 (ix)
      003CED DD 77 E9         [19] 9491 	ld	-23 (ix), a
      003CF0 DD 7E FC         [19] 9492 	ld	a, -4 (ix)
      003CF3 C6 0A            [ 7] 9493 	add	a, #0x0a
      003CF5 DD 77 EA         [19] 9494 	ld	-22 (ix), a
      003CF8 DD 7E FD         [19] 9495 	ld	a, -3 (ix)
      003CFB CE 00            [ 7] 9496 	adc	a, #0x00
      003CFD DD 77 EB         [19] 9497 	ld	-21 (ix), a
      003D00 DD 7E EA         [19] 9498 	ld	a, -22 (ix)
      003D03 DD 77 EC         [19] 9499 	ld	-20 (ix), a
      003D06 DD 7E EB         [19] 9500 	ld	a, -21 (ix)
      003D09 DD 77 ED         [19] 9501 	ld	-19 (ix), a
      003D0C DD 7E D2         [19] 9502 	ld	a, -46 (ix)
      003D0F DD 77 EE         [19] 9503 	ld	-18 (ix), a
      003D12 DD 7E D3         [19] 9504 	ld	a, -45 (ix)
      003D15 DD 77 EF         [19] 9505 	ld	-17 (ix), a
      003D18 DD 7E D6         [19] 9506 	ld	a, -42 (ix)
      003D1B DD 77 F0         [19] 9507 	ld	-16 (ix), a
      003D1E DD 7E D7         [19] 9508 	ld	a, -41 (ix)
      003D21 DD 77 F1         [19] 9509 	ld	-15 (ix), a
      003D24                       9510 00150$:
                                   9511 ;ff.c:4122: for ( ; btw > 0; btw -= wcnt, *bw += wcnt, wbuff += wcnt, fp->fptr += wcnt, fp->obj.objsize = (fp->fptr > fp->obj.objsize) ? fp->fptr : fp->obj.objsize) {	/* Repeat until all data written */
      003D24 DD 7E 05         [19] 9512 	ld	a, 5 (ix)
      003D27 DD B6 04         [19] 9513 	or	a, 4 (ix)
      003D2A CArD6r41         [10] 9514 	jp	Z, 00148$
                                   9515 ;ff.c:4123: if (fp->fptr % SS(fs) == 0) {		/* On the sector boundary? */
      003D2D DD 5E D4         [19] 9516 	ld	e, -44 (ix)
      003D30 DD 56 D5         [19] 9517 	ld	d, -43 (ix)
      003D33 21 32 00         [10] 9518 	ld	hl, #50
      003D36 39               [11] 9519 	add	hl, sp
      003D37 EB               [ 4] 9520 	ex	de, hl
      003D38 01 04 00         [10] 9521 	ld	bc, #0x0004
      003D3B ED B0            [21] 9522 	ldir
      003D3D DD 7E F8         [19] 9523 	ld	a, -8 (ix)
      003D40 B7               [ 4] 9524 	or	a, a
      003D41 C2rB5r40         [10] 9525 	jp	NZ,00144$
      003D44 DD CB F9 46      [20] 9526 	bit	0, -7 (ix)
      003D48 C2rB5r40         [10] 9527 	jp	NZ,00144$
                                   9528 ;ff.c:4124: csect = (UINT)(fp->fptr / SS(fs)) & (fs->csize - 1);	/* Sector offset in the cluster */
      003D4B DD 4E F9         [19] 9529 	ld	c, -7 (ix)
      003D4E DD 46 FA         [19] 9530 	ld	b, -6 (ix)
      003D51 DD 5E FB         [19] 9531 	ld	e, -5 (ix)
      003D54 CB 3B            [ 8] 9532 	srl	e
      003D56 CB 18            [ 8] 9533 	rr	b
      003D58 CB 19            [ 8] 9534 	rr	c
      003D5A DD 5E CA         [19] 9535 	ld	e, -54 (ix)
      003D5D DD 56 CB         [19] 9536 	ld	d, -53 (ix)
      003D60 21 0A 00         [10] 9537 	ld	hl, #10
      003D63 19               [11] 9538 	add	hl, de
      003D64 5E               [ 7] 9539 	ld	e, (hl)
      003D65 23               [ 6] 9540 	inc	hl
      003D66 56               [ 7] 9541 	ld	d, (hl)
      003D67 1B               [ 6] 9542 	dec	de
      003D68 79               [ 4] 9543 	ld	a, c
      003D69 A3               [ 4] 9544 	and	a, e
      003D6A 4F               [ 4] 9545 	ld	c, a
      003D6B 78               [ 4] 9546 	ld	a, b
      003D6C A2               [ 4] 9547 	and	a, d
      003D6D DD 71 F2         [19] 9548 	ld	-14 (ix), c
                                   9549 ;ff.c:4125: if (csect == 0) {				/* On the cluster boundary? */
      003D70 DD 77 F3         [19] 9550 	ld	-13 (ix), a
      003D73 DD B6 F2         [19] 9551 	or	a, -14 (ix)
      003D76 C2r6Cr3E         [10] 9552 	jp	NZ, 00124$
                                   9553 ;ff.c:4126: if (fp->fptr == 0) {		/* On the top of the file? */
      003D79 DD 7E FB         [19] 9554 	ld	a, -5 (ix)
      003D7C DD B6 FA         [19] 9555 	or	a, -6 (ix)
      003D7F DD B6 F9         [19] 9556 	or	a, -7 (ix)
      003D82 DD B6 F8         [19] 9557 	or	a, -8 (ix)
      003D85 20 3C            [12] 9558 	jr	NZ, 00113$
                                   9559 ;ff.c:4127: clst = fp->obj.sclust;	/* Follow from the origin */
      003D87 DD 5E E0         [19] 9560 	ld	e, -32 (ix)
      003D8A DD 56 E1         [19] 9561 	ld	d, -31 (ix)
      003D8D 21 32 00         [10] 9562 	ld	hl, #50
      003D90 39               [11] 9563 	add	hl, sp
      003D91 EB               [ 4] 9564 	ex	de, hl
      003D92 01 04 00         [10] 9565 	ld	bc, #0x0004
      003D95 ED B0            [21] 9566 	ldir
                                   9567 ;ff.c:4128: if (clst == 0) {		/* If no cluster is allocated, */
      003D97 DD 7E FB         [19] 9568 	ld	a, -5 (ix)
      003D9A DD B6 FA         [19] 9569 	or	a, -6 (ix)
      003D9D DD B6 F9         [19] 9570 	or	a, -7 (ix)
      003DA0 DD B6 F8         [19] 9571 	or	a, -8 (ix)
      003DA3 20 53            [12] 9572 	jr	NZ, 00114$
                                   9573 ;ff.c:4129: clst = create_chain(&fp->obj, 0);	/* create a new cluster chain */
      003DA5 21 00 00         [10] 9574 	ld	hl, #0x0000
      003DA8 E5               [11] 9575 	push	hl
      003DA9 E5               [11] 9576 	push	hl
      003DAA DD 6E FC         [19] 9577 	ld	l, -4 (ix)
                                   9578 ;	spillPairReg hl
                                   9579 ;	spillPairReg hl
      003DAD DD 66 FD         [19] 9580 	ld	h, -3 (ix)
                                   9581 ;	spillPairReg hl
                                   9582 ;	spillPairReg hl
      003DB0 CDrACr0D         [17] 9583 	call	_create_chain
      003DB3 F1               [10] 9584 	pop	af
      003DB4 F1               [10] 9585 	pop	af
      003DB5 DD 73 F8         [19] 9586 	ld	-8 (ix), e
      003DB8 DD 72 F9         [19] 9587 	ld	-7 (ix), d
      003DBB DD 75 FA         [19] 9588 	ld	-6 (ix), l
      003DBE DD 74 FB         [19] 9589 	ld	-5 (ix), h
      003DC1 18 35            [12] 9590 	jr	00114$
      003DC3                       9591 00113$:
                                   9592 ;ff.c:4138: clst = create_chain(&fp->obj, fp->clust);	/* Follow or stretch cluster chain on the FAT */
      003DC3 DD 5E E4         [19] 9593 	ld	e, -28 (ix)
      003DC6 DD 56 E5         [19] 9594 	ld	d, -27 (ix)
      003DC9 21 32 00         [10] 9595 	ld	hl, #50
      003DCC 39               [11] 9596 	add	hl, sp
      003DCD EB               [ 4] 9597 	ex	de, hl
      003DCE 01 04 00         [10] 9598 	ld	bc, #0x0004
      003DD1 ED B0            [21] 9599 	ldir
      003DD3 DD 6E FA         [19] 9600 	ld	l, -6 (ix)
                                   9601 ;	spillPairReg hl
                                   9602 ;	spillPairReg hl
      003DD6 DD 66 FB         [19] 9603 	ld	h, -5 (ix)
                                   9604 ;	spillPairReg hl
                                   9605 ;	spillPairReg hl
      003DD9 E5               [11] 9606 	push	hl
      003DDA DD 6E F8         [19] 9607 	ld	l, -8 (ix)
                                   9608 ;	spillPairReg hl
                                   9609 ;	spillPairReg hl
      003DDD DD 66 F9         [19] 9610 	ld	h, -7 (ix)
                                   9611 ;	spillPairReg hl
                                   9612 ;	spillPairReg hl
      003DE0 E5               [11] 9613 	push	hl
      003DE1 DD 6E FC         [19] 9614 	ld	l, -4 (ix)
                                   9615 ;	spillPairReg hl
                                   9616 ;	spillPairReg hl
      003DE4 DD 66 FD         [19] 9617 	ld	h, -3 (ix)
                                   9618 ;	spillPairReg hl
                                   9619 ;	spillPairReg hl
      003DE7 CDrACr0D         [17] 9620 	call	_create_chain
      003DEA F1               [10] 9621 	pop	af
      003DEB F1               [10] 9622 	pop	af
      003DEC DD 73 F8         [19] 9623 	ld	-8 (ix), e
      003DEF DD 72 F9         [19] 9624 	ld	-7 (ix), d
      003DF2 DD 75 FA         [19] 9625 	ld	-6 (ix), l
      003DF5 DD 74 FB         [19] 9626 	ld	-5 (ix), h
      003DF8                       9627 00114$:
                                   9628 ;ff.c:4141: if (clst == 0) break;		/* Could not allocate a new cluster (disk full) */
      003DF8 DD 7E FB         [19] 9629 	ld	a, -5 (ix)
      003DFB DD B6 FA         [19] 9630 	or	a, -6 (ix)
      003DFE DD B6 F9         [19] 9631 	or	a, -7 (ix)
      003E01 DD B6 F8         [19] 9632 	or	a, -8 (ix)
      003E04 CArD6r41         [10] 9633 	jp	Z, 00148$
                                   9634 ;ff.c:4142: if (clst == 1) ABORT(fs, FR_INT_ERR);
      003E07 DD 7E F8         [19] 9635 	ld	a, -8 (ix)
      003E0A 3D               [ 4] 9636 	dec	a
      003E0B DD B6 F9         [19] 9637 	or	a, -7 (ix)
      003E0E DD B6 FA         [19] 9638 	or	a, -6 (ix)
      003E11 DD B6 FB         [19] 9639 	or	a, -5 (ix)
      003E14 20 0C            [12] 9640 	jr	NZ, 00118$
      003E16 DD 6E CE         [19] 9641 	ld	l, -50 (ix)
      003E19 DD 66 CF         [19] 9642 	ld	h, -49 (ix)
      003E1C 3E 02            [ 7] 9643 	ld	a,#0x02
      003E1E 77               [ 7] 9644 	ld	(hl),a
      003E1F C3rE7r41         [10] 9645 	jp	00151$
      003E22                       9646 00118$:
                                   9647 ;ff.c:4143: if (clst == 0xFFFFFFFF) ABORT(fs, FR_DISK_ERR);
      003E22 DD 7E F8         [19] 9648 	ld	a, -8 (ix)
      003E25 DD A6 F9         [19] 9649 	and	a, -7 (ix)
      003E28 DD A6 FA         [19] 9650 	and	a, -6 (ix)
      003E2B DD A6 FB         [19] 9651 	and	a, -5 (ix)
      003E2E 3C               [ 4] 9652 	inc	a
      003E2F 20 0C            [12] 9653 	jr	NZ, 00120$
      003E31 DD 6E CE         [19] 9654 	ld	l, -50 (ix)
      003E34 DD 66 CF         [19] 9655 	ld	h, -49 (ix)
      003E37 3E 01            [ 7] 9656 	ld	a,#0x01
      003E39 77               [ 7] 9657 	ld	(hl),a
      003E3A C3rE7r41         [10] 9658 	jp	00151$
      003E3D                       9659 00120$:
                                   9660 ;ff.c:4144: fp->clust = clst;			/* Update current cluster */
      003E3D DD 5E E4         [19] 9661 	ld	e, -28 (ix)
      003E40 DD 56 E5         [19] 9662 	ld	d, -27 (ix)
      003E43 21 32 00         [10] 9663 	ld	hl, #50
      003E46 39               [11] 9664 	add	hl, sp
      003E47 01 04 00         [10] 9665 	ld	bc, #0x0004
      003E4A ED B0            [21] 9666 	ldir
                                   9667 ;ff.c:4145: if (fp->obj.sclust == 0) fp->obj.sclust = clst;	/* Set start cluster if the first write */
      003E4C DD 6E DE         [19] 9668 	ld	l, -34 (ix)
      003E4F DD 66 DF         [19] 9669 	ld	h, -33 (ix)
      003E52 4E               [ 7] 9670 	ld	c, (hl)
      003E53 23               [ 6] 9671 	inc	hl
      003E54 46               [ 7] 9672 	ld	b, (hl)
      003E55 23               [ 6] 9673 	inc	hl
      003E56 7E               [ 7] 9674 	ld	a, (hl)
      003E57 23               [ 6] 9675 	inc	hl
      003E58 B6               [ 7] 9676 	or	a, (hl)
      003E59 B0               [ 4] 9677 	or	a, b
      003E5A B1               [ 4] 9678 	or	a, c
      003E5B 20 0F            [12] 9679 	jr	NZ, 00124$
      003E5D DD 5E DE         [19] 9680 	ld	e, -34 (ix)
      003E60 DD 56 DF         [19] 9681 	ld	d, -33 (ix)
      003E63 21 32 00         [10] 9682 	ld	hl, #50
      003E66 39               [11] 9683 	add	hl, sp
      003E67 01 04 00         [10] 9684 	ld	bc, #0x0004
      003E6A ED B0            [21] 9685 	ldir
      003E6C                       9686 00124$:
                                   9687 ;ff.c:4150: if (fp->flag & FA_DIRTY) {		/* Write-back sector cache */
      003E6C DD 6E D0         [19] 9688 	ld	l, -48 (ix)
      003E6F DD 66 D1         [19] 9689 	ld	h, -47 (ix)
      003E72 7E               [ 7] 9690 	ld	a, (hl)
      003E73 07               [ 4] 9691 	rlca
      003E74 30 46            [12] 9692 	jr	NC, 00128$
                                   9693 ;ff.c:4151: if (disk_write(fs->pdrv, fp->buf, fp->sect, 1) != RES_OK) ABORT(fs, FR_DISK_ERR);
      003E76 DD 6E E2         [19] 9694 	ld	l, -30 (ix)
      003E79 DD 66 E3         [19] 9695 	ld	h, -29 (ix)
      003E7C 5E               [ 7] 9696 	ld	e, (hl)
      003E7D 23               [ 6] 9697 	inc	hl
      003E7E 56               [ 7] 9698 	ld	d, (hl)
      003E7F 23               [ 6] 9699 	inc	hl
      003E80 46               [ 7] 9700 	ld	b, (hl)
      003E81 23               [ 6] 9701 	inc	hl
      003E82 7E               [ 7] 9702 	ld	a, (hl)
      003E83 DD 6E CA         [19] 9703 	ld	l, -54 (ix)
                                   9704 ;	spillPairReg hl
                                   9705 ;	spillPairReg hl
      003E86 DD 66 CB         [19] 9706 	ld	h, -53 (ix)
                                   9707 ;	spillPairReg hl
                                   9708 ;	spillPairReg hl
      003E89 23               [ 6] 9709 	inc	hl
      003E8A 4E               [ 7] 9710 	ld	c, (hl)
      003E8B 21 01 00         [10] 9711 	ld	hl, #0x0001
      003E8E E5               [11] 9712 	push	hl
      003E8F 68               [ 4] 9713 	ld	l, b
                                   9714 ;	spillPairReg hl
                                   9715 ;	spillPairReg hl
      003E90 67               [ 4] 9716 	ld	h, a
                                   9717 ;	spillPairReg hl
                                   9718 ;	spillPairReg hl
      003E91 E5               [11] 9719 	push	hl
      003E92 D5               [11] 9720 	push	de
      003E93 DD 5E D6         [19] 9721 	ld	e, -42 (ix)
      003E96 DD 56 D7         [19] 9722 	ld	d, -41 (ix)
      003E99 79               [ 4] 9723 	ld	a, c
      003E9A CDr00r00         [17] 9724 	call	_disk_write
      003E9D B7               [ 4] 9725 	or	a, a
      003E9E 28 0C            [12] 9726 	jr	Z, 00126$
      003EA0 DD 6E CE         [19] 9727 	ld	l, -50 (ix)
      003EA3 DD 66 CF         [19] 9728 	ld	h, -49 (ix)
      003EA6 3E 01            [ 7] 9729 	ld	a,#0x01
      003EA8 77               [ 7] 9730 	ld	(hl),a
      003EA9 C3rE7r41         [10] 9731 	jp	00151$
      003EAC                       9732 00126$:
                                   9733 ;ff.c:4152: fp->flag &= (BYTE)~FA_DIRTY;
      003EAC DD 6E D0         [19] 9734 	ld	l, -48 (ix)
      003EAF DD 66 D1         [19] 9735 	ld	h, -47 (ix)
      003EB2 7E               [ 7] 9736 	ld	a, (hl)
      003EB3 CB BF            [ 8] 9737 	res	7, a
      003EB5 DD 6E D0         [19] 9738 	ld	l, -48 (ix)
      003EB8 DD 66 D1         [19] 9739 	ld	h, -47 (ix)
      003EBB 77               [ 7] 9740 	ld	(hl), a
      003EBC                       9741 00128$:
                                   9742 ;ff.c:4155: sect = clst2sect(fs, fp->clust);	/* Get current sector */
      003EBC DD 6E E6         [19] 9743 	ld	l, -26 (ix)
      003EBF DD 66 E7         [19] 9744 	ld	h, -25 (ix)
      003EC2 4E               [ 7] 9745 	ld	c, (hl)
      003EC3 23               [ 6] 9746 	inc	hl
      003EC4 46               [ 7] 9747 	ld	b, (hl)
      003EC5 23               [ 6] 9748 	inc	hl
      003EC6 5E               [ 7] 9749 	ld	e, (hl)
      003EC7 23               [ 6] 9750 	inc	hl
      003EC8 56               [ 7] 9751 	ld	d, (hl)
      003EC9 D5               [11] 9752 	push	de
      003ECA C5               [11] 9753 	push	bc
      003ECB DD 6E CA         [19] 9754 	ld	l, -54 (ix)
                                   9755 ;	spillPairReg hl
                                   9756 ;	spillPairReg hl
      003ECE DD 66 CB         [19] 9757 	ld	h, -53 (ix)
                                   9758 ;	spillPairReg hl
                                   9759 ;	spillPairReg hl
      003ED1 CDr02r05         [17] 9760 	call	_clst2sect
      003ED4 F1               [10] 9761 	pop	af
      003ED5 F1               [10] 9762 	pop	af
                                   9763 ;ff.c:4156: if (sect == 0) ABORT(fs, FR_INT_ERR);
      003ED6 7C               [ 4] 9764 	ld	a, h
      003ED7 B5               [ 4] 9765 	or	a, l
      003ED8 B2               [ 4] 9766 	or	a, d
      003ED9 B3               [ 4] 9767 	or	a, e
      003EDA 20 0C            [12] 9768 	jr	NZ, 00130$
      003EDC DD 6E CE         [19] 9769 	ld	l, -50 (ix)
      003EDF DD 66 CF         [19] 9770 	ld	h, -49 (ix)
      003EE2 3E 02            [ 7] 9771 	ld	a,#0x02
      003EE4 77               [ 7] 9772 	ld	(hl),a
      003EE5 C3rE7r41         [10] 9773 	jp	00151$
      003EE8                       9774 00130$:
                                   9775 ;ff.c:4157: sect += csect;
      003EE8 DD 7E F2         [19] 9776 	ld	a, -14 (ix)
      003EEB FD E5            [15] 9777 	push	iy
      003EED E3               [19] 9778 	ex	(sp), hl
      003EEE DD 66 F3         [19] 9779 	ld	h, -13 (ix)
                                   9780 ;	spillPairReg hl
                                   9781 ;	spillPairReg hl
      003EF1 E3               [19] 9782 	ex	(sp), hl
      003EF2 FD E1            [14] 9783 	pop	iy
      003EF4 01 00 00         [10] 9784 	ld	bc, #0x0000
      003EF7 83               [ 4] 9785 	add	a, e
      003EF8 5F               [ 4] 9786 	ld	e, a
      003EF9 FD E5            [15] 9787 	push	iy
      003EFB DD 7E C5         [19] 9788 	ld	a, -59 (ix)
      003EFE FD E1            [14] 9789 	pop	iy
      003F00 8A               [ 4] 9790 	adc	a, d
      003F01 57               [ 4] 9791 	ld	d, a
      003F02 79               [ 4] 9792 	ld	a, c
      003F03 8D               [ 4] 9793 	adc	a, l
      003F04 4F               [ 4] 9794 	ld	c, a
      003F05 78               [ 4] 9795 	ld	a, b
      003F06 8C               [ 4] 9796 	adc	a, h
      003F07 47               [ 4] 9797 	ld	b, a
      003F08 DD 73 F4         [19] 9798 	ld	-12 (ix), e
      003F0B DD 72 F5         [19] 9799 	ld	-11 (ix), d
      003F0E DD 71 F6         [19] 9800 	ld	-10 (ix), c
      003F11 DD 70 F7         [19] 9801 	ld	-9 (ix), b
                                   9802 ;ff.c:4158: cc = btw / SS(fs);				/* When remaining bytes >= sector size, */
      003F14 DD 7E 05         [19] 9803 	ld	a, 5 (ix)
      003F17 CB 3F            [ 8] 9804 	srl	a
      003F19 4F               [ 4] 9805 	ld	c, a
      003F1A 06 00            [ 7] 9806 	ld	b, #0x00
                                   9807 ;ff.c:4124: csect = (UINT)(fp->fptr / SS(fs)) & (fs->csize - 1);	/* Sector offset in the cluster */
      003F1C DD 5E CA         [19] 9808 	ld	e, -54 (ix)
      003F1F DD 56 CB         [19] 9809 	ld	d, -53 (ix)
                                   9810 ;ff.c:4163: if (disk_write(fs->pdrv, wbuff, sect, cc) != RES_OK) ABORT(fs, FR_DISK_ERR);
      003F22 6B               [ 4] 9811 	ld	l, e
      003F23 62               [ 4] 9812 	ld	h, d
      003F24 23               [ 6] 9813 	inc	hl
      003F25 DD 75 F8         [19] 9814 	ld	-8 (ix), l
      003F28 DD 74 F9         [19] 9815 	ld	-7 (ix), h
                                   9816 ;ff.c:4159: if (cc > 0) {					/* Write maximum contiguous sectors directly */
      003F2B 78               [ 4] 9817 	ld	a, b
      003F2C B1               [ 4] 9818 	or	a, c
      003F2D CAr21r40         [10] 9819 	jp	Z, 00138$
                                   9820 ;ff.c:4160: if (csect + cc > fs->csize) {	/* Clip at cluster boundary */
      003F30 DD 7E F2         [19] 9821 	ld	a, -14 (ix)
      003F33 81               [ 4] 9822 	add	a, c
      003F34 DD 77 FA         [19] 9823 	ld	-6 (ix), a
      003F37 DD 7E F3         [19] 9824 	ld	a, -13 (ix)
      003F3A 88               [ 4] 9825 	adc	a, b
      003F3B DD 77 FB         [19] 9826 	ld	-5 (ix), a
      003F3E 21 0A 00         [10] 9827 	ld	hl, #10
      003F41 19               [11] 9828 	add	hl, de
      003F42 5E               [ 7] 9829 	ld	e, (hl)
      003F43 23               [ 6] 9830 	inc	hl
      003F44 56               [ 7] 9831 	ld	d, (hl)
      003F45 DD 6E FA         [19] 9832 	ld	l, -6 (ix)
                                   9833 ;	spillPairReg hl
                                   9834 ;	spillPairReg hl
      003F48 DD 66 FB         [19] 9835 	ld	h, -5 (ix)
                                   9836 ;	spillPairReg hl
                                   9837 ;	spillPairReg hl
      003F4B 7B               [ 4] 9838 	ld	a, e
      003F4C 95               [ 4] 9839 	sub	a, l
      003F4D 7A               [ 4] 9840 	ld	a, d
      003F4E 9C               [ 4] 9841 	sbc	a, h
      003F4F 30 0A            [12] 9842 	jr	NC, 00132$
                                   9843 ;ff.c:4161: cc = fs->csize - csect;
      003F51 7B               [ 4] 9844 	ld	a, e
      003F52 DD 96 F2         [19] 9845 	sub	a, -14 (ix)
      003F55 4F               [ 4] 9846 	ld	c, a
      003F56 7A               [ 4] 9847 	ld	a, d
      003F57 DD 9E F3         [19] 9848 	sbc	a, -13 (ix)
      003F5A 47               [ 4] 9849 	ld	b, a
      003F5B                       9850 00132$:
                                   9851 ;ff.c:4163: if (disk_write(fs->pdrv, wbuff, sect, cc) != RES_OK) ABORT(fs, FR_DISK_ERR);
      003F5B DD 6E F8         [19] 9852 	ld	l, -8 (ix)
      003F5E DD 66 F9         [19] 9853 	ld	h, -7 (ix)
      003F61 6E               [ 7] 9854 	ld	l, (hl)
                                   9855 ;	spillPairReg hl
      003F62 C5               [11] 9856 	push	bc
      003F63 C5               [11] 9857 	push	bc
      003F64 DD 5E F6         [19] 9858 	ld	e, -10 (ix)
      003F67 DD 56 F7         [19] 9859 	ld	d, -9 (ix)
      003F6A D5               [11] 9860 	push	de
      003F6B DD 5E F4         [19] 9861 	ld	e, -12 (ix)
      003F6E DD 56 F5         [19] 9862 	ld	d, -11 (ix)
      003F71 D5               [11] 9863 	push	de
      003F72 DD 5E FE         [19] 9864 	ld	e, -2 (ix)
      003F75 DD 56 FF         [19] 9865 	ld	d, -1 (ix)
      003F78 7D               [ 4] 9866 	ld	a, l
      003F79 CDr00r00         [17] 9867 	call	_disk_write
      003F7C C1               [10] 9868 	pop	bc
      003F7D B7               [ 4] 9869 	or	a, a
      003F7E 28 0C            [12] 9870 	jr	Z, 00134$
      003F80 DD 6E CE         [19] 9871 	ld	l, -50 (ix)
      003F83 DD 66 CF         [19] 9872 	ld	h, -49 (ix)
      003F86 3E 01            [ 7] 9873 	ld	a,#0x01
      003F88 77               [ 7] 9874 	ld	(hl),a
      003F89 C3rE7r41         [10] 9875 	jp	00151$
      003F8C                       9876 00134$:
                                   9877 ;ff.c:4171: if (fp->sect - sect < cc) { /* Refill sector cache if it gets invalidated by the direct write */
      003F8C C5               [11] 9878 	push	bc
      003F8D DD 5E DC         [19] 9879 	ld	e, -36 (ix)
      003F90 DD 56 DD         [19] 9880 	ld	d, -35 (ix)
      003F93 21 02 00         [10] 9881 	ld	hl, #2
      003F96 39               [11] 9882 	add	hl, sp
      003F97 EB               [ 4] 9883 	ex	de, hl
      003F98 01 04 00         [10] 9884 	ld	bc, #0x0004
      003F9B ED B0            [21] 9885 	ldir
      003F9D C1               [10] 9886 	pop	bc
      003F9E DD 7E C6         [19] 9887 	ld	a, -58 (ix)
      003FA1 DD 96 F4         [19] 9888 	sub	a, -12 (ix)
      003FA4 DD 77 F8         [19] 9889 	ld	-8 (ix), a
      003FA7 DD 7E C7         [19] 9890 	ld	a, -57 (ix)
      003FAA DD 9E F5         [19] 9891 	sbc	a, -11 (ix)
      003FAD DD 77 F9         [19] 9892 	ld	-7 (ix), a
      003FB0 DD 7E C8         [19] 9893 	ld	a, -56 (ix)
      003FB3 DD 9E F6         [19] 9894 	sbc	a, -10 (ix)
      003FB6 DD 77 FA         [19] 9895 	ld	-6 (ix), a
      003FB9 DD 7E C9         [19] 9896 	ld	a, -55 (ix)
      003FBC DD 9E F7         [19] 9897 	sbc	a, -9 (ix)
      003FBF DD 77 FB         [19] 9898 	ld	-5 (ix), a
      003FC2 59               [ 4] 9899 	ld	e, c
      003FC3 50               [ 4] 9900 	ld	d, b
      003FC4 21 00 00         [10] 9901 	ld	hl, #0x0000
      003FC7 DD 7E F8         [19] 9902 	ld	a, -8 (ix)
      003FCA 93               [ 4] 9903 	sub	a, e
      003FCB DD 7E F9         [19] 9904 	ld	a, -7 (ix)
      003FCE 9A               [ 4] 9905 	sbc	a, d
      003FCF DD 7E FA         [19] 9906 	ld	a, -6 (ix)
      003FD2 9D               [ 4] 9907 	sbc	a, l
      003FD3 DD 7E FB         [19] 9908 	ld	a, -5 (ix)
      003FD6 9C               [ 4] 9909 	sbc	a, h
      003FD7 30 40            [12] 9910 	jr	NC, 00136$
                                   9911 ;ff.c:4172: memcpy(fp->buf, wbuff + ((fp->sect - sect) * SS(fs)), SS(fs));
      003FD9 DD 7E D8         [19] 9912 	ld	a, -40 (ix)
      003FDC DD 77 FA         [19] 9913 	ld	-6 (ix), a
      003FDF DD 7E D9         [19] 9914 	ld	a, -39 (ix)
      003FE2 DD 77 FB         [19] 9915 	ld	-5 (ix), a
      003FE5 E1               [10] 9916 	pop	hl
      003FE6 E5               [11] 9917 	push	hl
      003FE7 DD 5E F4         [19] 9918 	ld	e, -12 (ix)
      003FEA DD 56 F5         [19] 9919 	ld	d, -11 (ix)
      003FED BF               [ 4] 9920 	cp	a, a
      003FEE ED 52            [15] 9921 	sbc	hl, de
      003FF0 7D               [ 4] 9922 	ld	a, l
      003FF1 87               [ 4] 9923 	add	a, a
      003FF2 57               [ 4] 9924 	ld	d, a
      003FF3 1E 00            [ 7] 9925 	ld	e, #0x00
      003FF5 DD 6E FE         [19] 9926 	ld	l, -2 (ix)
      003FF8 DD 66 FF         [19] 9927 	ld	h, -1 (ix)
      003FFB 19               [11] 9928 	add	hl, de
      003FFC C5               [11] 9929 	push	bc
      003FFD DD 5E FA         [19] 9930 	ld	e, -6 (ix)
      004000 DD 56 FB         [19] 9931 	ld	d, -5 (ix)
      004003 01 00 02         [10] 9932 	ld	bc, #0x0200
      004006 ED B0            [21] 9933 	ldir
      004008 C1               [10] 9934 	pop	bc
                                   9935 ;ff.c:4173: fp->flag &= (BYTE)~FA_DIRTY;
      004009 DD 6E D0         [19] 9936 	ld	l, -48 (ix)
      00400C DD 66 D1         [19] 9937 	ld	h, -47 (ix)
      00400F 7E               [ 7] 9938 	ld	a, (hl)
      004010 CB BF            [ 8] 9939 	res	7, a
      004012 DD 6E D0         [19] 9940 	ld	l, -48 (ix)
      004015 DD 66 D1         [19] 9941 	ld	h, -47 (ix)
      004018 77               [ 7] 9942 	ld	(hl), a
      004019                       9943 00136$:
                                   9944 ;ff.c:4177: wcnt = SS(fs) * cc;		/* Number of bytes transferred */
      004019 79               [ 4] 9945 	ld	a, c
      00401A 87               [ 4] 9946 	add	a, a
      00401B 47               [ 4] 9947 	ld	b, a
      00401C 0E 00            [ 7] 9948 	ld	c, #0x00
                                   9949 ;ff.c:4178: continue;
      00401E C3r16r41         [10] 9950 	jp	00147$
      004021                       9951 00138$:
                                   9952 ;ff.c:4186: if (fp->sect != sect && 		/* Fill sector cache with file data */
      004021 DD 6E DA         [19] 9953 	ld	l, -38 (ix)
      004024 DD 66 DB         [19] 9954 	ld	h, -37 (ix)
      004027 4E               [ 7] 9955 	ld	c, (hl)
      004028 23               [ 6] 9956 	inc	hl
      004029 46               [ 7] 9957 	ld	b, (hl)
      00402A 23               [ 6] 9958 	inc	hl
      00402B 5E               [ 7] 9959 	ld	e, (hl)
      00402C 23               [ 6] 9960 	inc	hl
      00402D 56               [ 7] 9961 	ld	d, (hl)
      00402E DD 7E F4         [19] 9962 	ld	a, -12 (ix)
      004031 91               [ 4] 9963 	sub	a, c
      004032 20 11            [12] 9964 	jr	NZ, 00293$
      004034 DD 7E F5         [19] 9965 	ld	a, -11 (ix)
      004037 90               [ 4] 9966 	sub	a, b
      004038 20 0B            [12] 9967 	jr	NZ, 00293$
      00403A DD 6E F6         [19] 9968 	ld	l, -10 (ix)
      00403D DD 66 F7         [19] 9969 	ld	h, -9 (ix)
      004040 BF               [ 4] 9970 	cp	a, a
      004041 ED 52            [15] 9971 	sbc	hl, de
      004043 28 61            [12] 9972 	jr	Z, 00140$
      004045                       9973 00293$:
                                   9974 ;ff.c:4187: fp->fptr < fp->obj.objsize &&
      004045 DD 5E E8         [19] 9975 	ld	e, -24 (ix)
      004048 DD 56 E9         [19] 9976 	ld	d, -23 (ix)
      00404B 21 00 00         [10] 9977 	ld	hl, #0
      00404E 39               [11] 9978 	add	hl, sp
      00404F EB               [ 4] 9979 	ex	de, hl
      004050 01 04 00         [10] 9980 	ld	bc, #0x0004
      004053 ED B0            [21] 9981 	ldir
      004055 DD 6E EC         [19] 9982 	ld	l, -20 (ix)
      004058 DD 66 ED         [19] 9983 	ld	h, -19 (ix)
      00405B 4E               [ 7] 9984 	ld	c, (hl)
      00405C 23               [ 6] 9985 	inc	hl
      00405D 46               [ 7] 9986 	ld	b, (hl)
      00405E 23               [ 6] 9987 	inc	hl
      00405F 5E               [ 7] 9988 	ld	e, (hl)
      004060 23               [ 6] 9989 	inc	hl
      004061 56               [ 7] 9990 	ld	d, (hl)
      004062 DD 7E C6         [19] 9991 	ld	a, -58 (ix)
      004065 91               [ 4] 9992 	sub	a, c
      004066 DD 7E C7         [19] 9993 	ld	a, -57 (ix)
      004069 98               [ 4] 9994 	sbc	a, b
      00406A DD 7E C8         [19] 9995 	ld	a, -56 (ix)
      00406D 9B               [ 4] 9996 	sbc	a, e
      00406E DD 7E C9         [19] 9997 	ld	a, -55 (ix)
      004071 9A               [ 4] 9998 	sbc	a, d
      004072 30 32            [12] 9999 	jr	NC, 00140$
                                  10000 ;ff.c:4188: disk_read(fs->pdrv, fp->buf, sect, 1) != RES_OK) {
      004074 DD 6E F8         [19]10001 	ld	l, -8 (ix)
      004077 DD 66 F9         [19]10002 	ld	h, -7 (ix)
      00407A 4E               [ 7]10003 	ld	c, (hl)
      00407B 21 01 00         [10]10004 	ld	hl, #0x0001
      00407E E5               [11]10005 	push	hl
      00407F DD 6E F6         [19]10006 	ld	l, -10 (ix)
                                  10007 ;	spillPairReg hl
                                  10008 ;	spillPairReg hl
      004082 DD 66 F7         [19]10009 	ld	h, -9 (ix)
                                  10010 ;	spillPairReg hl
                                  10011 ;	spillPairReg hl
      004085 E5               [11]10012 	push	hl
      004086 DD 6E F4         [19]10013 	ld	l, -12 (ix)
                                  10014 ;	spillPairReg hl
                                  10015 ;	spillPairReg hl
      004089 DD 66 F5         [19]10016 	ld	h, -11 (ix)
                                  10017 ;	spillPairReg hl
                                  10018 ;	spillPairReg hl
      00408C E5               [11]10019 	push	hl
      00408D DD 5E D6         [19]10020 	ld	e, -42 (ix)
      004090 DD 56 D7         [19]10021 	ld	d, -41 (ix)
      004093 79               [ 4]10022 	ld	a, c
      004094 CDr00r00         [17]10023 	call	_disk_read
      004097 B7               [ 4]10024 	or	a, a
      004098 28 0C            [12]10025 	jr	Z, 00140$
                                  10026 ;ff.c:4189: ABORT(fs, FR_DISK_ERR);
      00409A DD 6E CE         [19]10027 	ld	l, -50 (ix)
      00409D DD 66 CF         [19]10028 	ld	h, -49 (ix)
      0040A0 3E 01            [ 7]10029 	ld	a,#0x01
      0040A2 77               [ 7]10030 	ld	(hl),a
      0040A3 C3rE7r41         [10]10031 	jp	00151$
      0040A6                      10032 00140$:
                                  10033 ;ff.c:4192: fp->sect = sect;
      0040A6 DD 5E DA         [19]10034 	ld	e, -38 (ix)
      0040A9 DD 56 DB         [19]10035 	ld	d, -37 (ix)
      0040AC 21 2E 00         [10]10036 	ld	hl, #46
      0040AF 39               [11]10037 	add	hl, sp
      0040B0 01 04 00         [10]10038 	ld	bc, #0x0004
      0040B3 ED B0            [21]10039 	ldir
      0040B5                      10040 00144$:
                                  10041 ;ff.c:4194: wcnt = SS(fs) - (UINT)fp->fptr % SS(fs);	/* Number of bytes remains in the sector */
      0040B5 DD 5E EE         [19]10042 	ld	e, -18 (ix)
      0040B8 DD 56 EF         [19]10043 	ld	d, -17 (ix)
      0040BB 21 32 00         [10]10044 	ld	hl, #50
      0040BE 39               [11]10045 	add	hl, sp
      0040BF EB               [ 4]10046 	ex	de, hl
      0040C0 01 04 00         [10]10047 	ld	bc, #0x0004
      0040C3 ED B0            [21]10048 	ldir
      0040C5 DD 4E F8         [19]10049 	ld	c, -8 (ix)
      0040C8 DD 7E F9         [19]10050 	ld	a, -7 (ix)
      0040CB E6 01            [ 7]10051 	and	a, #0x01
      0040CD 47               [ 4]10052 	ld	b, a
      0040CE AF               [ 4]10053 	xor	a, a
      0040CF 91               [ 4]10054 	sub	a, c
      0040D0 4F               [ 4]10055 	ld	c, a
      0040D1 3E 02            [ 7]10056 	ld	a, #0x02
      0040D3 98               [ 4]10057 	sbc	a, b
      0040D4 47               [ 4]10058 	ld	b, a
                                  10059 ;ff.c:4195: if (wcnt > btw) wcnt = btw;					/* Clip it by btw if needed */
      0040D5 DD 7E 04         [19]10060 	ld	a, 4 (ix)
      0040D8 91               [ 4]10061 	sub	a, c
      0040D9 DD 7E 05         [19]10062 	ld	a, 5 (ix)
      0040DC 98               [ 4]10063 	sbc	a, b
      0040DD 30 06            [12]10064 	jr	NC, 00146$
      0040DF DD 4E 04         [19]10065 	ld	c, 4 (ix)
      0040E2 DD 46 05         [19]10066 	ld	b, 5 (ix)
      0040E5                      10067 00146$:
                                  10068 ;ff.c:4201: memcpy(fp->buf + fp->fptr % SS(fs), wbuff, wcnt);	/* Fit data to the sector */
      0040E5 DD 5E F8         [19]10069 	ld	e, -8 (ix)
      0040E8 DD 7E F9         [19]10070 	ld	a, -7 (ix)
      0040EB E6 01            [ 7]10071 	and	a, #0x01
      0040ED 57               [ 4]10072 	ld	d, a
      0040EE 7B               [ 4]10073 	ld	a, e
      0040EF DD 86 F0         [19]10074 	add	a, -16 (ix)
      0040F2 5F               [ 4]10075 	ld	e, a
      0040F3 7A               [ 4]10076 	ld	a, d
      0040F4 DD 8E F1         [19]10077 	adc	a, -15 (ix)
      0040F7 57               [ 4]10078 	ld	d, a
      0040F8 DD 6E FE         [19]10079 	ld	l, -2 (ix)
                                  10080 ;	spillPairReg hl
                                  10081 ;	spillPairReg hl
      0040FB DD 66 FF         [19]10082 	ld	h, -1 (ix)
                                  10083 ;	spillPairReg hl
                                  10084 ;	spillPairReg hl
      0040FE C5               [11]10085 	push	bc
      0040FF 78               [ 4]10086 	ld	a, b
      004100 B1               [ 4]10087 	or	a, c
      004101 28 02            [12]10088 	jr	Z, 00294$
      004103 ED B0            [21]10089 	ldir
      004105                      10090 00294$:
      004105 C1               [10]10091 	pop	bc
                                  10092 ;ff.c:4202: fp->flag |= FA_DIRTY;
      004106 DD 6E D0         [19]10093 	ld	l, -48 (ix)
      004109 DD 66 D1         [19]10094 	ld	h, -47 (ix)
      00410C 7E               [ 7]10095 	ld	a, (hl)
      00410D CB FF            [ 8]10096 	set	7, a
      00410F DD 6E D0         [19]10097 	ld	l, -48 (ix)
      004112 DD 66 D1         [19]10098 	ld	h, -47 (ix)
      004115 77               [ 7]10099 	ld	(hl), a
      004116                      10100 00147$:
                                  10101 ;ff.c:4122: for ( ; btw > 0; btw -= wcnt, *bw += wcnt, wbuff += wcnt, fp->fptr += wcnt, fp->obj.objsize = (fp->fptr > fp->obj.objsize) ? fp->fptr : fp->obj.objsize) {	/* Repeat until all data written */
      004116 DD 7E 04         [19]10102 	ld	a, 4 (ix)
      004119 91               [ 4]10103 	sub	a, c
      00411A DD 77 04         [19]10104 	ld	4 (ix), a
      00411D DD 7E 05         [19]10105 	ld	a, 5 (ix)
      004120 98               [ 4]10106 	sbc	a, b
      004121 DD 77 05         [19]10107 	ld	5 (ix), a
      004124 DD 6E CC         [19]10108 	ld	l, -52 (ix)
      004127 DD 66 CD         [19]10109 	ld	h, -51 (ix)
      00412A 7E               [ 7]10110 	ld	a, (hl)
      00412B 23               [ 6]10111 	inc	hl
      00412C 66               [ 7]10112 	ld	h, (hl)
                                  10113 ;	spillPairReg hl
      00412D 6F               [ 4]10114 	ld	l, a
                                  10115 ;	spillPairReg hl
                                  10116 ;	spillPairReg hl
      00412E 09               [11]10117 	add	hl, bc
      00412F EB               [ 4]10118 	ex	de, hl
      004130 DD 6E CC         [19]10119 	ld	l, -52 (ix)
      004133 DD 66 CD         [19]10120 	ld	h, -51 (ix)
      004136 73               [ 7]10121 	ld	(hl), e
      004137 23               [ 6]10122 	inc	hl
      004138 72               [ 7]10123 	ld	(hl), d
      004139 79               [ 4]10124 	ld	a, c
      00413A DD 86 FE         [19]10125 	add	a, -2 (ix)
      00413D DD 77 FE         [19]10126 	ld	-2 (ix), a
      004140 78               [ 4]10127 	ld	a, b
      004141 DD 8E FF         [19]10128 	adc	a, -1 (ix)
      004144 DD 77 FF         [19]10129 	ld	-1 (ix), a
      004147 C5               [11]10130 	push	bc
      004148 DD 5E D2         [19]10131 	ld	e, -46 (ix)
      00414B DD 56 D3         [19]10132 	ld	d, -45 (ix)
      00414E 21 30 00         [10]10133 	ld	hl, #48
      004151 39               [11]10134 	add	hl, sp
      004152 EB               [ 4]10135 	ex	de, hl
      004153 01 04 00         [10]10136 	ld	bc, #0x0004
      004156 ED B0            [21]10137 	ldir
      004158 C1               [10]10138 	pop	bc
      004159 11 00 00         [10]10139 	ld	de, #0x0000
      00415C DD 7E F4         [19]10140 	ld	a, -12 (ix)
      00415F 81               [ 4]10141 	add	a, c
      004160 DD 77 F8         [19]10142 	ld	-8 (ix), a
      004163 DD 7E F5         [19]10143 	ld	a, -11 (ix)
      004166 88               [ 4]10144 	adc	a, b
      004167 DD 77 F9         [19]10145 	ld	-7 (ix), a
      00416A DD 7E F6         [19]10146 	ld	a, -10 (ix)
      00416D 8B               [ 4]10147 	adc	a, e
      00416E DD 77 FA         [19]10148 	ld	-6 (ix), a
      004171 DD 7E F7         [19]10149 	ld	a, -9 (ix)
      004174 8A               [ 4]10150 	adc	a, d
      004175 DD 77 FB         [19]10151 	ld	-5 (ix), a
      004178 DD 5E D2         [19]10152 	ld	e, -46 (ix)
      00417B DD 56 D3         [19]10153 	ld	d, -45 (ix)
      00417E 21 32 00         [10]10154 	ld	hl, #50
      004181 39               [11]10155 	add	hl, sp
      004182 01 04 00         [10]10156 	ld	bc, #0x0004
      004185 ED B0            [21]10157 	ldir
      004187 DD 6E EA         [19]10158 	ld	l, -22 (ix)
      00418A DD 66 EB         [19]10159 	ld	h, -21 (ix)
      00418D 4E               [ 7]10160 	ld	c, (hl)
      00418E 23               [ 6]10161 	inc	hl
      00418F 46               [ 7]10162 	ld	b, (hl)
      004190 23               [ 6]10163 	inc	hl
      004191 5E               [ 7]10164 	ld	e, (hl)
      004192 23               [ 6]10165 	inc	hl
      004193 56               [ 7]10166 	ld	d, (hl)
      004194 79               [ 4]10167 	ld	a, c
      004195 DD 96 F8         [19]10168 	sub	a, -8 (ix)
      004198 78               [ 4]10169 	ld	a, b
      004199 DD 9E F9         [19]10170 	sbc	a, -7 (ix)
      00419C 7B               [ 4]10171 	ld	a, e
      00419D DD 9E FA         [19]10172 	sbc	a, -6 (ix)
      0041A0 7A               [ 4]10173 	ld	a, d
      0041A1 DD 9E FB         [19]10174 	sbc	a, -5 (ix)
      0041A4 30 12            [12]10175 	jr	NC, 00155$
      0041A6 DD 5E D2         [19]10176 	ld	e, -46 (ix)
      0041A9 DD 56 D3         [19]10177 	ld	d, -45 (ix)
      0041AC 21 32 00         [10]10178 	ld	hl, #50
      0041AF 39               [11]10179 	add	hl, sp
      0041B0 EB               [ 4]10180 	ex	de, hl
      0041B1 01 04 00         [10]10181 	ld	bc, #0x0004
      0041B4 ED B0            [21]10182 	ldir
      0041B6 18 0C            [12]10183 	jr	00156$
      0041B8                      10184 00155$:
      0041B8 DD 71 F8         [19]10185 	ld	-8 (ix), c
      0041BB DD 70 F9         [19]10186 	ld	-7 (ix), b
      0041BE DD 73 FA         [19]10187 	ld	-6 (ix), e
      0041C1 DD 72 FB         [19]10188 	ld	-5 (ix), d
      0041C4                      10189 00156$:
      0041C4 DD 5E EA         [19]10190 	ld	e, -22 (ix)
      0041C7 DD 56 EB         [19]10191 	ld	d, -21 (ix)
      0041CA 21 32 00         [10]10192 	ld	hl, #50
      0041CD 39               [11]10193 	add	hl, sp
      0041CE 01 04 00         [10]10194 	ld	bc, #0x0004
      0041D1 ED B0            [21]10195 	ldir
      0041D3 C3r24r3D         [10]10196 	jp	00150$
      0041D6                      10197 00148$:
                                  10198 ;ff.c:4206: fp->flag |= FA_MODIFIED;				/* Set file change flag */
      0041D6 DD 6E D0         [19]10199 	ld	l, -48 (ix)
      0041D9 DD 66 D1         [19]10200 	ld	h, -47 (ix)
      0041DC 7E               [ 7]10201 	ld	a, (hl)
      0041DD CB F7            [ 8]10202 	set	6, a
      0041DF DD 6E D0         [19]10203 	ld	l, -48 (ix)
      0041E2 DD 66 D1         [19]10204 	ld	h, -47 (ix)
      0041E5 77               [ 7]10205 	ld	(hl), a
                                  10206 ;ff.c:4208: LEAVE_FF(fs, FR_OK);
      0041E6 AF               [ 4]10207 	xor	a, a
      0041E7                      10208 00151$:
                                  10209 ;ff.c:4209: }
      0041E7 DD F9            [10]10210 	ld	sp, ix
      0041E9 DD E1            [14]10211 	pop	ix
      0041EB E1               [10]10212 	pop	hl
      0041EC C1               [10]10213 	pop	bc
      0041ED C1               [10]10214 	pop	bc
      0041EE E9               [ 4]10215 	jp	(hl)
                                  10216 ;ff.c:4218: FRESULT f_sync (
                                  10217 ;	---------------------------------
                                  10218 ; Function f_sync
                                  10219 ; ---------------------------------
      0041EF                      10220 _f_sync::
      0041EF DD E5            [15]10221 	push	ix
      0041F1 DD 21 00 00      [14]10222 	ld	ix,#0
      0041F5 DD 39            [15]10223 	add	ix,sp
      0041F7 FD 21 F6 FF      [14]10224 	ld	iy, #-10
      0041FB FD 39            [15]10225 	add	iy, sp
      0041FD FD F9            [10]10226 	ld	sp, iy
      0041FF 4D               [ 4]10227 	ld	c, l
      004200 44               [ 4]10228 	ld	b, h
                                  10229 ;ff.c:4226: res = validate(&fp->obj, &fs);	/* Check validity of the file object */
      004201 C5               [11]10230 	push	bc
      004202 21 02 00         [10]10231 	ld	hl, #2
      004205 39               [11]10232 	add	hl, sp
      004206 EB               [ 4]10233 	ex	de, hl
      004207 69               [ 4]10234 	ld	l, c
                                  10235 ;	spillPairReg hl
                                  10236 ;	spillPairReg hl
      004208 60               [ 4]10237 	ld	h, b
                                  10238 ;	spillPairReg hl
                                  10239 ;	spillPairReg hl
      004209 CDr97r2E         [17]10240 	call	_validate
      00420C C1               [10]10241 	pop	bc
                                  10242 ;ff.c:4227: if (res == FR_OK) {
      00420D 5F               [ 4]10243 	ld	e, a
      00420E B7               [ 4]10244 	or	a, a
      00420F C2r3Dr43         [10]10245 	jp	NZ, 00110$
                                  10246 ;ff.c:4228: if (fp->flag & FA_MODIFIED) {	/* Is there any change to the file? */
      004212 21 0E 00         [10]10247 	ld	hl, #0x000e
      004215 09               [11]10248 	add	hl, bc
      004216 DD 75 F8         [19]10249 	ld	-8 (ix), l
      004219 DD 74 F9         [19]10250 	ld	-7 (ix), h
      00421C 7E               [ 7]10251 	ld	a, (hl)
      00421D CB 77            [ 8]10252 	bit	6, a
      00421F CAr3Dr43         [10]10253 	jp	Z,00110$
                                  10254 ;ff.c:4230: if (fp->flag & FA_DIRTY) {	/* Write-back cached data if needed */
      004222 07               [ 4]10255 	rlca
      004223 30 4D            [12]10256 	jr	NC, 00104$
                                  10257 ;ff.c:4231: if (disk_write(fs->pdrv, fp->buf, fp->sect, 1) != RES_OK) LEAVE_FF(fs, FR_DISK_ERR);
      004225 59               [ 4]10258 	ld	e, c
      004226 50               [ 4]10259 	ld	d, b
      004227 C5               [11]10260 	push	bc
      004228 21 08 00         [10]10261 	ld	hl, #8
      00422B 39               [11]10262 	add	hl, sp
      00422C EB               [ 4]10263 	ex	de, hl
      00422D 01 18 00         [10]10264 	ld	bc, #0x0018
      004230 09               [11]10265 	add	hl, bc
      004231 01 04 00         [10]10266 	ld	bc, #0x0004
      004234 ED B0            [21]10267 	ldir
      004236 C1               [10]10268 	pop	bc
      004237 FD 21 22 00      [14]10269 	ld	iy, #0x0022
      00423B FD 09            [15]10270 	add	iy, bc
      00423D E1               [10]10271 	pop	hl
      00423E E5               [11]10272 	push	hl
      00423F 23               [ 6]10273 	inc	hl
      004240 6E               [ 7]10274 	ld	l, (hl)
                                  10275 ;	spillPairReg hl
      004241 C5               [11]10276 	push	bc
      004242 11 01 00         [10]10277 	ld	de, #0x0001
      004245 D5               [11]10278 	push	de
      004246 DD 5E FE         [19]10279 	ld	e, -2 (ix)
      004249 DD 56 FF         [19]10280 	ld	d, -1 (ix)
      00424C D5               [11]10281 	push	de
      00424D DD 5E FC         [19]10282 	ld	e, -4 (ix)
      004250 DD 56 FD         [19]10283 	ld	d, -3 (ix)
      004253 D5               [11]10284 	push	de
      004254 FD E5            [15]10285 	push	iy
      004256 D1               [10]10286 	pop	de
      004257 7D               [ 4]10287 	ld	a, l
      004258 CDr00r00         [17]10288 	call	_disk_write
      00425B C1               [10]10289 	pop	bc
      00425C B7               [ 4]10290 	or	a, a
      00425D 28 05            [12]10291 	jr	Z, 00102$
      00425F 3E 01            [ 7]10292 	ld	a, #0x01
      004261 C3r3Er43         [10]10293 	jp	00111$
      004264                      10294 00102$:
                                  10295 ;ff.c:4232: fp->flag &= (BYTE)~FA_DIRTY;
      004264 DD 6E F8         [19]10296 	ld	l, -8 (ix)
      004267 DD 66 F9         [19]10297 	ld	h, -7 (ix)
      00426A 7E               [ 7]10298 	ld	a, (hl)
      00426B CB BF            [ 8]10299 	res	7, a
      00426D D1               [10]10300 	pop	de
      00426E E1               [10]10301 	pop	hl
      00426F E5               [11]10302 	push	hl
      004270 D5               [11]10303 	push	de
      004271 77               [ 7]10304 	ld	(hl), a
      004272                      10305 00104$:
                                  10306 ;ff.c:4270: res = move_window(fs, fp->dir_sect);
      004272 59               [ 4]10307 	ld	e, c
      004273 50               [ 4]10308 	ld	d, b
      004274 21 1C 00         [10]10309 	ld	hl, #28
      004277 19               [11]10310 	add	hl, de
      004278 5E               [ 7]10311 	ld	e, (hl)
      004279 23               [ 6]10312 	inc	hl
      00427A 56               [ 7]10313 	ld	d, (hl)
      00427B 23               [ 6]10314 	inc	hl
      00427C 23               [ 6]10315 	inc	hl
      00427D 7E               [ 7]10316 	ld	a, (hl)
      00427E 2B               [ 6]10317 	dec	hl
      00427F 6E               [ 7]10318 	ld	l, (hl)
                                  10319 ;	spillPairReg hl
      004280 67               [ 4]10320 	ld	h, a
                                  10321 ;	spillPairReg hl
                                  10322 ;	spillPairReg hl
      004281 C5               [11]10323 	push	bc
      004282 E5               [11]10324 	push	hl
      004283 D5               [11]10325 	push	de
      004284 DD 6E F6         [19]10326 	ld	l, -10 (ix)
                                  10327 ;	spillPairReg hl
                                  10328 ;	spillPairReg hl
      004287 DD 66 F7         [19]10329 	ld	h, -9 (ix)
                                  10330 ;	spillPairReg hl
                                  10331 ;	spillPairReg hl
      00428A CDrDFr02         [17]10332 	call	_move_window
      00428D C1               [10]10333 	pop	bc
                                  10334 ;ff.c:4271: if (res == FR_OK) {
      00428E 5F               [ 4]10335 	ld	e, a
      00428F B7               [ 4]10336 	or	a, a
      004290 C2r3Dr43         [10]10337 	jp	NZ, 00110$
                                  10338 ;ff.c:4272: BYTE *dir = fp->dir_ptr;
      004293 59               [ 4]10339 	ld	e, c
      004294 50               [ 4]10340 	ld	d, b
      004295 21 20 00         [10]10341 	ld	hl, #32
      004298 19               [11]10342 	add	hl, de
      004299 7E               [ 7]10343 	ld	a, (hl)
      00429A DD 77 FA         [19]10344 	ld	-6 (ix), a
      00429D 23               [ 6]10345 	inc	hl
      00429E 7E               [ 7]10346 	ld	a, (hl)
      00429F DD 77 FB         [19]10347 	ld	-5 (ix), a
                                  10348 ;ff.c:4274: dir[DIR_Attr] |= AM_ARC;					/* Set archive attribute to indicate that the file has been changed */
      0042A2 DD 6E FA         [19]10349 	ld	l, -6 (ix)
      0042A5 DD 66 FB         [19]10350 	ld	h, -5 (ix)
      0042A8 11 0B 00         [10]10351 	ld	de, #0x000b
      0042AB 19               [11]10352 	add	hl, de
      0042AC CB EE            [15]10353 	set	5, (hl)
                                  10354 ;ff.c:4275: st_clust(fp->obj.fs, dir, fp->obj.sclust);	/* Update file allocation information  */
      0042AE 59               [ 4]10355 	ld	e, c
      0042AF 50               [ 4]10356 	ld	d, b
      0042B0 C5               [11]10357 	push	bc
      0042B1 21 08 00         [10]10358 	ld	hl, #8
      0042B4 39               [11]10359 	add	hl, sp
      0042B5 EB               [ 4]10360 	ex	de, hl
      0042B6 01 06 00         [10]10361 	ld	bc, #0x0006
      0042B9 09               [11]10362 	add	hl, bc
      0042BA 01 04 00         [10]10363 	ld	bc, #0x0004
      0042BD ED B0            [21]10364 	ldir
      0042BF C1               [10]10365 	pop	bc
      0042C0 69               [ 4]10366 	ld	l, c
      0042C1 60               [ 4]10367 	ld	h, b
      0042C2 7E               [ 7]10368 	ld	a, (hl)
      0042C3 23               [ 6]10369 	inc	hl
      0042C4 66               [ 7]10370 	ld	h, (hl)
                                  10371 ;	spillPairReg hl
      0042C5 6F               [ 4]10372 	ld	l, a
                                  10373 ;	spillPairReg hl
                                  10374 ;	spillPairReg hl
      0042C6 C5               [11]10375 	push	bc
      0042C7 DD 5E FE         [19]10376 	ld	e, -2 (ix)
      0042CA DD 56 FF         [19]10377 	ld	d, -1 (ix)
      0042CD D5               [11]10378 	push	de
      0042CE DD 5E FC         [19]10379 	ld	e, -4 (ix)
      0042D1 DD 56 FD         [19]10380 	ld	d, -3 (ix)
      0042D4 D5               [11]10381 	push	de
      0042D5 DD 5E FA         [19]10382 	ld	e, -6 (ix)
      0042D8 DD 56 FB         [19]10383 	ld	d, -5 (ix)
      0042DB CDrDBr1A         [17]10384 	call	_st_clust
      0042DE C1               [10]10385 	pop	bc
                                  10386 ;ff.c:4276: st_32(dir + DIR_FileSize, (DWORD)fp->obj.objsize);	/* Update file size */
      0042DF 21 0A 00         [10]10387 	ld	hl, #10
      0042E2 09               [11]10388 	add	hl, bc
      0042E3 4E               [ 7]10389 	ld	c, (hl)
      0042E4 23               [ 6]10390 	inc	hl
      0042E5 46               [ 7]10391 	ld	b, (hl)
      0042E6 23               [ 6]10392 	inc	hl
      0042E7 5E               [ 7]10393 	ld	e, (hl)
      0042E8 23               [ 6]10394 	inc	hl
      0042E9 56               [ 7]10395 	ld	d, (hl)
      0042EA DD 7E FA         [19]10396 	ld	a, -6 (ix)
      0042ED C6 1C            [ 7]10397 	add	a, #0x1c
      0042EF 6F               [ 4]10398 	ld	l, a
                                  10399 ;	spillPairReg hl
                                  10400 ;	spillPairReg hl
      0042F0 DD 7E FB         [19]10401 	ld	a, -5 (ix)
      0042F3 CE 00            [ 7]10402 	adc	a, #0x00
      0042F5 67               [ 4]10403 	ld	h, a
                                  10404 ;	spillPairReg hl
                                  10405 ;	spillPairReg hl
      0042F6 D5               [11]10406 	push	de
      0042F7 C5               [11]10407 	push	bc
      0042F8 CDrADr00         [17]10408 	call	_st_32
                                  10409 ;ff.c:4277: st_32(dir + DIR_ModTime, GET_FATTIME());	/* Update modified time */
      0042FB CDr00r00         [17]10410 	call	_get_fattime
      0042FE 4D               [ 4]10411 	ld	c, l
      0042FF 44               [ 4]10412 	ld	b, h
      004300 DD 7E FA         [19]10413 	ld	a, -6 (ix)
      004303 C6 16            [ 7]10414 	add	a, #0x16
      004305 6F               [ 4]10415 	ld	l, a
                                  10416 ;	spillPairReg hl
                                  10417 ;	spillPairReg hl
      004306 DD 7E FB         [19]10418 	ld	a, -5 (ix)
      004309 CE 00            [ 7]10419 	adc	a, #0x00
      00430B 67               [ 4]10420 	ld	h, a
                                  10421 ;	spillPairReg hl
                                  10422 ;	spillPairReg hl
      00430C C5               [11]10423 	push	bc
      00430D D5               [11]10424 	push	de
      00430E CDrADr00         [17]10425 	call	_st_32
                                  10426 ;ff.c:4278: st_16(dir + DIR_LstAccDate, 0);				/* Invalidate last access date */
      004311 DD 6E FA         [19]10427 	ld	l, -6 (ix)
      004314 DD 66 FB         [19]10428 	ld	h, -5 (ix)
      004317 11 12 00         [10]10429 	ld	de, #0x0012
      00431A 19               [11]10430 	add	hl, de
      00431B 11 00 00         [10]10431 	ld	de, #0x0000
      00431E CDrA9r00         [17]10432 	call	_st_16
                                  10433 ;ff.c:4279: fs->wflag = 1;
      004321 C1               [10]10434 	pop	bc
      004322 C5               [11]10435 	push	bc
      004323 21 04 00         [10]10436 	ld	hl, #0x0004
      004326 09               [11]10437 	add	hl, bc
      004327 36 01            [10]10438 	ld	(hl), #0x01
                                  10439 ;ff.c:4280: res = sync_fs(fs);							/* Restore it to the directory */
      004329 E1               [10]10440 	pop	hl
      00432A E5               [11]10441 	push	hl
      00432B CDr76r03         [17]10442 	call	_sync_fs
      00432E 5F               [ 4]10443 	ld	e, a
                                  10444 ;ff.c:4281: fp->flag &= (BYTE)~FA_MODIFIED;
      00432F DD 6E F8         [19]10445 	ld	l, -8 (ix)
      004332 DD 66 F9         [19]10446 	ld	h, -7 (ix)
      004335 7E               [ 7]10447 	ld	a, (hl)
      004336 CB B7            [ 8]10448 	res	6, a
      004338 C1               [10]10449 	pop	bc
      004339 E1               [10]10450 	pop	hl
      00433A E5               [11]10451 	push	hl
      00433B C5               [11]10452 	push	bc
      00433C 77               [ 7]10453 	ld	(hl), a
      00433D                      10454 00110$:
                                  10455 ;ff.c:4287: LEAVE_FF(fs, res);
      00433D 7B               [ 4]10456 	ld	a, e
      00433E                      10457 00111$:
                                  10458 ;ff.c:4288: }
      00433E DD F9            [10]10459 	ld	sp, ix
      004340 DD E1            [14]10460 	pop	ix
      004342 C9               [10]10461 	ret
                                  10462 ;ff.c:4299: FRESULT f_close (
                                  10463 ;	---------------------------------
                                  10464 ; Function f_close
                                  10465 ; ---------------------------------
      004343                      10466 _f_close::
      004343 DD E5            [15]10467 	push	ix
      004345 DD 21 00 00      [14]10468 	ld	ix,#0
      004349 DD 39            [15]10469 	add	ix,sp
      00434B F5               [11]10470 	push	af
      00434C 4D               [ 4]10471 	ld	c, l
      00434D 44               [ 4]10472 	ld	b, h
                                  10473 ;ff.c:4307: res = f_sync(fp);					/* Flush cached data */
      00434E C5               [11]10474 	push	bc
      00434F 69               [ 4]10475 	ld	l, c
                                  10476 ;	spillPairReg hl
                                  10477 ;	spillPairReg hl
      004350 60               [ 4]10478 	ld	h, b
                                  10479 ;	spillPairReg hl
                                  10480 ;	spillPairReg hl
      004351 CDrEFr41         [17]10481 	call	_f_sync
      004354 C1               [10]10482 	pop	bc
                                  10483 ;ff.c:4308: if (res == FR_OK)
      004355 B7               [ 4]10484 	or	a, a
      004356 20 16            [12]10485 	jr	NZ, 00104$
                                  10486 ;ff.c:4311: res = validate(&fp->obj, &fs);	/* Lock volume */
      004358 C5               [11]10487 	push	bc
      004359 21 02 00         [10]10488 	ld	hl, #2
      00435C 39               [11]10489 	add	hl, sp
      00435D EB               [ 4]10490 	ex	de, hl
      00435E 69               [ 4]10491 	ld	l, c
                                  10492 ;	spillPairReg hl
                                  10493 ;	spillPairReg hl
      00435F 60               [ 4]10494 	ld	h, b
                                  10495 ;	spillPairReg hl
                                  10496 ;	spillPairReg hl
      004360 CDr97r2E         [17]10497 	call	_validate
      004363 C1               [10]10498 	pop	bc
                                  10499 ;ff.c:4312: if (res == FR_OK) {
      004364 B7               [ 4]10500 	or	a, a
      004365 20 07            [12]10501 	jr	NZ, 00104$
                                  10502 ;ff.c:4317: fp->obj.fs = 0;	/* Invalidate file object */
      004367 F5               [11]10503 	push	af
      004368 AF               [ 4]10504 	xor	a, a
      004369 02               [ 7]10505 	ld	(bc), a
      00436A 03               [ 6]10506 	inc	bc
      00436B AF               [ 4]10507 	xor	a, a
      00436C 02               [ 7]10508 	ld	(bc), a
      00436D F1               [10]10509 	pop	af
      00436E                      10510 00104$:
                                  10511 ;ff.c:4324: return res;
                                  10512 ;ff.c:4325: }
      00436E DD F9            [10]10513 	ld	sp, ix
      004370 DD E1            [14]10514 	pop	ix
      004372 C9               [10]10515 	ret
                                  10516 ;ff.c:4555: FRESULT f_lseek (
                                  10517 ;	---------------------------------
                                  10518 ; Function f_lseek
                                  10519 ; ---------------------------------
      004373                      10520 _f_lseek::
      004373 DD E5            [15]10521 	push	ix
      004375 DD 21 00 00      [14]10522 	ld	ix,#0
      004379 DD 39            [15]10523 	add	ix,sp
      00437B FD 21 DD FF      [14]10524 	ld	iy, #-35
      00437F FD 39            [15]10525 	add	iy, sp
      004381 FD F9            [10]10526 	ld	sp, iy
      004383 DD 75 FE         [19]10527 	ld	-2 (ix), l
      004386 DD 74 FF         [19]10528 	ld	-1 (ix), h
                                  10529 ;ff.c:4567: res = validate(&fp->obj, &fs);		/* Check validity of the file object */
      004389 21 04 00         [10]10530 	ld	hl, #4
      00438C 39               [11]10531 	add	hl, sp
      00438D EB               [ 4]10532 	ex	de, hl
      00438E DD 6E FE         [19]10533 	ld	l, -2 (ix)
                                  10534 ;	spillPairReg hl
                                  10535 ;	spillPairReg hl
      004391 DD 66 FF         [19]10536 	ld	h, -1 (ix)
                                  10537 ;	spillPairReg hl
                                  10538 ;	spillPairReg hl
      004394 CDr97r2E         [17]10539 	call	_validate
      004397 DD 77 E3         [19]10540 	ld	-29 (ix), a
                                  10541 ;ff.c:4568: if (res == FR_OK) res = (FRESULT)fp->err;
      00439A DD 7E FE         [19]10542 	ld	a, -2 (ix)
      00439D C6 0F            [ 7]10543 	add	a, #0x0f
      00439F DD 77 E4         [19]10544 	ld	-28 (ix), a
      0043A2 DD 7E FF         [19]10545 	ld	a, -1 (ix)
      0043A5 CE 00            [ 7]10546 	adc	a, #0x00
      0043A7 DD 77 E5         [19]10547 	ld	-27 (ix), a
      0043AA DD 7E E3         [19]10548 	ld	a, -29 (ix)
      0043AD B7               [ 4]10549 	or	a, a
      0043AE 20 0A            [12]10550 	jr	NZ, 00102$
      0043B0 DD 6E E4         [19]10551 	ld	l, -28 (ix)
      0043B3 DD 66 E5         [19]10552 	ld	h, -27 (ix)
      0043B6 7E               [ 7]10553 	ld	a, (hl)
      0043B7 DD 77 E3         [19]10554 	ld	-29 (ix), a
      0043BA                      10555 00102$:
                                  10556 ;ff.c:4574: if (res != FR_OK) LEAVE_FF(fs, res);
      0043BA DD 7E E3         [19]10557 	ld	a, -29 (ix)
      0043BD B7               [ 4]10558 	or	a, a
      0043BE 28 06            [12]10559 	jr	Z, 00104$
      0043C0 DD 7E E3         [19]10560 	ld	a, -29 (ix)
      0043C3 C3rBDr49         [10]10561 	jp	00155$
      0043C6                      10562 00104$:
                                  10563 ;ff.c:4637: if (ofs > fp->obj.objsize && (FF_FS_READONLY || !(fp->flag & FA_WRITE))) {	/* In read-only mode, clip offset with the file size */
      0043C6 DD 7E FE         [19]10564 	ld	a, -2 (ix)
      0043C9 C6 0A            [ 7]10565 	add	a, #0x0a
      0043CB DD 77 E6         [19]10566 	ld	-26 (ix), a
      0043CE DD 7E FF         [19]10567 	ld	a, -1 (ix)
      0043D1 CE 00            [ 7]10568 	adc	a, #0x00
      0043D3 DD 77 E7         [19]10569 	ld	-25 (ix), a
      0043D6 DD 5E E6         [19]10570 	ld	e, -26 (ix)
      0043D9 DD 56 E7         [19]10571 	ld	d, -25 (ix)
      0043DC 21 1D 00         [10]10572 	ld	hl, #29
      0043DF 39               [11]10573 	add	hl, sp
      0043E0 EB               [ 4]10574 	ex	de, hl
      0043E1 01 04 00         [10]10575 	ld	bc, #0x0004
      0043E4 ED B0            [21]10576 	ldir
      0043E6 DD 7E FE         [19]10577 	ld	a, -2 (ix)
      0043E9 C6 0E            [ 7]10578 	add	a, #0x0e
      0043EB DD 77 E8         [19]10579 	ld	-24 (ix), a
      0043EE DD 7E FF         [19]10580 	ld	a, -1 (ix)
      0043F1 CE 00            [ 7]10581 	adc	a, #0x00
      0043F3 DD 77 E9         [19]10582 	ld	-23 (ix), a
      0043F6 DD 7E FA         [19]10583 	ld	a, -6 (ix)
      0043F9 DD 96 04         [19]10584 	sub	a, 4 (ix)
      0043FC DD 7E FB         [19]10585 	ld	a, -5 (ix)
      0043FF DD 9E 05         [19]10586 	sbc	a, 5 (ix)
      004402 DD 7E FC         [19]10587 	ld	a, -4 (ix)
      004405 DD 9E 06         [19]10588 	sbc	a, 6 (ix)
      004408 DD 7E FD         [19]10589 	ld	a, -3 (ix)
      00440B DD 9E 07         [19]10590 	sbc	a, 7 (ix)
      00440E 30 18            [12]10591 	jr	NC, 00106$
      004410 DD 6E E8         [19]10592 	ld	l, -24 (ix)
      004413 DD 66 E9         [19]10593 	ld	h, -23 (ix)
      004416 CB 4E            [12]10594 	bit	1, (hl)
      004418 20 0E            [12]10595 	jr	NZ, 00106$
                                  10596 ;ff.c:4638: ofs = fp->obj.objsize;
      00441A 21 27 00         [10]10597 	ld	hl, #39
      00441D 39               [11]10598 	add	hl, sp
      00441E EB               [ 4]10599 	ex	de, hl
      00441F 21 1D 00         [10]10600 	ld	hl, #29
      004422 39               [11]10601 	add	hl, sp
      004423 01 04 00         [10]10602 	ld	bc, #4
      004426 ED B0            [21]10603 	ldir
      004428                      10604 00106$:
                                  10605 ;ff.c:4640: ifptr = fp->fptr;
      004428 DD 7E FE         [19]10606 	ld	a, -2 (ix)
      00442B C6 10            [ 7]10607 	add	a, #0x10
      00442D 4F               [ 4]10608 	ld	c, a
      00442E DD 7E FF         [19]10609 	ld	a, -1 (ix)
      004431 CE 00            [ 7]10610 	adc	a, #0x00
      004433 47               [ 4]10611 	ld	b, a
      004434 C5               [11]10612 	push	bc
      004435 59               [ 4]10613 	ld	e, c
      004436 50               [ 4]10614 	ld	d, b
      004437 21 02 00         [10]10615 	ld	hl, #2
      00443A 39               [11]10616 	add	hl, sp
      00443B EB               [ 4]10617 	ex	de, hl
      00443C 01 04 00         [10]10618 	ld	bc, #0x0004
      00443F ED B0            [21]10619 	ldir
      004441 C1               [10]10620 	pop	bc
                                  10621 ;ff.c:4641: fp->fptr = nsect = 0;
      004442 AF               [ 4]10622 	xor	a, a
      004443 DD 77 EA         [19]10623 	ld	-22 (ix), a
      004446 DD 77 EB         [19]10624 	ld	-21 (ix), a
      004449 DD 77 EC         [19]10625 	ld	-20 (ix), a
      00444C DD 77 ED         [19]10626 	ld	-19 (ix), a
      00444F 69               [ 4]10627 	ld	l, c
      004450 60               [ 4]10628 	ld	h, b
      004451 AF               [ 4]10629 	xor	a, a
      004452 77               [ 7]10630 	ld	(hl), a
      004453 23               [ 6]10631 	inc	hl
      004454 77               [ 7]10632 	ld	(hl), a
      004455 23               [ 6]10633 	inc	hl
      004456 77               [ 7]10634 	ld	(hl), a
      004457 23               [ 6]10635 	inc	hl
      004458 77               [ 7]10636 	ld	(hl), a
                                  10637 ;ff.c:4642: if (ofs > 0) {
      004459 DD 7E 07         [19]10638 	ld	a, 7 (ix)
      00445C DD B6 06         [19]10639 	or	a, 6 (ix)
      00445F DD B6 05         [19]10640 	or	a, 5 (ix)
      004462 DD B6 04         [19]10641 	or	a, 4 (ix)
      004465 CAr95r48         [10]10642 	jp	Z, 00145$
                                  10643 ;ff.c:4643: bcs = (DWORD)fs->csize * SS(fs);	/* Cluster size (byte) */
      004468 DD 5E E1         [19]10644 	ld	e, -31 (ix)
      00446B DD 56 E2         [19]10645 	ld	d, -30 (ix)
      00446E 21 0A 00         [10]10646 	ld	hl, #10
      004471 19               [11]10647 	add	hl, de
      004472 5E               [ 7]10648 	ld	e, (hl)
      004473 23               [ 6]10649 	inc	hl
      004474 56               [ 7]10650 	ld	d, (hl)
      004475 21 00 00         [10]10651 	ld	hl, #0x0000
      004478 65               [ 4]10652 	ld	h, l
                                  10653 ;	spillPairReg hl
                                  10654 ;	spillPairReg hl
      004479 6A               [ 4]10655 	ld	l, d
                                  10656 ;	spillPairReg hl
                                  10657 ;	spillPairReg hl
      00447A 53               [ 4]10658 	ld	d, e
      00447B 1E 00            [ 7]10659 	ld	e, #0x00
      00447D CB 22            [ 8]10660 	sla	d
      00447F ED 6A            [15]10661 	adc	hl, hl
      004481 DD 73 EE         [19]10662 	ld	-18 (ix), e
      004484 DD 72 EF         [19]10663 	ld	-17 (ix), d
      004487 DD 75 F0         [19]10664 	ld	-16 (ix), l
      00448A DD 74 F1         [19]10665 	ld	-15 (ix), h
                                  10666 ;ff.c:4648: clst = fp->clust;
      00448D DD 7E FE         [19]10667 	ld	a, -2 (ix)
      004490 C6 14            [ 7]10668 	add	a, #0x14
      004492 DD 77 F2         [19]10669 	ld	-14 (ix), a
      004495 DD 7E FF         [19]10670 	ld	a, -1 (ix)
      004498 CE 00            [ 7]10671 	adc	a, #0x00
      00449A DD 77 F3         [19]10672 	ld	-13 (ix), a
                                  10673 ;ff.c:4644: if (ifptr > 0 &&
      00449D DD 7E E0         [19]10674 	ld	a, -32 (ix)
      0044A0 DD B6 DF         [19]10675 	or	a, -33 (ix)
      0044A3 DD B6 DE         [19]10676 	or	a, -34 (ix)
      0044A6 DD B6 DD         [19]10677 	or	a, -35 (ix)
      0044A9 CArC1r45         [10]10678 	jp	Z, 00116$
                                  10679 ;ff.c:4645: (ofs - 1) / bcs >= (ifptr - 1) / bcs) {	/* When seek to same or following cluster, */
      0044AC DD 7E 04         [19]10680 	ld	a, 4 (ix)
      0044AF C6 FF            [ 7]10681 	add	a, #0xff
      0044B1 5F               [ 4]10682 	ld	e, a
      0044B2 DD 7E 05         [19]10683 	ld	a, 5 (ix)
      0044B5 CE FF            [ 7]10684 	adc	a, #0xff
      0044B7 57               [ 4]10685 	ld	d, a
      0044B8 DD 7E 06         [19]10686 	ld	a, 6 (ix)
      0044BB CE FF            [ 7]10687 	adc	a, #0xff
      0044BD 6F               [ 4]10688 	ld	l, a
                                  10689 ;	spillPairReg hl
                                  10690 ;	spillPairReg hl
      0044BE DD 7E 07         [19]10691 	ld	a, 7 (ix)
      0044C1 CE FF            [ 7]10692 	adc	a, #0xff
      0044C3 67               [ 4]10693 	ld	h, a
                                  10694 ;	spillPairReg hl
                                  10695 ;	spillPairReg hl
      0044C4 C5               [11]10696 	push	bc
      0044C5 E5               [11]10697 	push	hl
      0044C6 DD 6E F0         [19]10698 	ld	l, -16 (ix)
                                  10699 ;	spillPairReg hl
                                  10700 ;	spillPairReg hl
      0044C9 DD 66 F1         [19]10701 	ld	h, -15 (ix)
                                  10702 ;	spillPairReg hl
                                  10703 ;	spillPairReg hl
      0044CC E3               [19]10704 	ex	(sp), hl
      0044CD E5               [11]10705 	push	hl
      0044CE DD 6E EE         [19]10706 	ld	l, -18 (ix)
                                  10707 ;	spillPairReg hl
                                  10708 ;	spillPairReg hl
      0044D1 DD 66 EF         [19]10709 	ld	h, -17 (ix)
                                  10710 ;	spillPairReg hl
                                  10711 ;	spillPairReg hl
      0044D4 E3               [19]10712 	ex	(sp), hl
      0044D5 CDr00r00         [17]10713 	call	__divulong
      0044D8 F1               [10]10714 	pop	af
      0044D9 F1               [10]10715 	pop	af
      0044DA DD 73 F6         [19]10716 	ld	-10 (ix), e
      0044DD DD 72 F7         [19]10717 	ld	-9 (ix), d
      0044E0 DD 75 F8         [19]10718 	ld	-8 (ix), l
      0044E3 DD 74 F9         [19]10719 	ld	-7 (ix), h
      0044E6 C1               [10]10720 	pop	bc
      0044E7 DD 7E DD         [19]10721 	ld	a, -35 (ix)
      0044EA C6 FF            [ 7]10722 	add	a, #0xff
      0044EC DD 77 FA         [19]10723 	ld	-6 (ix), a
      0044EF DD 7E DE         [19]10724 	ld	a, -34 (ix)
      0044F2 CE FF            [ 7]10725 	adc	a, #0xff
      0044F4 DD 77 FB         [19]10726 	ld	-5 (ix), a
      0044F7 DD 7E DF         [19]10727 	ld	a, -33 (ix)
      0044FA CE FF            [ 7]10728 	adc	a, #0xff
      0044FC DD 77 FC         [19]10729 	ld	-4 (ix), a
      0044FF DD 7E E0         [19]10730 	ld	a, -32 (ix)
      004502 CE FF            [ 7]10731 	adc	a, #0xff
      004504 DD 77 FD         [19]10732 	ld	-3 (ix), a
      004507 C5               [11]10733 	push	bc
      004508 DD 6E F0         [19]10734 	ld	l, -16 (ix)
                                  10735 ;	spillPairReg hl
                                  10736 ;	spillPairReg hl
      00450B DD 66 F1         [19]10737 	ld	h, -15 (ix)
                                  10738 ;	spillPairReg hl
                                  10739 ;	spillPairReg hl
      00450E E5               [11]10740 	push	hl
      00450F DD 6E EE         [19]10741 	ld	l, -18 (ix)
                                  10742 ;	spillPairReg hl
                                  10743 ;	spillPairReg hl
      004512 DD 66 EF         [19]10744 	ld	h, -17 (ix)
                                  10745 ;	spillPairReg hl
                                  10746 ;	spillPairReg hl
      004515 E5               [11]10747 	push	hl
      004516 DD 5E FA         [19]10748 	ld	e, -6 (ix)
      004519 DD 56 FB         [19]10749 	ld	d, -5 (ix)
      00451C DD 6E FC         [19]10750 	ld	l, -4 (ix)
                                  10751 ;	spillPairReg hl
                                  10752 ;	spillPairReg hl
      00451F DD 66 FD         [19]10753 	ld	h, -3 (ix)
                                  10754 ;	spillPairReg hl
                                  10755 ;	spillPairReg hl
      004522 CDr00r00         [17]10756 	call	__divulong
      004525 F1               [10]10757 	pop	af
      004526 F1               [10]10758 	pop	af
      004527 C1               [10]10759 	pop	bc
      004528 DD 7E F6         [19]10760 	ld	a, -10 (ix)
      00452B 93               [ 4]10761 	sub	a, e
      00452C DD 7E F7         [19]10762 	ld	a, -9 (ix)
      00452F 9A               [ 4]10763 	sbc	a, d
      004530 DD 7E F8         [19]10764 	ld	a, -8 (ix)
      004533 9D               [ 4]10765 	sbc	a, l
      004534 DD 7E F9         [19]10766 	ld	a, -7 (ix)
      004537 9C               [ 4]10767 	sbc	a, h
      004538 DArC1r45         [10]10768 	jp	C, 00116$
                                  10769 ;ff.c:4646: fp->fptr = (ifptr - 1) & ~(FSIZE_t)(bcs - 1);	/* start from the current cluster */
      00453B DD 7E EE         [19]10770 	ld	a, -18 (ix)
      00453E C6 FF            [ 7]10771 	add	a, #0xff
      004540 5F               [ 4]10772 	ld	e, a
      004541 DD 7E EF         [19]10773 	ld	a, -17 (ix)
      004544 CE FF            [ 7]10774 	adc	a, #0xff
      004546 57               [ 4]10775 	ld	d, a
      004547 DD 7E F0         [19]10776 	ld	a, -16 (ix)
      00454A CE FF            [ 7]10777 	adc	a, #0xff
      00454C 6F               [ 4]10778 	ld	l, a
                                  10779 ;	spillPairReg hl
                                  10780 ;	spillPairReg hl
      00454D DD 7E F1         [19]10781 	ld	a, -15 (ix)
      004550 CE FF            [ 7]10782 	adc	a, #0xff
      004552 67               [ 4]10783 	ld	h, a
                                  10784 ;	spillPairReg hl
                                  10785 ;	spillPairReg hl
      004553 7B               [ 4]10786 	ld	a, e
      004554 2F               [ 4]10787 	cpl
      004555 F5               [11]10788 	push	af
      004556 7A               [ 4]10789 	ld	a, d
      004557 2F               [ 4]10790 	cpl
      004558 5F               [ 4]10791 	ld	e, a
      004559 7D               [ 4]10792 	ld	a, l
      00455A 2F               [ 4]10793 	cpl
      00455B 6F               [ 4]10794 	ld	l, a
                                  10795 ;	spillPairReg hl
                                  10796 ;	spillPairReg hl
      00455C 7C               [ 4]10797 	ld	a, h
      00455D 2F               [ 4]10798 	cpl
      00455E 67               [ 4]10799 	ld	h, a
                                  10800 ;	spillPairReg hl
                                  10801 ;	spillPairReg hl
      00455F F1               [10]10802 	pop	af
      004560 DD A6 FA         [19]10803 	and	a, -6 (ix)
      004563 DD 77 F6         [19]10804 	ld	-10 (ix), a
      004566 7B               [ 4]10805 	ld	a, e
      004567 DD A6 FB         [19]10806 	and	a, -5 (ix)
      00456A DD 77 F7         [19]10807 	ld	-9 (ix), a
      00456D 7D               [ 4]10808 	ld	a, l
      00456E DD A6 FC         [19]10809 	and	a, -4 (ix)
      004571 DD 77 F8         [19]10810 	ld	-8 (ix), a
      004574 7C               [ 4]10811 	ld	a, h
      004575 DD A6 FD         [19]10812 	and	a, -3 (ix)
      004578 DD 77 F9         [19]10813 	ld	-7 (ix), a
      00457B C5               [11]10814 	push	bc
      00457C 59               [ 4]10815 	ld	e, c
      00457D 50               [ 4]10816 	ld	d, b
      00457E 21 1B 00         [10]10817 	ld	hl, #27
      004581 39               [11]10818 	add	hl, sp
      004582 01 04 00         [10]10819 	ld	bc, #0x0004
      004585 ED B0            [21]10820 	ldir
      004587 C1               [10]10821 	pop	bc
                                  10822 ;ff.c:4647: ofs -= fp->fptr;
      004588 DD 7E 04         [19]10823 	ld	a, 4 (ix)
      00458B DD 96 F6         [19]10824 	sub	a, -10 (ix)
      00458E DD 77 04         [19]10825 	ld	4 (ix), a
      004591 DD 7E 05         [19]10826 	ld	a, 5 (ix)
      004594 DD 9E F7         [19]10827 	sbc	a, -9 (ix)
      004597 DD 77 05         [19]10828 	ld	5 (ix), a
      00459A DD 7E 06         [19]10829 	ld	a, 6 (ix)
      00459D DD 9E F8         [19]10830 	sbc	a, -8 (ix)
      0045A0 DD 77 06         [19]10831 	ld	6 (ix), a
      0045A3 DD 7E 07         [19]10832 	ld	a, 7 (ix)
      0045A6 DD 9E F9         [19]10833 	sbc	a, -7 (ix)
      0045A9 DD 77 07         [19]10834 	ld	7 (ix), a
                                  10835 ;ff.c:4648: clst = fp->clust;
      0045AC C5               [11]10836 	push	bc
      0045AD DD 5E F2         [19]10837 	ld	e, -14 (ix)
      0045B0 DD 56 F3         [19]10838 	ld	d, -13 (ix)
      0045B3 21 19 00         [10]10839 	ld	hl, #25
      0045B6 39               [11]10840 	add	hl, sp
      0045B7 EB               [ 4]10841 	ex	de, hl
      0045B8 01 04 00         [10]10842 	ld	bc, #0x0004
      0045BB ED B0            [21]10843 	ldir
      0045BD C1               [10]10844 	pop	bc
      0045BE C3r67r46         [10]10845 	jp	00117$
      0045C1                      10846 00116$:
                                  10847 ;ff.c:4650: clst = fp->obj.sclust;					/* start from the first cluster */
      0045C1 DD 7E FE         [19]10848 	ld	a, -2 (ix)
      0045C4 C6 06            [ 7]10849 	add	a, #0x06
      0045C6 DD 77 FC         [19]10850 	ld	-4 (ix), a
      0045C9 DD 7E FF         [19]10851 	ld	a, -1 (ix)
      0045CC CE 00            [ 7]10852 	adc	a, #0x00
      0045CE DD 77 FD         [19]10853 	ld	-3 (ix), a
      0045D1 C5               [11]10854 	push	bc
      0045D2 DD 5E FC         [19]10855 	ld	e, -4 (ix)
      0045D5 DD 56 FD         [19]10856 	ld	d, -3 (ix)
      0045D8 21 19 00         [10]10857 	ld	hl, #25
      0045DB 39               [11]10858 	add	hl, sp
      0045DC EB               [ 4]10859 	ex	de, hl
      0045DD 01 04 00         [10]10860 	ld	bc, #0x0004
      0045E0 ED B0            [21]10861 	ldir
      0045E2 C1               [10]10862 	pop	bc
                                  10863 ;ff.c:4652: if (clst == 0) {						/* If no cluster chain, create a new chain */
      0045E3 DD 7E F7         [19]10864 	ld	a, -9 (ix)
      0045E6 DD B6 F6         [19]10865 	or	a, -10 (ix)
      0045E9 DD B6 F5         [19]10866 	or	a, -11 (ix)
      0045EC DD B6 F4         [19]10867 	or	a, -12 (ix)
      0045EF 20 65            [12]10868 	jr	NZ, 00114$
                                  10869 ;ff.c:4653: clst = create_chain(&fp->obj, 0);
      0045F1 C5               [11]10870 	push	bc
      0045F2 21 00 00         [10]10871 	ld	hl, #0x0000
      0045F5 E5               [11]10872 	push	hl
      0045F6 E5               [11]10873 	push	hl
      0045F7 DD 6E FE         [19]10874 	ld	l, -2 (ix)
                                  10875 ;	spillPairReg hl
                                  10876 ;	spillPairReg hl
      0045FA DD 66 FF         [19]10877 	ld	h, -1 (ix)
                                  10878 ;	spillPairReg hl
                                  10879 ;	spillPairReg hl
      0045FD CDrACr0D         [17]10880 	call	_create_chain
      004600 F1               [10]10881 	pop	af
      004601 F1               [10]10882 	pop	af
      004602 C1               [10]10883 	pop	bc
      004603 DD 73 F4         [19]10884 	ld	-12 (ix), e
      004606 DD 72 F5         [19]10885 	ld	-11 (ix), d
      004609 DD 75 F6         [19]10886 	ld	-10 (ix), l
      00460C DD 74 F7         [19]10887 	ld	-9 (ix), h
                                  10888 ;ff.c:4654: if (clst == 1) ABORT(fs, FR_INT_ERR);
      00460F DD 7E F4         [19]10889 	ld	a, -12 (ix)
      004612 3D               [ 4]10890 	dec	a
      004613 DD B6 F5         [19]10891 	or	a, -11 (ix)
      004616 DD B6 F6         [19]10892 	or	a, -10 (ix)
      004619 DD B6 F7         [19]10893 	or	a, -9 (ix)
      00461C 20 0C            [12]10894 	jr	NZ, 00110$
      00461E DD 6E E4         [19]10895 	ld	l, -28 (ix)
      004621 DD 66 E5         [19]10896 	ld	h, -27 (ix)
      004624 3E 02            [ 7]10897 	ld	a,#0x02
      004626 77               [ 7]10898 	ld	(hl),a
      004627 C3rBDr49         [10]10899 	jp	00155$
      00462A                      10900 00110$:
                                  10901 ;ff.c:4655: if (clst == 0xFFFFFFFF) ABORT(fs, FR_DISK_ERR);
      00462A DD 7E F4         [19]10902 	ld	a, -12 (ix)
      00462D DD A6 F5         [19]10903 	and	a, -11 (ix)
      004630 DD A6 F6         [19]10904 	and	a, -10 (ix)
      004633 DD A6 F7         [19]10905 	and	a, -9 (ix)
      004636 3C               [ 4]10906 	inc	a
      004637 20 0C            [12]10907 	jr	NZ, 00112$
      004639 DD 6E E4         [19]10908 	ld	l, -28 (ix)
      00463C DD 66 E5         [19]10909 	ld	h, -27 (ix)
      00463F 3E 01            [ 7]10910 	ld	a,#0x01
      004641 77               [ 7]10911 	ld	(hl),a
      004642 C3rBDr49         [10]10912 	jp	00155$
      004645                      10913 00112$:
                                  10914 ;ff.c:4656: fp->obj.sclust = clst;
      004645 C5               [11]10915 	push	bc
      004646 DD 5E FC         [19]10916 	ld	e, -4 (ix)
      004649 DD 56 FD         [19]10917 	ld	d, -3 (ix)
      00464C 21 19 00         [10]10918 	ld	hl, #25
      00464F 39               [11]10919 	add	hl, sp
      004650 01 04 00         [10]10920 	ld	bc, #0x0004
      004653 ED B0            [21]10921 	ldir
      004655 C1               [10]10922 	pop	bc
      004656                      10923 00114$:
                                  10924 ;ff.c:4659: fp->clust = clst;
      004656 C5               [11]10925 	push	bc
      004657 DD 5E F2         [19]10926 	ld	e, -14 (ix)
      00465A DD 56 F3         [19]10927 	ld	d, -13 (ix)
      00465D 21 19 00         [10]10928 	ld	hl, #25
      004660 39               [11]10929 	add	hl, sp
      004661 01 04 00         [10]10930 	ld	bc, #0x0004
      004664 ED B0            [21]10931 	ldir
      004666 C1               [10]10932 	pop	bc
      004667                      10933 00117$:
                                  10934 ;ff.c:4661: if (clst != 0) {
      004667 DD 7E F7         [19]10935 	ld	a, -9 (ix)
      00466A DD B6 F6         [19]10936 	or	a, -10 (ix)
      00466D DD B6 F5         [19]10937 	or	a, -11 (ix)
      004670 DD B6 F4         [19]10938 	or	a, -12 (ix)
      004673 CAr95r48         [10]10939 	jp	Z, 00145$
                                  10940 ;ff.c:4662: while (ofs > bcs) {						/* Cluster following loop */
      004676 DD 7E E8         [19]10941 	ld	a, -24 (ix)
      004679 DD 77 F8         [19]10942 	ld	-8 (ix), a
      00467C DD 7E E9         [19]10943 	ld	a, -23 (ix)
      00467F DD 77 F9         [19]10944 	ld	-7 (ix), a
      004682                      10945 00132$:
      004682 DD 7E EE         [19]10946 	ld	a, -18 (ix)
      004685 DD 96 04         [19]10947 	sub	a, 4 (ix)
      004688 DD 7E EF         [19]10948 	ld	a, -17 (ix)
      00468B DD 9E 05         [19]10949 	sbc	a, 5 (ix)
      00468E DD 7E F0         [19]10950 	ld	a, -16 (ix)
      004691 DD 9E 06         [19]10951 	sbc	a, 6 (ix)
      004694 DD 7E F1         [19]10952 	ld	a, -15 (ix)
      004697 DD 9E 07         [19]10953 	sbc	a, 7 (ix)
      00469A D2rDFr47         [10]10954 	jp	NC, 00134$
                                  10955 ;ff.c:4663: ofs -= bcs; fp->fptr += bcs;
      00469D DD 7E 04         [19]10956 	ld	a, 4 (ix)
      0046A0 DD 96 EE         [19]10957 	sub	a, -18 (ix)
      0046A3 DD 77 04         [19]10958 	ld	4 (ix), a
      0046A6 DD 7E 05         [19]10959 	ld	a, 5 (ix)
      0046A9 DD 9E EF         [19]10960 	sbc	a, -17 (ix)
      0046AC DD 77 05         [19]10961 	ld	5 (ix), a
      0046AF DD 7E 06         [19]10962 	ld	a, 6 (ix)
      0046B2 DD 9E F0         [19]10963 	sbc	a, -16 (ix)
      0046B5 DD 77 06         [19]10964 	ld	6 (ix), a
      0046B8 DD 7E 07         [19]10965 	ld	a, 7 (ix)
      0046BB DD 9E F1         [19]10966 	sbc	a, -15 (ix)
      0046BE DD 77 07         [19]10967 	ld	7 (ix), a
      0046C1 69               [ 4]10968 	ld	l, c
      0046C2 60               [ 4]10969 	ld	h, b
      0046C3 5E               [ 7]10970 	ld	e, (hl)
      0046C4 23               [ 6]10971 	inc	hl
      0046C5 56               [ 7]10972 	ld	d, (hl)
      0046C6 23               [ 6]10973 	inc	hl
      0046C7 23               [ 6]10974 	inc	hl
      0046C8 7E               [ 7]10975 	ld	a, (hl)
      0046C9 2B               [ 6]10976 	dec	hl
      0046CA 6E               [ 7]10977 	ld	l, (hl)
                                  10978 ;	spillPairReg hl
      0046CB 67               [ 4]10979 	ld	h, a
                                  10980 ;	spillPairReg hl
                                  10981 ;	spillPairReg hl
      0046CC 7B               [ 4]10982 	ld	a, e
      0046CD DD 86 EE         [19]10983 	add	a, -18 (ix)
      0046D0 DD 77 FA         [19]10984 	ld	-6 (ix), a
      0046D3 7A               [ 4]10985 	ld	a, d
      0046D4 DD 8E EF         [19]10986 	adc	a, -17 (ix)
      0046D7 DD 77 FB         [19]10987 	ld	-5 (ix), a
      0046DA 7D               [ 4]10988 	ld	a, l
      0046DB DD 8E F0         [19]10989 	adc	a, -16 (ix)
      0046DE DD 77 FC         [19]10990 	ld	-4 (ix), a
      0046E1 7C               [ 4]10991 	ld	a, h
      0046E2 DD 8E F1         [19]10992 	adc	a, -15 (ix)
      0046E5 DD 77 FD         [19]10993 	ld	-3 (ix), a
      0046E8 C5               [11]10994 	push	bc
      0046E9 59               [ 4]10995 	ld	e, c
      0046EA 50               [ 4]10996 	ld	d, b
      0046EB 21 1F 00         [10]10997 	ld	hl, #31
      0046EE 39               [11]10998 	add	hl, sp
      0046EF 01 04 00         [10]10999 	ld	bc, #0x0004
      0046F2 ED B0            [21]11000 	ldir
      0046F4 C1               [10]11001 	pop	bc
                                  11002 ;ff.c:4665: if (fp->flag & FA_WRITE) {			/* Check if in write mode or not */
      0046F5 DD 6E F8         [19]11003 	ld	l, -8 (ix)
      0046F8 DD 66 F9         [19]11004 	ld	h, -7 (ix)
      0046FB CB 4E            [12]11005 	bit	1, (hl)
      0046FD 28 43            [12]11006 	jr	Z, 00125$
                                  11007 ;ff.c:4670: clst = create_chain(&fp->obj, clst);	/* Follow chain with forceed stretch */
      0046FF C5               [11]11008 	push	bc
      004700 DD 6E F6         [19]11009 	ld	l, -10 (ix)
                                  11010 ;	spillPairReg hl
                                  11011 ;	spillPairReg hl
      004703 DD 66 F7         [19]11012 	ld	h, -9 (ix)
                                  11013 ;	spillPairReg hl
                                  11014 ;	spillPairReg hl
      004706 E5               [11]11015 	push	hl
      004707 DD 6E F4         [19]11016 	ld	l, -12 (ix)
                                  11017 ;	spillPairReg hl
                                  11018 ;	spillPairReg hl
      00470A DD 66 F5         [19]11019 	ld	h, -11 (ix)
                                  11020 ;	spillPairReg hl
                                  11021 ;	spillPairReg hl
      00470D E5               [11]11022 	push	hl
      00470E DD 6E FE         [19]11023 	ld	l, -2 (ix)
                                  11024 ;	spillPairReg hl
                                  11025 ;	spillPairReg hl
      004711 DD 66 FF         [19]11026 	ld	h, -1 (ix)
                                  11027 ;	spillPairReg hl
                                  11028 ;	spillPairReg hl
      004714 CDrACr0D         [17]11029 	call	_create_chain
      004717 F1               [10]11030 	pop	af
      004718 F1               [10]11031 	pop	af
      004719 C1               [10]11032 	pop	bc
      00471A DD 73 F4         [19]11033 	ld	-12 (ix), e
      00471D DD 72 F5         [19]11034 	ld	-11 (ix), d
      004720 DD 75 F6         [19]11035 	ld	-10 (ix), l
                                  11036 ;ff.c:4671: if (clst == 0) {				/* Clip file size in case of disk full */
      004723 DD 74 F7         [19]11037 	ld	-9 (ix), h
      004726 7C               [ 4]11038 	ld	a, h
      004727 DD B6 F6         [19]11039 	or	a, -10 (ix)
      00472A DD B6 F5         [19]11040 	or	a, -11 (ix)
      00472D DD B6 F4         [19]11041 	or	a, -12 (ix)
      004730 20 37            [12]11042 	jr	NZ, 00126$
                                  11043 ;ff.c:4672: ofs = 0; break;
      004732 AF               [ 4]11044 	xor	a, a
      004733 DD 77 04         [19]11045 	ld	4 (ix), a
      004736 DD 77 05         [19]11046 	ld	5 (ix), a
      004739 DD 77 06         [19]11047 	ld	6 (ix), a
      00473C DD 77 07         [19]11048 	ld	7 (ix), a
      00473F C3rDFr47         [10]11049 	jp	00134$
      004742                      11050 00125$:
                                  11051 ;ff.c:4677: clst = get_fat(&fp->obj, clst);	/* Follow cluster chain if not in write mode */
      004742 C5               [11]11052 	push	bc
      004743 DD 6E F6         [19]11053 	ld	l, -10 (ix)
                                  11054 ;	spillPairReg hl
                                  11055 ;	spillPairReg hl
      004746 DD 66 F7         [19]11056 	ld	h, -9 (ix)
                                  11057 ;	spillPairReg hl
                                  11058 ;	spillPairReg hl
      004749 E5               [11]11059 	push	hl
      00474A DD 6E F4         [19]11060 	ld	l, -12 (ix)
                                  11061 ;	spillPairReg hl
                                  11062 ;	spillPairReg hl
      00474D DD 66 F5         [19]11063 	ld	h, -11 (ix)
                                  11064 ;	spillPairReg hl
                                  11065 ;	spillPairReg hl
      004750 E5               [11]11066 	push	hl
      004751 DD 6E FE         [19]11067 	ld	l, -2 (ix)
                                  11068 ;	spillPairReg hl
                                  11069 ;	spillPairReg hl
      004754 DD 66 FF         [19]11070 	ld	h, -1 (ix)
                                  11071 ;	spillPairReg hl
                                  11072 ;	spillPairReg hl
      004757 CDrAEr05         [17]11073 	call	_get_fat
      00475A F1               [10]11074 	pop	af
      00475B F1               [10]11075 	pop	af
      00475C C1               [10]11076 	pop	bc
      00475D DD 73 F4         [19]11077 	ld	-12 (ix), e
      004760 DD 72 F5         [19]11078 	ld	-11 (ix), d
      004763 DD 75 F6         [19]11079 	ld	-10 (ix), l
      004766 DD 74 F7         [19]11080 	ld	-9 (ix), h
      004769                      11081 00126$:
                                  11082 ;ff.c:4679: if (clst == 0xFFFFFFFF) ABORT(fs, FR_DISK_ERR);
      004769 DD 7E F4         [19]11083 	ld	a, -12 (ix)
      00476C DD A6 F5         [19]11084 	and	a, -11 (ix)
      00476F DD A6 F6         [19]11085 	and	a, -10 (ix)
      004772 DD A6 F7         [19]11086 	and	a, -9 (ix)
      004775 3C               [ 4]11087 	inc	a
      004776 20 0C            [12]11088 	jr	NZ, 00128$
      004778 DD 6E E4         [19]11089 	ld	l, -28 (ix)
      00477B DD 66 E5         [19]11090 	ld	h, -27 (ix)
      00477E 3E 01            [ 7]11091 	ld	a,#0x01
      004780 77               [ 7]11092 	ld	(hl),a
      004781 C3rBDr49         [10]11093 	jp	00155$
      004784                      11094 00128$:
                                  11095 ;ff.c:4680: if (clst <= 1 || clst >= fs->n_fatent) ABORT(fs, FR_INT_ERR);
      004784 3E 01            [ 7]11096 	ld	a, #0x01
      004786 DD BE F4         [19]11097 	cp	a, -12 (ix)
      004789 3E 00            [ 7]11098 	ld	a, #0x00
      00478B DD 9E F5         [19]11099 	sbc	a, -11 (ix)
      00478E 3E 00            [ 7]11100 	ld	a, #0x00
      004790 DD 9E F6         [19]11101 	sbc	a, -10 (ix)
      004793 3E 00            [ 7]11102 	ld	a, #0x00
      004795 DD 9E F7         [19]11103 	sbc	a, -9 (ix)
      004798 30 25            [12]11104 	jr	NC, 00129$
      00479A DD 5E E1         [19]11105 	ld	e, -31 (ix)
      00479D DD 56 E2         [19]11106 	ld	d, -30 (ix)
      0047A0 21 14 00         [10]11107 	ld	hl, #20
      0047A3 19               [11]11108 	add	hl, de
      0047A4 5E               [ 7]11109 	ld	e, (hl)
      0047A5 23               [ 6]11110 	inc	hl
      0047A6 56               [ 7]11111 	ld	d, (hl)
      0047A7 23               [ 6]11112 	inc	hl
      0047A8 23               [ 6]11113 	inc	hl
      0047A9 7E               [ 7]11114 	ld	a, (hl)
      0047AA 2B               [ 6]11115 	dec	hl
      0047AB 6E               [ 7]11116 	ld	l, (hl)
                                  11117 ;	spillPairReg hl
      0047AC 67               [ 4]11118 	ld	h, a
                                  11119 ;	spillPairReg hl
                                  11120 ;	spillPairReg hl
      0047AD DD 7E F4         [19]11121 	ld	a, -12 (ix)
      0047B0 93               [ 4]11122 	sub	a, e
      0047B1 DD 7E F5         [19]11123 	ld	a, -11 (ix)
      0047B4 9A               [ 4]11124 	sbc	a, d
      0047B5 DD 7E F6         [19]11125 	ld	a, -10 (ix)
      0047B8 9D               [ 4]11126 	sbc	a, l
      0047B9 DD 7E F7         [19]11127 	ld	a, -9 (ix)
      0047BC 9C               [ 4]11128 	sbc	a, h
      0047BD 38 0C            [12]11129 	jr	C, 00130$
      0047BF                      11130 00129$:
      0047BF DD 6E E4         [19]11131 	ld	l, -28 (ix)
      0047C2 DD 66 E5         [19]11132 	ld	h, -27 (ix)
      0047C5 3E 02            [ 7]11133 	ld	a,#0x02
      0047C7 77               [ 7]11134 	ld	(hl),a
      0047C8 C3rBDr49         [10]11135 	jp	00155$
      0047CB                      11136 00130$:
                                  11137 ;ff.c:4681: fp->clust = clst;
      0047CB C5               [11]11138 	push	bc
      0047CC DD 5E F2         [19]11139 	ld	e, -14 (ix)
      0047CF DD 56 F3         [19]11140 	ld	d, -13 (ix)
      0047D2 21 19 00         [10]11141 	ld	hl, #25
      0047D5 39               [11]11142 	add	hl, sp
      0047D6 01 04 00         [10]11143 	ld	bc, #0x0004
      0047D9 ED B0            [21]11144 	ldir
      0047DB C1               [10]11145 	pop	bc
      0047DC C3r82r46         [10]11146 	jp	00132$
      0047DF                      11147 00134$:
                                  11148 ;ff.c:4683: fp->fptr += ofs;
      0047DF C5               [11]11149 	push	bc
      0047E0 59               [ 4]11150 	ld	e, c
      0047E1 50               [ 4]11151 	ld	d, b
      0047E2 21 15 00         [10]11152 	ld	hl, #21
      0047E5 39               [11]11153 	add	hl, sp
      0047E6 EB               [ 4]11154 	ex	de, hl
      0047E7 01 04 00         [10]11155 	ld	bc, #0x0004
      0047EA ED B0            [21]11156 	ldir
      0047EC C1               [10]11157 	pop	bc
      0047ED DD 7E F0         [19]11158 	ld	a, -16 (ix)
      0047F0 DD 86 04         [19]11159 	add	a, 4 (ix)
      0047F3 DD 77 FA         [19]11160 	ld	-6 (ix), a
      0047F6 DD 7E F1         [19]11161 	ld	a, -15 (ix)
      0047F9 DD 8E 05         [19]11162 	adc	a, 5 (ix)
      0047FC DD 77 FB         [19]11163 	ld	-5 (ix), a
      0047FF DD 7E F2         [19]11164 	ld	a, -14 (ix)
      004802 DD 8E 06         [19]11165 	adc	a, 6 (ix)
      004805 DD 77 FC         [19]11166 	ld	-4 (ix), a
      004808 DD 7E F3         [19]11167 	ld	a, -13 (ix)
      00480B DD 8E 07         [19]11168 	adc	a, 7 (ix)
      00480E DD 77 FD         [19]11169 	ld	-3 (ix), a
      004811 C5               [11]11170 	push	bc
      004812 59               [ 4]11171 	ld	e, c
      004813 50               [ 4]11172 	ld	d, b
      004814 21 1F 00         [10]11173 	ld	hl, #31
      004817 39               [11]11174 	add	hl, sp
      004818 01 04 00         [10]11175 	ld	bc, #0x0004
      00481B ED B0            [21]11176 	ldir
      00481D C1               [10]11177 	pop	bc
                                  11178 ;ff.c:4684: if (ofs % SS(fs)) {
      00481E DD 7E 04         [19]11179 	ld	a, 4 (ix)
      004821 B7               [ 4]11180 	or	a, a
      004822 20 06            [12]11181 	jr	NZ, 00292$
      004824 DD CB 05 46      [20]11182 	bit	0, 5 (ix)
      004828 28 6B            [12]11183 	jr	Z, 00145$
      00482A                      11184 00292$:
                                  11185 ;ff.c:4685: nsect = clst2sect(fs, clst);	/* Current sector */
      00482A C5               [11]11186 	push	bc
      00482B DD 6E F6         [19]11187 	ld	l, -10 (ix)
                                  11188 ;	spillPairReg hl
                                  11189 ;	spillPairReg hl
      00482E DD 66 F7         [19]11190 	ld	h, -9 (ix)
                                  11191 ;	spillPairReg hl
                                  11192 ;	spillPairReg hl
      004831 E5               [11]11193 	push	hl
      004832 DD 6E F4         [19]11194 	ld	l, -12 (ix)
                                  11195 ;	spillPairReg hl
                                  11196 ;	spillPairReg hl
      004835 DD 66 F5         [19]11197 	ld	h, -11 (ix)
                                  11198 ;	spillPairReg hl
                                  11199 ;	spillPairReg hl
      004838 E5               [11]11200 	push	hl
      004839 DD 6E E1         [19]11201 	ld	l, -31 (ix)
                                  11202 ;	spillPairReg hl
                                  11203 ;	spillPairReg hl
      00483C DD 66 E2         [19]11204 	ld	h, -30 (ix)
                                  11205 ;	spillPairReg hl
                                  11206 ;	spillPairReg hl
      00483F CDr02r05         [17]11207 	call	_clst2sect
      004842 F1               [10]11208 	pop	af
      004843 F1               [10]11209 	pop	af
      004844 C1               [10]11210 	pop	bc
                                  11211 ;ff.c:4686: if (nsect == 0) ABORT(fs, FR_INT_ERR);
      004845 7C               [ 4]11212 	ld	a, h
      004846 B5               [ 4]11213 	or	a, l
      004847 B2               [ 4]11214 	or	a, d
      004848 B3               [ 4]11215 	or	a, e
      004849 20 0C            [12]11216 	jr	NZ, 00136$
      00484B DD 6E E4         [19]11217 	ld	l, -28 (ix)
      00484E DD 66 E5         [19]11218 	ld	h, -27 (ix)
      004851 3E 02            [ 7]11219 	ld	a,#0x02
      004853 77               [ 7]11220 	ld	(hl),a
      004854 C3rBDr49         [10]11221 	jp	00155$
      004857                      11222 00136$:
                                  11223 ;ff.c:4687: nsect += (DWORD)(ofs / SS(fs));
      004857 DD 7E 05         [19]11224 	ld	a, 5 (ix)
      00485A DD 77 FA         [19]11225 	ld	-6 (ix), a
      00485D DD 7E 06         [19]11226 	ld	a, 6 (ix)
      004860 DD 77 FB         [19]11227 	ld	-5 (ix), a
      004863 DD 7E 07         [19]11228 	ld	a, 7 (ix)
      004866 DD 77 FC         [19]11229 	ld	-4 (ix), a
      004869 DD 36 FD 00      [19]11230 	ld	-3 (ix), #0x00
      00486D DD CB FC 3E      [23]11231 	srl	-4 (ix)
      004871 DD CB FB 1E      [23]11232 	rr	-5 (ix)
      004875 DD CB FA 1E      [23]11233 	rr	-6 (ix)
      004879 7B               [ 4]11234 	ld	a, e
      00487A DD 86 FA         [19]11235 	add	a, -6 (ix)
      00487D DD 77 EA         [19]11236 	ld	-22 (ix), a
      004880 7A               [ 4]11237 	ld	a, d
      004881 DD 8E FB         [19]11238 	adc	a, -5 (ix)
      004884 DD 77 EB         [19]11239 	ld	-21 (ix), a
      004887 7D               [ 4]11240 	ld	a, l
      004888 DD 8E FC         [19]11241 	adc	a, -4 (ix)
      00488B DD 77 EC         [19]11242 	ld	-20 (ix), a
      00488E 7C               [ 4]11243 	ld	a, h
      00488F DD 8E FD         [19]11244 	adc	a, -3 (ix)
      004892 DD 77 ED         [19]11245 	ld	-19 (ix), a
                                  11246 ;ff.c:4691: if (!FF_FS_READONLY && fp->fptr > fp->obj.objsize) {	/* Set file change flag if the file size is extended */
      004895                      11247 00145$:
      004895 C5               [11]11248 	push	bc
      004896 59               [ 4]11249 	ld	e, c
      004897 50               [ 4]11250 	ld	d, b
      004898 21 1F 00         [10]11251 	ld	hl, #31
      00489B 39               [11]11252 	add	hl, sp
      00489C EB               [ 4]11253 	ex	de, hl
      00489D 01 04 00         [10]11254 	ld	bc, #0x0004
      0048A0 ED B0            [21]11255 	ldir
      0048A2 C1               [10]11256 	pop	bc
      0048A3 DD 6E E6         [19]11257 	ld	l, -26 (ix)
      0048A6 DD 66 E7         [19]11258 	ld	h, -25 (ix)
      0048A9 5E               [ 7]11259 	ld	e, (hl)
      0048AA 23               [ 6]11260 	inc	hl
      0048AB 56               [ 7]11261 	ld	d, (hl)
      0048AC 23               [ 6]11262 	inc	hl
      0048AD 23               [ 6]11263 	inc	hl
      0048AE 7E               [ 7]11264 	ld	a, (hl)
      0048AF 2B               [ 6]11265 	dec	hl
      0048B0 6E               [ 7]11266 	ld	l, (hl)
                                  11267 ;	spillPairReg hl
      0048B1 67               [ 4]11268 	ld	h, a
                                  11269 ;	spillPairReg hl
                                  11270 ;	spillPairReg hl
      0048B2 7B               [ 4]11271 	ld	a, e
      0048B3 DD 96 FA         [19]11272 	sub	a, -6 (ix)
      0048B6 7A               [ 4]11273 	ld	a, d
      0048B7 DD 9E FB         [19]11274 	sbc	a, -5 (ix)
      0048BA 7D               [ 4]11275 	ld	a, l
      0048BB DD 9E FC         [19]11276 	sbc	a, -4 (ix)
      0048BE 7C               [ 4]11277 	ld	a, h
      0048BF DD 9E FD         [19]11278 	sbc	a, -3 (ix)
      0048C2 30 21            [12]11279 	jr	NC, 00144$
                                  11280 ;ff.c:4692: fp->obj.objsize = fp->fptr;
      0048C4 C5               [11]11281 	push	bc
      0048C5 DD 5E E6         [19]11282 	ld	e, -26 (ix)
      0048C8 DD 56 E7         [19]11283 	ld	d, -25 (ix)
      0048CB 21 1F 00         [10]11284 	ld	hl, #31
      0048CE 39               [11]11285 	add	hl, sp
      0048CF 01 04 00         [10]11286 	ld	bc, #0x0004
      0048D2 ED B0            [21]11287 	ldir
      0048D4 C1               [10]11288 	pop	bc
                                  11289 ;ff.c:4693: fp->flag |= FA_MODIFIED;
      0048D5 DD 6E E8         [19]11290 	ld	l, -24 (ix)
      0048D8 DD 66 E9         [19]11291 	ld	h, -23 (ix)
      0048DB 7E               [ 7]11292 	ld	a, (hl)
      0048DC CB F7            [ 8]11293 	set	6, a
      0048DE DD 6E E8         [19]11294 	ld	l, -24 (ix)
      0048E1 DD 66 E9         [19]11295 	ld	h, -23 (ix)
      0048E4 77               [ 7]11296 	ld	(hl), a
      0048E5                      11297 00144$:
                                  11298 ;ff.c:4695: if (fp->fptr % SS(fs) && nsect != fp->sect) {	/* Fill sector cache if needed */
      0048E5 69               [ 4]11299 	ld	l, c
      0048E6 60               [ 4]11300 	ld	h, b
      0048E7 4E               [ 7]11301 	ld	c, (hl)
      0048E8 23               [ 6]11302 	inc	hl
      0048E9 46               [ 7]11303 	ld	b, (hl)
      0048EA 23               [ 6]11304 	inc	hl
      0048EB 5E               [ 7]11305 	ld	e, (hl)
      0048EC 23               [ 6]11306 	inc	hl
      0048ED 56               [ 7]11307 	ld	d, (hl)
      0048EE 79               [ 4]11308 	ld	a, c
      0048EF B7               [ 4]11309 	or	a, a
      0048F0 20 05            [12]11310 	jr	NZ, 00295$
      0048F2 CB 40            [ 8]11311 	bit	0, b
      0048F4 CArBAr49         [10]11312 	jp	Z,00153$
      0048F7                      11313 00295$:
      0048F7 DD 7E FE         [19]11314 	ld	a, -2 (ix)
      0048FA C6 18            [ 7]11315 	add	a, #0x18
      0048FC DD 77 FC         [19]11316 	ld	-4 (ix), a
      0048FF DD 7E FF         [19]11317 	ld	a, -1 (ix)
      004902 CE 00            [ 7]11318 	adc	a, #0x00
      004904 DD 77 FD         [19]11319 	ld	-3 (ix), a
      004907 DD 6E FC         [19]11320 	ld	l, -4 (ix)
      00490A DD 66 FD         [19]11321 	ld	h, -3 (ix)
      00490D 4E               [ 7]11322 	ld	c, (hl)
      00490E 23               [ 6]11323 	inc	hl
      00490F 46               [ 7]11324 	ld	b, (hl)
      004910 23               [ 6]11325 	inc	hl
      004911 5E               [ 7]11326 	ld	e, (hl)
      004912 23               [ 6]11327 	inc	hl
      004913 56               [ 7]11328 	ld	d, (hl)
      004914 DD 7E EA         [19]11329 	ld	a, -22 (ix)
      004917 91               [ 4]11330 	sub	a, c
      004918 20 12            [12]11331 	jr	NZ, 00296$
      00491A DD 7E EB         [19]11332 	ld	a, -21 (ix)
      00491D 90               [ 4]11333 	sub	a, b
      00491E 20 0C            [12]11334 	jr	NZ, 00296$
      004920 DD 6E EC         [19]11335 	ld	l, -20 (ix)
      004923 DD 66 ED         [19]11336 	ld	h, -19 (ix)
      004926 BF               [ 4]11337 	cp	a, a
      004927 ED 52            [15]11338 	sbc	hl, de
      004929 CArBAr49         [10]11339 	jp	Z,00153$
      00492C                      11340 00296$:
                                  11341 ;ff.c:4698: if (fp->flag & FA_DIRTY) {			/* Write-back dirty sector cache */
      00492C DD 6E E8         [19]11342 	ld	l, -24 (ix)
      00492F DD 66 E9         [19]11343 	ld	h, -23 (ix)
      004932 66               [ 7]11344 	ld	h, (hl)
                                  11345 ;	spillPairReg hl
                                  11346 ;ff.c:4699: if (disk_write(fs->pdrv, fp->buf, fp->sect, 1) != RES_OK) ABORT(fs, FR_DISK_ERR);
      004933 FD 21 22 00      [14]11347 	ld	iy, #0x0022
      004937 C5               [11]11348 	push	bc
      004938 DD 4E FE         [19]11349 	ld	c, -2 (ix)
      00493B DD 46 FF         [19]11350 	ld	b, -1 (ix)
      00493E FD 09            [15]11351 	add	iy, bc
      004940 C1               [10]11352 	pop	bc
                                  11353 ;ff.c:4698: if (fp->flag & FA_DIRTY) {			/* Write-back dirty sector cache */
      004941 29               [11]11354 	add	hl, hl
      004942 30 38            [12]11355 	jr	NC, 00149$
                                  11356 ;ff.c:4699: if (disk_write(fs->pdrv, fp->buf, fp->sect, 1) != RES_OK) ABORT(fs, FR_DISK_ERR);
      004944 DD 6E E1         [19]11357 	ld	l, -31 (ix)
                                  11358 ;	spillPairReg hl
                                  11359 ;	spillPairReg hl
      004947 DD 66 E2         [19]11360 	ld	h, -30 (ix)
                                  11361 ;	spillPairReg hl
                                  11362 ;	spillPairReg hl
      00494A 23               [ 6]11363 	inc	hl
      00494B 6E               [ 7]11364 	ld	l, (hl)
                                  11365 ;	spillPairReg hl
      00494C FD E5            [15]11366 	push	iy
      00494E E5               [11]11367 	push	hl
      00494F 21 01 00         [10]11368 	ld	hl, #0x0001
      004952 E3               [19]11369 	ex	(sp), hl
      004953 D5               [11]11370 	push	de
      004954 C5               [11]11371 	push	bc
      004955 FD E5            [15]11372 	push	iy
      004957 D1               [10]11373 	pop	de
      004958 7D               [ 4]11374 	ld	a, l
      004959 CDr00r00         [17]11375 	call	_disk_write
      00495C FD E1            [14]11376 	pop	iy
      00495E B7               [ 4]11377 	or	a, a
      00495F 28 0B            [12]11378 	jr	Z, 00147$
      004961 DD 6E E4         [19]11379 	ld	l, -28 (ix)
      004964 DD 66 E5         [19]11380 	ld	h, -27 (ix)
      004967 3E 01            [ 7]11381 	ld	a,#0x01
      004969 77               [ 7]11382 	ld	(hl),a
      00496A 18 51            [12]11383 	jr	00155$
      00496C                      11384 00147$:
                                  11385 ;ff.c:4700: fp->flag &= (BYTE)~FA_DIRTY;
      00496C DD 6E E8         [19]11386 	ld	l, -24 (ix)
      00496F DD 66 E9         [19]11387 	ld	h, -23 (ix)
      004972 7E               [ 7]11388 	ld	a, (hl)
      004973 CB BF            [ 8]11389 	res	7, a
      004975 DD 6E E8         [19]11390 	ld	l, -24 (ix)
      004978 DD 66 E9         [19]11391 	ld	h, -23 (ix)
      00497B 77               [ 7]11392 	ld	(hl), a
      00497C                      11393 00149$:
                                  11394 ;ff.c:4703: if (disk_read(fs->pdrv, fp->buf, nsect, 1) != RES_OK) ABORT(fs, FR_DISK_ERR);	/* Fill sector cache */
      00497C DD 6E E1         [19]11395 	ld	l, -31 (ix)
                                  11396 ;	spillPairReg hl
                                  11397 ;	spillPairReg hl
      00497F DD 66 E2         [19]11398 	ld	h, -30 (ix)
                                  11399 ;	spillPairReg hl
                                  11400 ;	spillPairReg hl
      004982 23               [ 6]11401 	inc	hl
      004983 4E               [ 7]11402 	ld	c, (hl)
      004984 21 01 00         [10]11403 	ld	hl, #0x0001
      004987 E5               [11]11404 	push	hl
      004988 DD 6E EC         [19]11405 	ld	l, -20 (ix)
                                  11406 ;	spillPairReg hl
                                  11407 ;	spillPairReg hl
      00498B DD 66 ED         [19]11408 	ld	h, -19 (ix)
                                  11409 ;	spillPairReg hl
                                  11410 ;	spillPairReg hl
      00498E E5               [11]11411 	push	hl
      00498F DD 6E EA         [19]11412 	ld	l, -22 (ix)
                                  11413 ;	spillPairReg hl
                                  11414 ;	spillPairReg hl
      004992 DD 66 EB         [19]11415 	ld	h, -21 (ix)
                                  11416 ;	spillPairReg hl
                                  11417 ;	spillPairReg hl
      004995 E5               [11]11418 	push	hl
      004996 FD E5            [15]11419 	push	iy
      004998 D1               [10]11420 	pop	de
      004999 79               [ 4]11421 	ld	a, c
      00499A CDr00r00         [17]11422 	call	_disk_read
      00499D B7               [ 4]11423 	or	a, a
      00499E 28 0B            [12]11424 	jr	Z, 00151$
      0049A0 DD 6E E4         [19]11425 	ld	l, -28 (ix)
      0049A3 DD 66 E5         [19]11426 	ld	h, -27 (ix)
      0049A6 3E 01            [ 7]11427 	ld	a,#0x01
      0049A8 77               [ 7]11428 	ld	(hl),a
      0049A9 18 12            [12]11429 	jr	00155$
      0049AB                      11430 00151$:
                                  11431 ;ff.c:4705: fp->sect = nsect;
      0049AB DD 5E FC         [19]11432 	ld	e, -4 (ix)
      0049AE DD 56 FD         [19]11433 	ld	d, -3 (ix)
      0049B1 21 0D 00         [10]11434 	ld	hl, #13
      0049B4 39               [11]11435 	add	hl, sp
      0049B5 01 04 00         [10]11436 	ld	bc, #0x0004
      0049B8 ED B0            [21]11437 	ldir
      0049BA                      11438 00153$:
                                  11439 ;ff.c:4709: LEAVE_FF(fs, res);
      0049BA DD 7E E3         [19]11440 	ld	a, -29 (ix)
      0049BD                      11441 00155$:
                                  11442 ;ff.c:4710: }
      0049BD DD F9            [10]11443 	ld	sp, ix
      0049BF DD E1            [14]11444 	pop	ix
      0049C1 E1               [10]11445 	pop	hl
      0049C2 C1               [10]11446 	pop	bc
      0049C3 C1               [10]11447 	pop	bc
      0049C4 E9               [ 4]11448 	jp	(hl)
                                  11449 ;ff.c:4719: FRESULT f_opendir (
                                  11450 ;	---------------------------------
                                  11451 ; Function f_opendir
                                  11452 ; ---------------------------------
      0049C5                      11453 _f_opendir::
      0049C5 DD E5            [15]11454 	push	ix
      0049C7 DD 21 00 00      [14]11455 	ld	ix,#0
      0049CB DD 39            [15]11456 	add	ix,sp
      0049CD FD 21 F5 FF      [14]11457 	ld	iy, #-11
      0049D1 FD 39            [15]11458 	add	iy, sp
      0049D3 FD F9            [10]11459 	ld	sp, iy
      0049D5 4D               [ 4]11460 	ld	c, l
      0049D6 44               [ 4]11461 	ld	b, h
      0049D7 DD 73 FE         [19]11462 	ld	-2 (ix), e
      0049DA DD 72 FF         [19]11463 	ld	-1 (ix), d
                                  11464 ;ff.c:4729: if (!dp) return FR_INVALID_OBJECT;	/* Reject null pointer */
      0049DD 78               [ 4]11465 	ld	a, b
      0049DE B1               [ 4]11466 	or	a, c
      0049DF 20 05            [12]11467 	jr	NZ, 00102$
      0049E1 3E 09            [ 7]11468 	ld	a, #0x09
      0049E3 C3rBBr4A         [10]11469 	jp	00118$
      0049E6                      11470 00102$:
                                  11471 ;ff.c:4731: res = mount_volume(&path, &fs, 0);	/* Get logical drive and mount the volume if needed */
      0049E6 C5               [11]11472 	push	bc
      0049E7 AF               [ 4]11473 	xor	a, a
      0049E8 F5               [11]11474 	push	af
      0049E9 33               [ 6]11475 	inc	sp
      0049EA 21 03 00         [10]11476 	ld	hl, #3
      0049ED 39               [11]11477 	add	hl, sp
      0049EE EB               [ 4]11478 	ex	de, hl
      0049EF 21 0C 00         [10]11479 	ld	hl, #12
      0049F2 39               [11]11480 	add	hl, sp
      0049F3 CDr40r26         [17]11481 	call	_mount_volume
      0049F6 C1               [10]11482 	pop	bc
                                  11483 ;ff.c:4732: if (res == FR_OK) {
      0049F7 DD 77 F7         [19]11484 	ld	-9 (ix), a
      0049FA B7               [ 4]11485 	or	a, a
      0049FB C2rAEr4A         [10]11486 	jp	NZ, 00115$
                                  11487 ;ff.c:4733: dp->obj.fs = fs;
      0049FE 69               [ 4]11488 	ld	l, c
      0049FF 60               [ 4]11489 	ld	h, b
      004A00 DD 7E F5         [19]11490 	ld	a, -11 (ix)
      004A03 77               [ 7]11491 	ld	(hl), a
      004A04 23               [ 6]11492 	inc	hl
      004A05 DD 7E F6         [19]11493 	ld	a, -10 (ix)
      004A08 77               [ 7]11494 	ld	(hl), a
                                  11495 ;ff.c:4735: res = follow_path(dp, path);			/* Follow the path to the directory */
      004A09 C5               [11]11496 	push	bc
      004A0A DD 5E FE         [19]11497 	ld	e, -2 (ix)
      004A0D DD 56 FF         [19]11498 	ld	d, -1 (ix)
      004A10 69               [ 4]11499 	ld	l, c
                                  11500 ;	spillPairReg hl
                                  11501 ;	spillPairReg hl
      004A11 60               [ 4]11502 	ld	h, b
                                  11503 ;	spillPairReg hl
                                  11504 ;	spillPairReg hl
      004A12 CDr2Fr21         [17]11505 	call	_follow_path
      004A15 C1               [10]11506 	pop	bc
                                  11507 ;ff.c:4736: if (res == FR_OK) {						/* Follow completed */
      004A16 DD 77 F7         [19]11508 	ld	-9 (ix), a
      004A19 B7               [ 4]11509 	or	a, a
      004A1A C2rA3r4A         [10]11510 	jp	NZ, 00111$
                                  11511 ;ff.c:4737: if (!(dp->fn[NSFLAG] & NS_NONAME)) {	/* It is neither the origin directory itself nor dot name in exFAT */
      004A1D 21 1C 00         [10]11512 	ld	hl, #0x001c
      004A20 09               [11]11513 	add	hl, bc
      004A21 11 0B 00         [10]11514 	ld	de, #0x000b
      004A24 19               [11]11515 	add	hl, de
      004A25 7E               [ 7]11516 	ld	a, (hl)
      004A26 07               [ 4]11517 	rlca
      004A27 38 49            [12]11518 	jr	C, 00107$
                                  11519 ;ff.c:4738: if (dp->obj.attr & AM_DIR) {		/* This object is a sub-directory */
      004A29 59               [ 4]11520 	ld	e, c
      004A2A 50               [ 4]11521 	ld	d, b
      004A2B 21 04 00         [10]11522 	ld	hl, #4
      004A2E 19               [11]11523 	add	hl, de
      004A2F CB 66            [12]11524 	bit	4, (hl)
      004A31 28 3B            [12]11525 	jr	Z, 00104$
                                  11526 ;ff.c:4745: dp->obj.sclust = ld_clust(fs, dp->dir);	/* Get object allocation info */
      004A33 21 06 00         [10]11527 	ld	hl, #0x0006
      004A36 09               [11]11528 	add	hl, bc
      004A37 DD 75 F8         [19]11529 	ld	-8 (ix), l
      004A3A DD 74 F9         [19]11530 	ld	-7 (ix), h
      004A3D 59               [ 4]11531 	ld	e, c
      004A3E 50               [ 4]11532 	ld	d, b
      004A3F 21 1A 00         [10]11533 	ld	hl, #26
      004A42 19               [11]11534 	add	hl, de
      004A43 5E               [ 7]11535 	ld	e, (hl)
      004A44 23               [ 6]11536 	inc	hl
      004A45 56               [ 7]11537 	ld	d, (hl)
      004A46 C5               [11]11538 	push	bc
      004A47 DD 6E F5         [19]11539 	ld	l, -11 (ix)
                                  11540 ;	spillPairReg hl
                                  11541 ;	spillPairReg hl
      004A4A DD 66 F6         [19]11542 	ld	h, -10 (ix)
                                  11543 ;	spillPairReg hl
                                  11544 ;	spillPairReg hl
      004A4D CDr83r1A         [17]11545 	call	_ld_clust
      004A50 DD 73 FA         [19]11546 	ld	-6 (ix), e
      004A53 DD 72 FB         [19]11547 	ld	-5 (ix), d
      004A56 DD 75 FC         [19]11548 	ld	-4 (ix), l
      004A59 DD 74 FD         [19]11549 	ld	-3 (ix), h
      004A5C DD 5E F8         [19]11550 	ld	e, -8 (ix)
      004A5F DD 56 F9         [19]11551 	ld	d, -7 (ix)
      004A62 21 07 00         [10]11552 	ld	hl, #7
      004A65 39               [11]11553 	add	hl, sp
      004A66 01 04 00         [10]11554 	ld	bc, #0x0004
      004A69 ED B0            [21]11555 	ldir
      004A6B C1               [10]11556 	pop	bc
      004A6C 18 04            [12]11557 	jr	00107$
      004A6E                      11558 00104$:
                                  11559 ;ff.c:4748: res = FR_NO_PATH;
      004A6E DD 36 F7 05      [19]11560 	ld	-9 (ix), #0x05
      004A72                      11561 00107$:
                                  11562 ;ff.c:4751: if (res == FR_OK) {
      004A72 DD 7E F7         [19]11563 	ld	a, -9 (ix)
      004A75 B7               [ 4]11564 	or	a, a
      004A76 20 2B            [12]11565 	jr	NZ, 00111$
                                  11566 ;ff.c:4752: dp->obj.id = fs->id;		/* Set current volume mount ID */
      004A78 21 02 00         [10]11567 	ld	hl, #0x0002
      004A7B 09               [11]11568 	add	hl, bc
      004A7C DD 75 FC         [19]11569 	ld	-4 (ix), l
      004A7F DD 74 FD         [19]11570 	ld	-3 (ix), h
      004A82 D1               [10]11571 	pop	de
      004A83 D5               [11]11572 	push	de
      004A84 21 06 00         [10]11573 	ld	hl, #6
      004A87 19               [11]11574 	add	hl, de
      004A88 5E               [ 7]11575 	ld	e, (hl)
      004A89 23               [ 6]11576 	inc	hl
      004A8A 56               [ 7]11577 	ld	d, (hl)
      004A8B DD 6E FC         [19]11578 	ld	l, -4 (ix)
      004A8E DD 66 FD         [19]11579 	ld	h, -3 (ix)
      004A91 73               [ 7]11580 	ld	(hl), e
      004A92 23               [ 6]11581 	inc	hl
      004A93 72               [ 7]11582 	ld	(hl), d
                                  11583 ;ff.c:4753: res = dir_sdi(dp, 0);		/* Rewind directory */
      004A94 C5               [11]11584 	push	bc
      004A95 21 00 00         [10]11585 	ld	hl, #0x0000
      004A98 E5               [11]11586 	push	hl
      004A99 E5               [11]11587 	push	hl
      004A9A 69               [ 4]11588 	ld	l, c
                                  11589 ;	spillPairReg hl
                                  11590 ;	spillPairReg hl
      004A9B 60               [ 4]11591 	ld	h, b
                                  11592 ;	spillPairReg hl
                                  11593 ;	spillPairReg hl
      004A9C CDr79r13         [17]11594 	call	_dir_sdi
      004A9F C1               [10]11595 	pop	bc
      004AA0 DD 77 F7         [19]11596 	ld	-9 (ix), a
      004AA3                      11597 00111$:
                                  11598 ;ff.c:4767: if (res == FR_NO_FILE) res = FR_NO_PATH;
      004AA3 DD 7E F7         [19]11599 	ld	a, -9 (ix)
      004AA6 D6 04            [ 7]11600 	sub	a, #0x04
      004AA8 20 04            [12]11601 	jr	NZ, 00115$
      004AAA DD 36 F7 05      [19]11602 	ld	-9 (ix), #0x05
      004AAE                      11603 00115$:
                                  11604 ;ff.c:4769: if (res != FR_OK) dp->obj.fs = 0;		/* Invalidate the directory object if function failed */
      004AAE DD 7E F7         [19]11605 	ld	a, -9 (ix)
      004AB1 B7               [ 4]11606 	or	a, a
      004AB2 28 04            [12]11607 	jr	Z, 00117$
      004AB4 AF               [ 4]11608 	xor	a, a
      004AB5 02               [ 7]11609 	ld	(bc), a
      004AB6 03               [ 6]11610 	inc	bc
      004AB7 02               [ 7]11611 	ld	(bc), a
      004AB8                      11612 00117$:
                                  11613 ;ff.c:4771: LEAVE_FF(fs, res);
      004AB8 DD 7E F7         [19]11614 	ld	a, -9 (ix)
      004ABB                      11615 00118$:
                                  11616 ;ff.c:4772: }
      004ABB DD F9            [10]11617 	ld	sp, ix
      004ABD DD E1            [14]11618 	pop	ix
      004ABF C9               [10]11619 	ret
                                  11620 ;ff.c:4781: FRESULT f_closedir (
                                  11621 ;	---------------------------------
                                  11622 ; Function f_closedir
                                  11623 ; ---------------------------------
      004AC0                      11624 _f_closedir::
      004AC0 DD E5            [15]11625 	push	ix
      004AC2 DD 21 00 00      [14]11626 	ld	ix,#0
      004AC6 DD 39            [15]11627 	add	ix,sp
      004AC8 F5               [11]11628 	push	af
      004AC9 4D               [ 4]11629 	ld	c, l
      004ACA 44               [ 4]11630 	ld	b, h
                                  11631 ;ff.c:4789: res = validate(&dp->obj, &fs);	/* Check validity of the file object */
      004ACB C5               [11]11632 	push	bc
      004ACC 21 02 00         [10]11633 	ld	hl, #2
      004ACF 39               [11]11634 	add	hl, sp
      004AD0 EB               [ 4]11635 	ex	de, hl
      004AD1 69               [ 4]11636 	ld	l, c
                                  11637 ;	spillPairReg hl
                                  11638 ;	spillPairReg hl
      004AD2 60               [ 4]11639 	ld	h, b
                                  11640 ;	spillPairReg hl
                                  11641 ;	spillPairReg hl
      004AD3 CDr97r2E         [17]11642 	call	_validate
      004AD6 C1               [10]11643 	pop	bc
      004AD7 5F               [ 4]11644 	ld	e, a
                                  11645 ;ff.c:4790: if (res == FR_OK) {
                                  11646 ;ff.c:4795: dp->obj.fs = 0;	/* Invalidate directory object */
      004AD8 B7               [ 4]11647 	or	a,a
      004AD9 20 03            [12]11648 	jr	NZ, 00102$
      004ADB 02               [ 7]11649 	ld	(bc), a
      004ADC 03               [ 6]11650 	inc	bc
      004ADD 02               [ 7]11651 	ld	(bc), a
      004ADE                      11652 00102$:
                                  11653 ;ff.c:4801: return res;
      004ADE 7B               [ 4]11654 	ld	a, e
                                  11655 ;ff.c:4802: }
      004ADF DD F9            [10]11656 	ld	sp, ix
      004AE1 DD E1            [14]11657 	pop	ix
      004AE3 C9               [10]11658 	ret
                                  11659 ;ff.c:4811: FRESULT f_readdir (
                                  11660 ;	---------------------------------
                                  11661 ; Function f_readdir
                                  11662 ; ---------------------------------
      004AE4                      11663 _f_readdir::
      004AE4 DD E5            [15]11664 	push	ix
      004AE6 DD 21 00 00      [14]11665 	ld	ix,#0
      004AEA DD 39            [15]11666 	add	ix,sp
      004AEC F5               [11]11667 	push	af
      004AED F5               [11]11668 	push	af
      004AEE 4D               [ 4]11669 	ld	c, l
      004AEF 44               [ 4]11670 	ld	b, h
      004AF0 DD 73 FE         [19]11671 	ld	-2 (ix), e
      004AF3 DD 72 FF         [19]11672 	ld	-1 (ix), d
                                  11673 ;ff.c:4821: res = validate(&dp->obj, &fs);	/* Check validity of the directory object */
      004AF6 C5               [11]11674 	push	bc
      004AF7 21 02 00         [10]11675 	ld	hl, #2
      004AFA 39               [11]11676 	add	hl, sp
      004AFB EB               [ 4]11677 	ex	de, hl
      004AFC 69               [ 4]11678 	ld	l, c
                                  11679 ;	spillPairReg hl
                                  11680 ;	spillPairReg hl
      004AFD 60               [ 4]11681 	ld	h, b
                                  11682 ;	spillPairReg hl
                                  11683 ;	spillPairReg hl
      004AFE CDr97r2E         [17]11684 	call	_validate
      004B01 C1               [10]11685 	pop	bc
      004B02 5F               [ 4]11686 	ld	e, a
                                  11687 ;ff.c:4827: fno->fname[0] = 0;				/* Clear file information */
      004B03 DD 7E FE         [19]11688 	ld	a, -2 (ix)
      004B06 C6 09            [ 7]11689 	add	a, #0x09
      004B08 6F               [ 4]11690 	ld	l, a
                                  11691 ;	spillPairReg hl
                                  11692 ;	spillPairReg hl
      004B09 DD 7E FF         [19]11693 	ld	a, -1 (ix)
      004B0C CE 00            [ 7]11694 	adc	a, #0x00
      004B0E 67               [ 4]11695 	ld	h, a
                                  11696 ;	spillPairReg hl
                                  11697 ;	spillPairReg hl
                                  11698 ;ff.c:4822: if (res == FR_OK) {
      004B0F 7B               [ 4]11699 	ld	a, e
      004B10 B7               [ 4]11700 	or	a, a
      004B11 20 4C            [12]11701 	jr	NZ, 00111$
                                  11702 ;ff.c:4823: if (!fno) {
      004B13 DD 7E FF         [19]11703 	ld	a, -1 (ix)
      004B16 DD B6 FE         [19]11704 	or	a, -2 (ix)
      004B19 20 0F            [12]11705 	jr	NZ, 00108$
                                  11706 ;ff.c:4824: res = dir_sdi(dp, 0);		/* Rewind the directory object */
      004B1B E5               [11]11707 	push	hl
      004B1C 11 00 00         [10]11708 	ld	de, #0x0000
      004B1F D5               [11]11709 	push	de
      004B20 D5               [11]11710 	push	de
      004B21 69               [ 4]11711 	ld	l, c
                                  11712 ;	spillPairReg hl
                                  11713 ;	spillPairReg hl
      004B22 60               [ 4]11714 	ld	h, b
                                  11715 ;	spillPairReg hl
                                  11716 ;	spillPairReg hl
      004B23 CDr79r13         [17]11717 	call	_dir_sdi
      004B26 E1               [10]11718 	pop	hl
      004B27 5F               [ 4]11719 	ld	e, a
      004B28 18 35            [12]11720 	jr	00111$
      004B2A                      11721 00108$:
                                  11722 ;ff.c:4827: fno->fname[0] = 0;				/* Clear file information */
      004B2A 36 00            [10]11723 	ld	(hl), #0x00
                                  11724 ;ff.c:4828: res = DIR_READ_FILE(dp);		/* Read an item */
      004B2C E5               [11]11725 	push	hl
      004B2D C5               [11]11726 	push	bc
      004B2E 11 00 00         [10]11727 	ld	de, #0x0000
      004B31 69               [ 4]11728 	ld	l, c
                                  11729 ;	spillPairReg hl
                                  11730 ;	spillPairReg hl
      004B32 60               [ 4]11731 	ld	h, b
                                  11732 ;	spillPairReg hl
                                  11733 ;	spillPairReg hl
      004B33 CDr13r1B         [17]11734 	call	_dir_read
      004B36 C1               [10]11735 	pop	bc
      004B37 E1               [10]11736 	pop	hl
                                  11737 ;ff.c:4829: if (res == FR_NO_FILE) res = FR_OK;	/* Ignore end of directory */
      004B38 5F               [ 4]11738 	ld	e, a
      004B39 D6 04            [ 7]11739 	sub	a,#0x04
      004B3B 20 01            [12]11740 	jr	NZ, 00102$
      004B3D 5F               [ 4]11741 	ld	e,a
      004B3E                      11742 00102$:
                                  11743 ;ff.c:4830: if (res == FR_OK) {				/* A valid entry is found */
      004B3E 7B               [ 4]11744 	ld	a, e
      004B3F B7               [ 4]11745 	or	a, a
      004B40 20 1D            [12]11746 	jr	NZ, 00111$
                                  11747 ;ff.c:4831: get_fileinfo(dp, fno);		/* Get the object information */
      004B42 E5               [11]11748 	push	hl
      004B43 C5               [11]11749 	push	bc
      004B44 DD 5E FE         [19]11750 	ld	e, -2 (ix)
      004B47 DD 56 FF         [19]11751 	ld	d, -1 (ix)
      004B4A 69               [ 4]11752 	ld	l, c
                                  11753 ;	spillPairReg hl
                                  11754 ;	spillPairReg hl
      004B4B 60               [ 4]11755 	ld	h, b
                                  11756 ;	spillPairReg hl
                                  11757 ;	spillPairReg hl
      004B4C CDrD9r1D         [17]11758 	call	_get_fileinfo
      004B4F C1               [10]11759 	pop	bc
      004B50 11 00 00         [10]11760 	ld	de, #0x0000
      004B53 69               [ 4]11761 	ld	l, c
                                  11762 ;	spillPairReg hl
                                  11763 ;	spillPairReg hl
      004B54 60               [ 4]11764 	ld	h, b
                                  11765 ;	spillPairReg hl
                                  11766 ;	spillPairReg hl
      004B55 CDr94r16         [17]11767 	call	_dir_next
      004B58 E1               [10]11768 	pop	hl
                                  11769 ;ff.c:4833: if (res == FR_NO_FILE) res = FR_OK;	/* Ignore end of directory now */
      004B59 5F               [ 4]11770 	ld	e, a
      004B5A D6 04            [ 7]11771 	sub	a,#0x04
      004B5C 20 01            [12]11772 	jr	NZ, 00111$
      004B5E 5F               [ 4]11773 	ld	e,a
      004B5F                      11774 00111$:
                                  11775 ;ff.c:4839: if (fno && res != FR_OK) fno->fname[0] = 0;	/* Clear the file information if any error occured */
      004B5F DD 7E FF         [19]11776 	ld	a, -1 (ix)
      004B62 DD B6 FE         [19]11777 	or	a, -2 (ix)
      004B65 28 06            [12]11778 	jr	Z, 00113$
      004B67 7B               [ 4]11779 	ld	a, e
      004B68 B7               [ 4]11780 	or	a, a
      004B69 28 02            [12]11781 	jr	Z, 00113$
      004B6B 36 00            [10]11782 	ld	(hl), #0x00
      004B6D                      11783 00113$:
                                  11784 ;ff.c:4840: LEAVE_FF(fs, res);
      004B6D 7B               [ 4]11785 	ld	a, e
                                  11786 ;ff.c:4841: }
      004B6E DD F9            [10]11787 	ld	sp, ix
      004B70 DD E1            [14]11788 	pop	ix
      004B72 C9               [10]11789 	ret
                                  11790 ;ff.c:4902: FRESULT f_stat (
                                  11791 ;	---------------------------------
                                  11792 ; Function f_stat
                                  11793 ; ---------------------------------
      004B73                      11794 _f_stat::
      004B73 DD E5            [15]11795 	push	ix
      004B75 DD 21 00 00      [14]11796 	ld	ix,#0
      004B79 DD 39            [15]11797 	add	ix,sp
      004B7B FD 21 D5 FF      [14]11798 	ld	iy, #-43
      004B7F FD 39            [15]11799 	add	iy, sp
      004B81 FD F9            [10]11800 	ld	sp, iy
      004B83 DD 75 FE         [19]11801 	ld	-2 (ix), l
      004B86 DD 74 FF         [19]11802 	ld	-1 (ix), h
                                  11803 ;ff.c:4913: res = mount_volume(&path, &dj.obj.fs, 0);
      004B89 D5               [11]11804 	push	de
      004B8A AF               [ 4]11805 	xor	a, a
      004B8B F5               [11]11806 	push	af
      004B8C 33               [ 6]11807 	inc	sp
      004B8D 21 03 00         [10]11808 	ld	hl, #3
      004B90 39               [11]11809 	add	hl, sp
      004B91 EB               [ 4]11810 	ex	de, hl
      004B92 21 2C 00         [10]11811 	ld	hl, #44
      004B95 39               [11]11812 	add	hl, sp
      004B96 CDr40r26         [17]11813 	call	_mount_volume
      004B99 C1               [10]11814 	pop	bc
                                  11815 ;ff.c:4915: if (res == FR_OK) {
      004B9A DD 77 FD         [19]11816 	ld	-3 (ix), a
      004B9D B7               [ 4]11817 	or	a, a
      004B9E 20 30            [12]11818 	jr	NZ, 00109$
                                  11819 ;ff.c:4917: res = follow_path(&dj, path);	/* Follow the file path */
      004BA0 C5               [11]11820 	push	bc
      004BA1 DD 5E FE         [19]11821 	ld	e, -2 (ix)
      004BA4 DD 56 FF         [19]11822 	ld	d, -1 (ix)
      004BA7 21 02 00         [10]11823 	ld	hl, #2
      004BAA 39               [11]11824 	add	hl, sp
      004BAB CDr2Fr21         [17]11825 	call	_follow_path
      004BAE C1               [10]11826 	pop	bc
                                  11827 ;ff.c:4918: if (res == FR_OK) {				/* Follow completed */
      004BAF DD 77 FD         [19]11828 	ld	-3 (ix), a
      004BB2 B7               [ 4]11829 	or	a, a
      004BB3 20 1B            [12]11830 	jr	NZ, 00109$
                                  11831 ;ff.c:4919: if (dj.fn[NSFLAG] & NS_NONAME) {	/* It is origin directory */
      004BB5 DD 7E FC         [19]11832 	ld	a, -4 (ix)
      004BB8 07               [ 4]11833 	rlca
      004BB9 30 06            [12]11834 	jr	NC, 00104$
                                  11835 ;ff.c:4920: res = FR_INVALID_NAME;
      004BBB DD 36 FD 06      [19]11836 	ld	-3 (ix), #0x06
      004BBF 18 0F            [12]11837 	jr	00109$
      004BC1                      11838 00104$:
                                  11839 ;ff.c:4922: if (fno) get_fileinfo(&dj, fno);
      004BC1 78               [ 4]11840 	ld	a, b
      004BC2 B1               [ 4]11841 	or	a, c
      004BC3 28 0B            [12]11842 	jr	Z, 00109$
      004BC5 C5               [11]11843 	push	bc
      004BC6 59               [ 4]11844 	ld	e, c
      004BC7 50               [ 4]11845 	ld	d, b
      004BC8 21 02 00         [10]11846 	ld	hl, #2
      004BCB 39               [11]11847 	add	hl, sp
      004BCC CDrD9r1D         [17]11848 	call	_get_fileinfo
      004BCF C1               [10]11849 	pop	bc
      004BD0                      11850 00109$:
                                  11851 ;ff.c:4928: if (fno && res != FR_OK) fno->fname[0] = 0;	/* Invalidate the file information if an error occured */
      004BD0 78               [ 4]11852 	ld	a, b
      004BD1 B1               [ 4]11853 	or	a, c
      004BD2 28 0C            [12]11854 	jr	Z, 00111$
      004BD4 DD 7E FD         [19]11855 	ld	a, -3 (ix)
      004BD7 B7               [ 4]11856 	or	a, a
      004BD8 28 06            [12]11857 	jr	Z, 00111$
      004BDA 21 09 00         [10]11858 	ld	hl, #0x0009
      004BDD 09               [11]11859 	add	hl, bc
      004BDE 36 00            [10]11860 	ld	(hl), #0x00
      004BE0                      11861 00111$:
                                  11862 ;ff.c:4929: LEAVE_FF(dj.obj.fs, res);
      004BE0 DD 7E FD         [19]11863 	ld	a, -3 (ix)
                                  11864 ;ff.c:4930: }
      004BE3 DD F9            [10]11865 	ld	sp, ix
      004BE5 DD E1            [14]11866 	pop	ix
      004BE7 C9               [10]11867 	ret
                                  11868 ;ff.c:4939: FRESULT f_getfree (
                                  11869 ;	---------------------------------
                                  11870 ; Function f_getfree
                                  11871 ; ---------------------------------
      004BE8                      11872 _f_getfree::
      004BE8 DD E5            [15]11873 	push	ix
      004BEA DD 21 00 00      [14]11874 	ld	ix,#0
      004BEE DD 39            [15]11875 	add	ix,sp
      004BF0 FD 21 D9 FF      [14]11876 	ld	iy, #-39
      004BF4 FD 39            [15]11877 	add	iy, sp
      004BF6 FD F9            [10]11878 	ld	sp, iy
      004BF8 DD 75 F6         [19]11879 	ld	-10 (ix), l
      004BFB DD 74 F7         [19]11880 	ld	-9 (ix), h
      004BFE DD 73 F4         [19]11881 	ld	-12 (ix), e
      004C01 DD 72 F5         [19]11882 	ld	-11 (ix), d
                                  11883 ;ff.c:4954: res = mount_volume(&path, &fs, 0);
      004C04 AF               [ 4]11884 	xor	a, a
      004C05 F5               [11]11885 	push	af
      004C06 33               [ 6]11886 	inc	sp
      004C07 21 01 00         [10]11887 	ld	hl, #1
      004C0A 39               [11]11888 	add	hl, sp
      004C0B EB               [ 4]11889 	ex	de, hl
      004C0C 21 1E 00         [10]11890 	ld	hl, #30
      004C0F 39               [11]11891 	add	hl, sp
      004C10 CDr40r26         [17]11892 	call	_mount_volume
                                  11893 ;ff.c:4956: if (res == FR_OK) {
      004C13 DD 77 E9         [19]11894 	ld	-23 (ix), a
      004C16 B7               [ 4]11895 	or	a, a
      004C17 C2r96r4E         [10]11896 	jp	NZ, 00133$
                                  11897 ;ff.c:4957: *fatfs = fs;				/* Return ptr to the fs object */
      004C1A DD 4E 04         [19]11898 	ld	c, 4 (ix)
      004C1D DD 46 05         [19]11899 	ld	b, 5 (ix)
      004C20 DD 7E D9         [19]11900 	ld	a, -39 (ix)
      004C23 02               [ 7]11901 	ld	(bc), a
      004C24 03               [ 6]11902 	inc	bc
      004C25 DD 7E DA         [19]11903 	ld	a, -38 (ix)
      004C28 02               [ 7]11904 	ld	(bc), a
                                  11905 ;ff.c:4959: if (fs->free_clst <= fs->n_fatent - 2) {
      004C29 C1               [10]11906 	pop	bc
      004C2A C5               [11]11907 	push	bc
      004C2B 59               [ 4]11908 	ld	e, c
      004C2C 50               [ 4]11909 	ld	d, b
      004C2D C5               [11]11910 	push	bc
      004C2E 21 21 00         [10]11911 	ld	hl, #33
      004C31 39               [11]11912 	add	hl, sp
      004C32 EB               [ 4]11913 	ex	de, hl
      004C33 01 10 00         [10]11914 	ld	bc, #0x0010
      004C36 09               [11]11915 	add	hl, bc
      004C37 01 04 00         [10]11916 	ld	bc, #0x0004
      004C3A ED B0            [21]11917 	ldir
      004C3C C1               [10]11918 	pop	bc
      004C3D 59               [ 4]11919 	ld	e, c
      004C3E 50               [ 4]11920 	ld	d, b
      004C3F C5               [11]11921 	push	bc
      004C40 21 25 00         [10]11922 	ld	hl, #37
      004C43 39               [11]11923 	add	hl, sp
      004C44 EB               [ 4]11924 	ex	de, hl
      004C45 01 14 00         [10]11925 	ld	bc, #0x0014
      004C48 09               [11]11926 	add	hl, bc
      004C49 01 04 00         [10]11927 	ld	bc, #0x0004
      004C4C ED B0            [21]11928 	ldir
      004C4E C1               [10]11929 	pop	bc
      004C4F DD 7E FC         [19]11930 	ld	a, -4 (ix)
      004C52 C6 FE            [ 7]11931 	add	a, #0xfe
      004C54 5F               [ 4]11932 	ld	e, a
      004C55 DD 7E FD         [19]11933 	ld	a, -3 (ix)
      004C58 CE FF            [ 7]11934 	adc	a, #0xff
      004C5A 57               [ 4]11935 	ld	d, a
      004C5B DD 7E FE         [19]11936 	ld	a, -2 (ix)
      004C5E CE FF            [ 7]11937 	adc	a, #0xff
      004C60 6F               [ 4]11938 	ld	l, a
                                  11939 ;	spillPairReg hl
                                  11940 ;	spillPairReg hl
      004C61 DD 7E FF         [19]11941 	ld	a, -1 (ix)
      004C64 CE FF            [ 7]11942 	adc	a, #0xff
      004C66 67               [ 4]11943 	ld	h, a
                                  11944 ;	spillPairReg hl
                                  11945 ;	spillPairReg hl
      004C67 7B               [ 4]11946 	ld	a, e
      004C68 DD 96 F8         [19]11947 	sub	a, -8 (ix)
      004C6B 7A               [ 4]11948 	ld	a, d
      004C6C DD 9E F9         [19]11949 	sbc	a, -7 (ix)
      004C6F 7D               [ 4]11950 	ld	a, l
      004C70 DD 9E FA         [19]11951 	sbc	a, -6 (ix)
      004C73 7C               [ 4]11952 	ld	a, h
      004C74 DD 9E FB         [19]11953 	sbc	a, -5 (ix)
      004C77 38 12            [12]11954 	jr	C, 00130$
                                  11955 ;ff.c:4960: *nclst = fs->free_clst;
      004C79 DD 5E F4         [19]11956 	ld	e, -12 (ix)
      004C7C DD 56 F5         [19]11957 	ld	d, -11 (ix)
      004C7F 21 1F 00         [10]11958 	ld	hl, #31
      004C82 39               [11]11959 	add	hl, sp
      004C83 01 04 00         [10]11960 	ld	bc, #0x0004
      004C86 ED B0            [21]11961 	ldir
      004C88 C3r96r4E         [10]11962 	jp	00133$
      004C8B                      11963 00130$:
                                  11964 ;ff.c:4963: nfree = 0;
      004C8B AF               [ 4]11965 	xor	a, a
      004C8C DD 77 EA         [19]11966 	ld	-22 (ix), a
      004C8F DD 77 EB         [19]11967 	ld	-21 (ix), a
      004C92 DD 77 EC         [19]11968 	ld	-20 (ix), a
      004C95 DD 77 ED         [19]11969 	ld	-19 (ix), a
                                  11970 ;ff.c:4964: if (fs->fs_type == FS_FAT12) {	/* FAT12: Scan bit field FAT entries */
      004C98 0A               [ 7]11971 	ld	a, (bc)
      004C99 3D               [ 4]11972 	dec	a
      004C9A C2r4Er4D         [10]11973 	jp	NZ,00125$
                                  11974 ;ff.c:4965: clst = 2; obj.fs = fs;
      004C9D DD 71 DB         [19]11975 	ld	-37 (ix), c
      004CA0 DD 70 DC         [19]11976 	ld	-36 (ix), b
                                  11977 ;ff.c:4966: do {
      004CA3 AF               [ 4]11978 	xor	a, a
      004CA4 DD 77 F8         [19]11979 	ld	-8 (ix), a
      004CA7 DD 77 F9         [19]11980 	ld	-7 (ix), a
      004CAA DD 77 FA         [19]11981 	ld	-6 (ix), a
      004CAD DD 77 FB         [19]11982 	ld	-5 (ix), a
      004CB0 DD 36 FC 02      [19]11983 	ld	-4 (ix), #0x02
      004CB4 AF               [ 4]11984 	xor	a, a
      004CB5 DD 77 FD         [19]11985 	ld	-3 (ix), a
      004CB8 DD 77 FE         [19]11986 	ld	-2 (ix), a
      004CBB DD 77 FF         [19]11987 	ld	-1 (ix), a
      004CBE                      11988 00107$:
                                  11989 ;ff.c:4967: stat = get_fat(&obj, clst);
      004CBE DD 6E FE         [19]11990 	ld	l, -2 (ix)
                                  11991 ;	spillPairReg hl
                                  11992 ;	spillPairReg hl
      004CC1 DD 66 FF         [19]11993 	ld	h, -1 (ix)
                                  11994 ;	spillPairReg hl
                                  11995 ;	spillPairReg hl
      004CC4 E5               [11]11996 	push	hl
      004CC5 DD 6E FC         [19]11997 	ld	l, -4 (ix)
                                  11998 ;	spillPairReg hl
                                  11999 ;	spillPairReg hl
      004CC8 DD 66 FD         [19]12000 	ld	h, -3 (ix)
                                  12001 ;	spillPairReg hl
                                  12002 ;	spillPairReg hl
      004CCB E5               [11]12003 	push	hl
      004CCC 21 06 00         [10]12004 	ld	hl, #6
      004CCF 39               [11]12005 	add	hl, sp
      004CD0 CDrAEr05         [17]12006 	call	_get_fat
      004CD3 F1               [10]12007 	pop	af
      004CD4 F1               [10]12008 	pop	af
      004CD5 4B               [ 4]12009 	ld	c, e
      004CD6 42               [ 4]12010 	ld	b, d
                                  12011 ;ff.c:4968: if (stat == 0xFFFFFFFF) {
      004CD7 79               [ 4]12012 	ld	a, c
      004CD8 A0               [ 4]12013 	and	a, b
      004CD9 A5               [ 4]12014 	and	a, l
      004CDA A4               [ 4]12015 	and	a, h
      004CDB 3C               [ 4]12016 	inc	a
      004CDC 20 07            [12]12017 	jr	NZ, 00102$
                                  12018 ;ff.c:4969: res = FR_DISK_ERR; break;
      004CDE DD 36 E9 01      [19]12019 	ld	-23 (ix), #0x01
      004CE2 C3r69r4E         [10]12020 	jp	00126$
      004CE5                      12021 00102$:
                                  12022 ;ff.c:4971: if (stat == 1) {
      004CE5 79               [ 4]12023 	ld	a, c
      004CE6 3D               [ 4]12024 	dec	a
      004CE7 B0               [ 4]12025 	or	a, b
      004CE8 B5               [ 4]12026 	or	a, l
      004CE9 B4               [ 4]12027 	or	a, h
      004CEA 20 07            [12]12028 	jr	NZ, 00104$
                                  12029 ;ff.c:4972: res = FR_INT_ERR; break;
      004CEC DD 36 E9 02      [19]12030 	ld	-23 (ix), #0x02
      004CF0 C3r69r4E         [10]12031 	jp	00126$
      004CF3                      12032 00104$:
                                  12033 ;ff.c:4974: if (stat == 0) nfree++;
      004CF3 7C               [ 4]12034 	ld	a, h
      004CF4 B5               [ 4]12035 	or	a, l
      004CF5 B0               [ 4]12036 	or	a, b
      004CF6 B1               [ 4]12037 	or	a, c
      004CF7 20 20            [12]12038 	jr	NZ, 00108$
      004CF9 DD 34 F8         [23]12039 	inc	-8 (ix)
      004CFC 20 0D            [12]12040 	jr	NZ, 00213$
      004CFE DD 34 F9         [23]12041 	inc	-7 (ix)
      004D01 20 08            [12]12042 	jr	NZ, 00213$
      004D03 DD 34 FA         [23]12043 	inc	-6 (ix)
      004D06 20 03            [12]12044 	jr	NZ, 00213$
      004D08 DD 34 FB         [23]12045 	inc	-5 (ix)
      004D0B                      12046 00213$:
      004D0B 21 11 00         [10]12047 	ld	hl, #17
      004D0E 39               [11]12048 	add	hl, sp
      004D0F EB               [ 4]12049 	ex	de, hl
      004D10 21 1F 00         [10]12050 	ld	hl, #31
      004D13 39               [11]12051 	add	hl, sp
      004D14 01 04 00         [10]12052 	ld	bc, #4
      004D17 ED B0            [21]12053 	ldir
      004D19                      12054 00108$:
                                  12055 ;ff.c:4975: } while (++clst < fs->n_fatent);
      004D19 DD 34 FC         [23]12056 	inc	-4 (ix)
      004D1C 20 0D            [12]12057 	jr	NZ, 00214$
      004D1E DD 34 FD         [23]12058 	inc	-3 (ix)
      004D21 20 08            [12]12059 	jr	NZ, 00214$
      004D23 DD 34 FE         [23]12060 	inc	-2 (ix)
      004D26 20 03            [12]12061 	jr	NZ, 00214$
      004D28 DD 34 FF         [23]12062 	inc	-1 (ix)
      004D2B                      12063 00214$:
      004D2B C1               [10]12064 	pop	bc
      004D2C C5               [11]12065 	push	bc
      004D2D 21 14 00         [10]12066 	ld	hl, #20
      004D30 09               [11]12067 	add	hl, bc
      004D31 4E               [ 7]12068 	ld	c, (hl)
      004D32 23               [ 6]12069 	inc	hl
      004D33 46               [ 7]12070 	ld	b, (hl)
      004D34 23               [ 6]12071 	inc	hl
      004D35 5E               [ 7]12072 	ld	e, (hl)
      004D36 23               [ 6]12073 	inc	hl
      004D37 56               [ 7]12074 	ld	d, (hl)
      004D38 DD 7E FC         [19]12075 	ld	a, -4 (ix)
      004D3B 91               [ 4]12076 	sub	a, c
      004D3C DD 7E FD         [19]12077 	ld	a, -3 (ix)
      004D3F 98               [ 4]12078 	sbc	a, b
      004D40 DD 7E FE         [19]12079 	ld	a, -2 (ix)
      004D43 9B               [ 4]12080 	sbc	a, e
      004D44 DD 7E FF         [19]12081 	ld	a, -1 (ix)
      004D47 9A               [ 4]12082 	sbc	a, d
      004D48 DArBEr4C         [10]12083 	jp	C, 00107$
      004D4B C3r69r4E         [10]12084 	jp	00126$
      004D4E                      12085 00125$:
                                  12086 ;ff.c:4999: clst = fs->n_fatent;	/* Number of entries */
      004D4E DD 7E FC         [19]12087 	ld	a, -4 (ix)
      004D51 DD 77 F8         [19]12088 	ld	-8 (ix), a
      004D54 DD 7E FD         [19]12089 	ld	a, -3 (ix)
      004D57 DD 77 F9         [19]12090 	ld	-7 (ix), a
      004D5A DD 7E FE         [19]12091 	ld	a, -2 (ix)
      004D5D DD 77 FA         [19]12092 	ld	-6 (ix), a
      004D60 DD 7E FF         [19]12093 	ld	a, -1 (ix)
      004D63 DD 77 FB         [19]12094 	ld	-5 (ix), a
                                  12095 ;ff.c:5000: sect = fs->fatbase;		/* Top of the FAT */
      004D66 59               [ 4]12096 	ld	e, c
      004D67 50               [ 4]12097 	ld	d, b
      004D68 21 23 00         [10]12098 	ld	hl, #35
      004D6B 39               [11]12099 	add	hl, sp
      004D6C EB               [ 4]12100 	ex	de, hl
      004D6D 01 24 00         [10]12101 	ld	bc, #0x0024
      004D70 09               [11]12102 	add	hl, bc
      004D71 01 04 00         [10]12103 	ld	bc, #0x0004
      004D74 ED B0            [21]12104 	ldir
                                  12105 ;ff.c:5001: i = 0;					/* Offset in the sector */
      004D76 AF               [ 4]12106 	xor	a, a
      004D77 DD 77 EE         [19]12107 	ld	-18 (ix), a
      004D7A DD 77 EF         [19]12108 	ld	-17 (ix), a
                                  12109 ;ff.c:5002: do {	/* Counts numbuer of entries with zero in the FAT */
      004D7D                      12110 00121$:
                                  12111 ;ff.c:5003: if (i == 0) {	/* New sector? */
      004D7D DD 7E EF         [19]12112 	ld	a, -17 (ix)
      004D80 DD B6 EE         [19]12113 	or	a, -18 (ix)
      004D83 20 30            [12]12114 	jr	NZ, 00113$
                                  12115 ;ff.c:5004: res = move_window(fs, sect++);
      004D85 DD 4E FC         [19]12116 	ld	c, -4 (ix)
      004D88 DD 46 FD         [19]12117 	ld	b, -3 (ix)
      004D8B DD 5E FE         [19]12118 	ld	e, -2 (ix)
      004D8E DD 56 FF         [19]12119 	ld	d, -1 (ix)
      004D91 DD 34 FC         [23]12120 	inc	-4 (ix)
      004D94 20 0D            [12]12121 	jr	NZ, 00215$
      004D96 DD 34 FD         [23]12122 	inc	-3 (ix)
      004D99 20 08            [12]12123 	jr	NZ, 00215$
      004D9B DD 34 FE         [23]12124 	inc	-2 (ix)
      004D9E 20 03            [12]12125 	jr	NZ, 00215$
      004DA0 DD 34 FF         [23]12126 	inc	-1 (ix)
      004DA3                      12127 00215$:
      004DA3 D5               [11]12128 	push	de
      004DA4 C5               [11]12129 	push	bc
      004DA5 DD 6E D9         [19]12130 	ld	l, -39 (ix)
                                  12131 ;	spillPairReg hl
                                  12132 ;	spillPairReg hl
      004DA8 DD 66 DA         [19]12133 	ld	h, -38 (ix)
                                  12134 ;	spillPairReg hl
                                  12135 ;	spillPairReg hl
      004DAB CDrDFr02         [17]12136 	call	_move_window
                                  12137 ;ff.c:5005: if (res != FR_OK) break;
      004DAE DD 77 E9         [19]12138 	ld	-23 (ix), a
      004DB1 B7               [ 4]12139 	or	a, a
      004DB2 C2r69r4E         [10]12140 	jp	NZ, 00126$
      004DB5                      12141 00113$:
                                  12142 ;ff.c:5007: if (fs->fs_type == FS_FAT16) {
      004DB5 E1               [10]12143 	pop	hl
      004DB6 E5               [11]12144 	push	hl
      004DB7 4E               [ 7]12145 	ld	c, (hl)
                                  12146 ;ff.c:5008: if (ld_16(fs->win + i) == 0) nfree++;	/* FAT16: Is this cluster free? */
      004DB8 11 30 00         [10]12147 	ld	de, #0x0030
      004DBB 19               [11]12148 	add	hl, de
      004DBC DD 7E EA         [19]12149 	ld	a, -22 (ix)
      004DBF C6 01            [ 7]12150 	add	a, #0x01
      004DC1 DD 77 F0         [19]12151 	ld	-16 (ix), a
      004DC4 DD 7E EB         [19]12152 	ld	a, -21 (ix)
      004DC7 CE 00            [ 7]12153 	adc	a, #0x00
      004DC9 DD 77 F1         [19]12154 	ld	-15 (ix), a
      004DCC DD 7E EC         [19]12155 	ld	a, -20 (ix)
      004DCF CE 00            [ 7]12156 	adc	a, #0x00
      004DD1 DD 77 F2         [19]12157 	ld	-14 (ix), a
      004DD4 DD 7E ED         [19]12158 	ld	a, -19 (ix)
      004DD7 CE 00            [ 7]12159 	adc	a, #0x00
      004DD9 DD 77 F3         [19]12160 	ld	-13 (ix), a
      004DDC DD 5E EE         [19]12161 	ld	e, -18 (ix)
      004DDF DD 56 EF         [19]12162 	ld	d, -17 (ix)
      004DE2 19               [11]12163 	add	hl, de
                                  12164 ;ff.c:5007: if (fs->fs_type == FS_FAT16) {
      004DE3 79               [ 4]12165 	ld	a, c
      004DE4 D6 02            [ 7]12166 	sub	a, #0x02
      004DE6 20 20            [12]12167 	jr	NZ, 00119$
                                  12168 ;ff.c:5008: if (ld_16(fs->win + i) == 0) nfree++;	/* FAT16: Is this cluster free? */
      004DE8 CDr00r00         [17]12169 	call	_ld_16
      004DEB 4B               [ 4]12170 	ld	c, e
      004DEC 7A               [ 4]12171 	ld	a, d
      004DED B1               [ 4]12172 	or	a, c
      004DEE 20 0E            [12]12173 	jr	NZ, 00115$
      004DF0 21 11 00         [10]12174 	ld	hl, #17
      004DF3 39               [11]12175 	add	hl, sp
      004DF4 EB               [ 4]12176 	ex	de, hl
      004DF5 21 17 00         [10]12177 	ld	hl, #23
      004DF8 39               [11]12178 	add	hl, sp
      004DF9 01 04 00         [10]12179 	ld	bc, #4
      004DFC ED B0            [21]12180 	ldir
      004DFE                      12181 00115$:
                                  12182 ;ff.c:5009: i += 2;	/* Next entry */
      004DFE DD 4E EE         [19]12183 	ld	c, -18 (ix)
      004E01 DD 46 EF         [19]12184 	ld	b, -17 (ix)
      004E04 03               [ 6]12185 	inc	bc
      004E05 03               [ 6]12186 	inc	bc
      004E06 18 2C            [12]12187 	jr	00120$
      004E08                      12188 00119$:
                                  12189 ;ff.c:5011: if ((ld_32(fs->win + i) & 0x0FFFFFFF) == 0) nfree++;	/* FAT32: Is this cluster free? */
      004E08 CDr1Dr00         [17]12190 	call	_ld_32
      004E0B 7B               [ 4]12191 	ld	a, e
      004E0C B7               [ 4]12192 	or	a,a
      004E0D 20 19            [12]12193 	jr	NZ, 00117$
      004E0F B2               [ 4]12194 	or	a,d
      004E10 20 16            [12]12195 	jr	NZ, 00117$
      004E12 B5               [ 4]12196 	or	a,l
      004E13 20 13            [12]12197 	jr	NZ, 00117$
      004E15 7C               [ 4]12198 	ld	a, h
      004E16 E6 0F            [ 7]12199 	and	a, #0x0f
      004E18 20 0E            [12]12200 	jr	NZ, 00117$
      004E1A 21 11 00         [10]12201 	ld	hl, #17
      004E1D 39               [11]12202 	add	hl, sp
      004E1E EB               [ 4]12203 	ex	de, hl
      004E1F 21 17 00         [10]12204 	ld	hl, #23
      004E22 39               [11]12205 	add	hl, sp
      004E23 01 04 00         [10]12206 	ld	bc, #4
      004E26 ED B0            [21]12207 	ldir
      004E28                      12208 00117$:
                                  12209 ;ff.c:5012: i += 4;	/* Next entry */
      004E28 DD 7E EE         [19]12210 	ld	a, -18 (ix)
      004E2B C6 04            [ 7]12211 	add	a, #0x04
      004E2D 4F               [ 4]12212 	ld	c, a
      004E2E DD 7E EF         [19]12213 	ld	a, -17 (ix)
      004E31 CE 00            [ 7]12214 	adc	a, #0x00
      004E33 47               [ 4]12215 	ld	b, a
      004E34                      12216 00120$:
                                  12217 ;ff.c:5014: i %= SS(fs);
      004E34 DD 71 EE         [19]12218 	ld	-18 (ix), c
      004E37 78               [ 4]12219 	ld	a, b
      004E38 E6 01            [ 7]12220 	and	a, #0x01
      004E3A DD 77 EF         [19]12221 	ld	-17 (ix), a
                                  12222 ;ff.c:5015: } while (--clst);
      004E3D DD 7E F8         [19]12223 	ld	a, -8 (ix)
      004E40 C6 FF            [ 7]12224 	add	a, #0xff
      004E42 DD 77 F8         [19]12225 	ld	-8 (ix), a
      004E45 DD 7E F9         [19]12226 	ld	a, -7 (ix)
      004E48 CE FF            [ 7]12227 	adc	a, #0xff
      004E4A DD 77 F9         [19]12228 	ld	-7 (ix), a
      004E4D DD 7E FA         [19]12229 	ld	a, -6 (ix)
      004E50 CE FF            [ 7]12230 	adc	a, #0xff
      004E52 DD 77 FA         [19]12231 	ld	-6 (ix), a
      004E55 DD 7E FB         [19]12232 	ld	a, -5 (ix)
      004E58 CE FF            [ 7]12233 	adc	a, #0xff
      004E5A DD 77 FB         [19]12234 	ld	-5 (ix), a
      004E5D DD B6 FA         [19]12235 	or	a, -6 (ix)
      004E60 DD B6 F9         [19]12236 	or	a, -7 (ix)
      004E63 DD B6 F8         [19]12237 	or	a, -8 (ix)
      004E66 C2r7Dr4D         [10]12238 	jp	NZ, 00121$
      004E69                      12239 00126$:
                                  12240 ;ff.c:5018: if (res == FR_OK) {		/* Update parameters if succeeded */
      004E69 DD 7E E9         [19]12241 	ld	a, -23 (ix)
      004E6C B7               [ 4]12242 	or	a, a
      004E6D 20 27            [12]12243 	jr	NZ, 00133$
                                  12244 ;ff.c:5019: *nclst = nfree;			/* Return the free clusters */
      004E6F DD 5E F4         [19]12245 	ld	e, -12 (ix)
      004E72 DD 56 F5         [19]12246 	ld	d, -11 (ix)
      004E75 21 11 00         [10]12247 	ld	hl, #17
      004E78 39               [11]12248 	add	hl, sp
      004E79 01 04 00         [10]12249 	ld	bc, #0x0004
      004E7C ED B0            [21]12250 	ldir
                                  12251 ;ff.c:5020: fs->free_clst = nfree;	/* Now free cluster count is valid */
      004E7E C1               [10]12252 	pop	bc
      004E7F C5               [11]12253 	push	bc
      004E80 21 10 00         [10]12254 	ld	hl, #0x0010
      004E83 09               [11]12255 	add	hl, bc
      004E84 EB               [ 4]12256 	ex	de, hl
      004E85 21 11 00         [10]12257 	ld	hl, #17
      004E88 39               [11]12258 	add	hl, sp
      004E89 01 04 00         [10]12259 	ld	bc, #0x0004
      004E8C ED B0            [21]12260 	ldir
                                  12261 ;ff.c:5021: fs->fsi_flag |= 1;		/* FAT32/exfAT : Allocation information is to be updated */
      004E8E C1               [10]12262 	pop	bc
      004E8F C5               [11]12263 	push	bc
      004E90 21 05 00         [10]12264 	ld	hl, #0x0005
      004E93 09               [11]12265 	add	hl, bc
      004E94 CB C6            [15]12266 	set	0, (hl)
      004E96                      12267 00133$:
                                  12268 ;ff.c:5026: LEAVE_FF(fs, res);
      004E96 DD 7E E9         [19]12269 	ld	a, -23 (ix)
                                  12270 ;ff.c:5027: }
      004E99 DD F9            [10]12271 	ld	sp, ix
      004E9B DD E1            [14]12272 	pop	ix
      004E9D E1               [10]12273 	pop	hl
      004E9E C1               [10]12274 	pop	bc
      004E9F E9               [ 4]12275 	jp	(hl)
                                  12276 ;ff.c:5036: FRESULT f_truncate (
                                  12277 ;	---------------------------------
                                  12278 ; Function f_truncate
                                  12279 ; ---------------------------------
      004EA0                      12280 _f_truncate::
      004EA0 DD E5            [15]12281 	push	ix
      004EA2 DD 21 00 00      [14]12282 	ld	ix,#0
      004EA6 DD 39            [15]12283 	add	ix,sp
      004EA8 FD 21 E9 FF      [14]12284 	ld	iy, #-23
      004EAC FD 39            [15]12285 	add	iy, sp
      004EAE FD F9            [10]12286 	ld	sp, iy
      004EB0 DD 75 FE         [19]12287 	ld	-2 (ix), l
      004EB3 DD 74 FF         [19]12288 	ld	-1 (ix), h
                                  12289 ;ff.c:5046: res = validate(&fp->obj, &fs);
      004EB6 21 04 00         [10]12290 	ld	hl, #4
      004EB9 39               [11]12291 	add	hl, sp
      004EBA EB               [ 4]12292 	ex	de, hl
      004EBB DD 6E FE         [19]12293 	ld	l, -2 (ix)
                                  12294 ;	spillPairReg hl
                                  12295 ;	spillPairReg hl
      004EBE DD 66 FF         [19]12296 	ld	h, -1 (ix)
                                  12297 ;	spillPairReg hl
                                  12298 ;	spillPairReg hl
      004EC1 CDr97r2E         [17]12299 	call	_validate
                                  12300 ;ff.c:5047: if (res != FR_OK || (res = (FRESULT)fp->err) != FR_OK) LEAVE_FF(fs, res);
      004EC4 DD 77 EF         [19]12301 	ld	-17 (ix), a
      004EC7 B7               [ 4]12302 	or	a, a
      004EC8 20 1D            [12]12303 	jr	NZ, 00101$
      004ECA DD 7E FE         [19]12304 	ld	a, -2 (ix)
      004ECD C6 0F            [ 7]12305 	add	a, #0x0f
      004ECF DD 77 F0         [19]12306 	ld	-16 (ix), a
      004ED2 DD 7E FF         [19]12307 	ld	a, -1 (ix)
      004ED5 CE 00            [ 7]12308 	adc	a, #0x00
      004ED7 DD 77 F1         [19]12309 	ld	-15 (ix), a
      004EDA DD 6E F0         [19]12310 	ld	l, -16 (ix)
      004EDD DD 66 F1         [19]12311 	ld	h, -15 (ix)
      004EE0 7E               [ 7]12312 	ld	a, (hl)
      004EE1 DD 77 EF         [19]12313 	ld	-17 (ix), a
      004EE4 B7               [ 4]12314 	or	a, a
      004EE5 28 06            [12]12315 	jr	Z, 00102$
      004EE7                      12316 00101$:
      004EE7 DD 7E EF         [19]12317 	ld	a, -17 (ix)
      004EEA C3rF8r50         [10]12318 	jp	00126$
      004EED                      12319 00102$:
                                  12320 ;ff.c:5048: if (!(fp->flag & FA_WRITE)) LEAVE_FF(fs, FR_DENIED);	/* Check access mode */
      004EED DD 7E FE         [19]12321 	ld	a, -2 (ix)
      004EF0 C6 0E            [ 7]12322 	add	a, #0x0e
      004EF2 DD 77 F2         [19]12323 	ld	-14 (ix), a
      004EF5 DD 7E FF         [19]12324 	ld	a, -1 (ix)
      004EF8 CE 00            [ 7]12325 	adc	a, #0x00
      004EFA DD 77 F3         [19]12326 	ld	-13 (ix), a
      004EFD DD 6E F2         [19]12327 	ld	l, -14 (ix)
      004F00 DD 66 F3         [19]12328 	ld	h, -13 (ix)
      004F03 CB 4E            [12]12329 	bit	1, (hl)
      004F05 20 05            [12]12330 	jr	NZ, 00105$
      004F07 3E 07            [ 7]12331 	ld	a, #0x07
      004F09 C3rF8r50         [10]12332 	jp	00126$
      004F0C                      12333 00105$:
                                  12334 ;ff.c:5050: if (fp->fptr < fp->obj.objsize) {	/* Process when fptr is not on the eof */
      004F0C DD 7E FE         [19]12335 	ld	a, -2 (ix)
      004F0F C6 10            [ 7]12336 	add	a, #0x10
      004F11 DD 77 F4         [19]12337 	ld	-12 (ix), a
      004F14 DD 7E FF         [19]12338 	ld	a, -1 (ix)
      004F17 CE 00            [ 7]12339 	adc	a, #0x00
      004F19 DD 77 F5         [19]12340 	ld	-11 (ix), a
      004F1C DD 5E F4         [19]12341 	ld	e, -12 (ix)
      004F1F DD 56 F5         [19]12342 	ld	d, -11 (ix)
      004F22 21 00 00         [10]12343 	ld	hl, #0
      004F25 39               [11]12344 	add	hl, sp
      004F26 EB               [ 4]12345 	ex	de, hl
      004F27 01 04 00         [10]12346 	ld	bc, #0x0004
      004F2A ED B0            [21]12347 	ldir
      004F2C DD 7E FE         [19]12348 	ld	a, -2 (ix)
      004F2F C6 0A            [ 7]12349 	add	a, #0x0a
      004F31 DD 77 F6         [19]12350 	ld	-10 (ix), a
      004F34 DD 7E FF         [19]12351 	ld	a, -1 (ix)
      004F37 CE 00            [ 7]12352 	adc	a, #0x00
      004F39 DD 77 F7         [19]12353 	ld	-9 (ix), a
      004F3C DD 5E F6         [19]12354 	ld	e, -10 (ix)
      004F3F DD 56 F7         [19]12355 	ld	d, -9 (ix)
      004F42 21 11 00         [10]12356 	ld	hl, #17
      004F45 39               [11]12357 	add	hl, sp
      004F46 EB               [ 4]12358 	ex	de, hl
      004F47 01 04 00         [10]12359 	ld	bc, #0x0004
      004F4A ED B0            [21]12360 	ldir
      004F4C DD 7E E9         [19]12361 	ld	a, -23 (ix)
      004F4F DD 96 FA         [19]12362 	sub	a, -6 (ix)
      004F52 DD 7E EA         [19]12363 	ld	a, -22 (ix)
      004F55 DD 9E FB         [19]12364 	sbc	a, -5 (ix)
      004F58 DD 7E EB         [19]12365 	ld	a, -21 (ix)
      004F5B DD 9E FC         [19]12366 	sbc	a, -4 (ix)
      004F5E DD 7E EC         [19]12367 	ld	a, -20 (ix)
      004F61 DD 9E FD         [19]12368 	sbc	a, -3 (ix)
      004F64 D2rF5r50         [10]12369 	jp	NC, 00125$
                                  12370 ;ff.c:5051: if (fp->fptr == 0) {	/* When set file size to zero, remove entire cluster chain */
      004F67 DD 7E EC         [19]12371 	ld	a, -20 (ix)
      004F6A DD B6 EB         [19]12372 	or	a, -21 (ix)
      004F6D DD B6 EA         [19]12373 	or	a, -22 (ix)
      004F70 DD B6 E9         [19]12374 	or	a, -23 (ix)
      004F73 20 31            [12]12375 	jr	NZ, 00114$
                                  12376 ;ff.c:5052: res = remove_chain(&fp->obj, fp->obj.sclust, 0);
      004F75 DD 6E FE         [19]12377 	ld	l, -2 (ix)
      004F78 DD 66 FF         [19]12378 	ld	h, -1 (ix)
      004F7B 11 06 00         [10]12379 	ld	de, #0x0006
      004F7E 19               [11]12380 	add	hl, de
      004F7F E5               [11]12381 	push	hl
      004F80 4E               [ 7]12382 	ld	c, (hl)
      004F81 23               [ 6]12383 	inc	hl
      004F82 46               [ 7]12384 	ld	b, (hl)
      004F83 23               [ 6]12385 	inc	hl
      004F84 5E               [ 7]12386 	ld	e, (hl)
      004F85 23               [ 6]12387 	inc	hl
      004F86 56               [ 7]12388 	ld	d, (hl)
      004F87 21 00 00         [10]12389 	ld	hl, #0x0000
      004F8A E5               [11]12390 	push	hl
      004F8B E5               [11]12391 	push	hl
      004F8C D5               [11]12392 	push	de
      004F8D C5               [11]12393 	push	bc
      004F8E DD 6E FE         [19]12394 	ld	l, -2 (ix)
                                  12395 ;	spillPairReg hl
                                  12396 ;	spillPairReg hl
      004F91 DD 66 FF         [19]12397 	ld	h, -1 (ix)
                                  12398 ;	spillPairReg hl
                                  12399 ;	spillPairReg hl
      004F94 CDrE3r0B         [17]12400 	call	_remove_chain
      004F97 E1               [10]12401 	pop	hl
      004F98 DD 77 EF         [19]12402 	ld	-17 (ix), a
                                  12403 ;ff.c:5053: fp->obj.sclust = 0;
      004F9B AF               [ 4]12404 	xor	a, a
      004F9C 77               [ 7]12405 	ld	(hl), a
      004F9D 23               [ 6]12406 	inc	hl
      004F9E 77               [ 7]12407 	ld	(hl), a
      004F9F 23               [ 6]12408 	inc	hl
      004FA0 77               [ 7]12409 	ld	(hl), a
      004FA1 23               [ 6]12410 	inc	hl
      004FA2 77               [ 7]12411 	ld	(hl), a
      004FA3 C3r58r50         [10]12412 	jp	00115$
      004FA6                      12413 00114$:
                                  12414 ;ff.c:5055: ncl = get_fat(&fp->obj, fp->clust);
      004FA6 DD 7E FE         [19]12415 	ld	a, -2 (ix)
      004FA9 C6 14            [ 7]12416 	add	a, #0x14
      004FAB DD 77 F8         [19]12417 	ld	-8 (ix), a
      004FAE DD 7E FF         [19]12418 	ld	a, -1 (ix)
      004FB1 CE 00            [ 7]12419 	adc	a, #0x00
      004FB3 DD 77 F9         [19]12420 	ld	-7 (ix), a
      004FB6 DD 6E F8         [19]12421 	ld	l, -8 (ix)
      004FB9 DD 66 F9         [19]12422 	ld	h, -7 (ix)
      004FBC 4E               [ 7]12423 	ld	c, (hl)
      004FBD 23               [ 6]12424 	inc	hl
      004FBE 46               [ 7]12425 	ld	b, (hl)
      004FBF 23               [ 6]12426 	inc	hl
      004FC0 5E               [ 7]12427 	ld	e, (hl)
      004FC1 23               [ 6]12428 	inc	hl
      004FC2 56               [ 7]12429 	ld	d, (hl)
      004FC3 D5               [11]12430 	push	de
      004FC4 C5               [11]12431 	push	bc
      004FC5 DD 6E FE         [19]12432 	ld	l, -2 (ix)
                                  12433 ;	spillPairReg hl
                                  12434 ;	spillPairReg hl
      004FC8 DD 66 FF         [19]12435 	ld	h, -1 (ix)
                                  12436 ;	spillPairReg hl
                                  12437 ;	spillPairReg hl
      004FCB CDrAEr05         [17]12438 	call	_get_fat
      004FCE F1               [10]12439 	pop	af
      004FCF F1               [10]12440 	pop	af
      004FD0 DD 73 FA         [19]12441 	ld	-6 (ix), e
      004FD3 DD 72 FB         [19]12442 	ld	-5 (ix), d
      004FD6 DD 75 FC         [19]12443 	ld	-4 (ix), l
      004FD9 DD 74 FD         [19]12444 	ld	-3 (ix), h
                                  12445 ;ff.c:5056: res = FR_OK;
      004FDC DD 36 EF 00      [19]12446 	ld	-17 (ix), #0x00
                                  12447 ;ff.c:5057: if (ncl == 0xFFFFFFFF) res = FR_DISK_ERR;
      004FE0 DD 7E FA         [19]12448 	ld	a, -6 (ix)
      004FE3 DD A6 FB         [19]12449 	and	a, -5 (ix)
      004FE6 DD A6 FC         [19]12450 	and	a, -4 (ix)
      004FE9 DD A6 FD         [19]12451 	and	a, -3 (ix)
      004FEC 3C               [ 4]12452 	inc	a
      004FED 20 04            [12]12453 	jr	NZ, 00107$
      004FEF DD 36 EF 01      [19]12454 	ld	-17 (ix), #0x01
      004FF3                      12455 00107$:
                                  12456 ;ff.c:5058: if (ncl == 1) res = FR_INT_ERR;
      004FF3 DD 7E FA         [19]12457 	ld	a, -6 (ix)
      004FF6 3D               [ 4]12458 	dec	a
      004FF7 DD B6 FB         [19]12459 	or	a, -5 (ix)
      004FFA DD B6 FC         [19]12460 	or	a, -4 (ix)
      004FFD DD B6 FD         [19]12461 	or	a, -3 (ix)
      005000 20 04            [12]12462 	jr	NZ, 00109$
      005002 DD 36 EF 02      [19]12463 	ld	-17 (ix), #0x02
      005006                      12464 00109$:
                                  12465 ;ff.c:5059: if (res == FR_OK && ncl < fs->n_fatent) {
      005006 DD 7E EF         [19]12466 	ld	a, -17 (ix)
      005009 B7               [ 4]12467 	or	a, a
      00500A 20 4C            [12]12468 	jr	NZ, 00115$
      00500C DD 4E ED         [19]12469 	ld	c, -19 (ix)
      00500F DD 46 EE         [19]12470 	ld	b, -18 (ix)
      005012 21 14 00         [10]12471 	ld	hl, #20
      005015 09               [11]12472 	add	hl, bc
      005016 4E               [ 7]12473 	ld	c, (hl)
      005017 23               [ 6]12474 	inc	hl
      005018 46               [ 7]12475 	ld	b, (hl)
      005019 23               [ 6]12476 	inc	hl
      00501A 5E               [ 7]12477 	ld	e, (hl)
      00501B 23               [ 6]12478 	inc	hl
      00501C 56               [ 7]12479 	ld	d, (hl)
      00501D DD 7E FA         [19]12480 	ld	a, -6 (ix)
      005020 91               [ 4]12481 	sub	a, c
      005021 DD 7E FB         [19]12482 	ld	a, -5 (ix)
      005024 98               [ 4]12483 	sbc	a, b
      005025 DD 7E FC         [19]12484 	ld	a, -4 (ix)
      005028 9B               [ 4]12485 	sbc	a, e
      005029 DD 7E FD         [19]12486 	ld	a, -3 (ix)
      00502C 9A               [ 4]12487 	sbc	a, d
      00502D 30 29            [12]12488 	jr	NC, 00115$
                                  12489 ;ff.c:5060: res = remove_chain(&fp->obj, ncl, fp->clust);
      00502F DD 6E F8         [19]12490 	ld	l, -8 (ix)
      005032 DD 66 F9         [19]12491 	ld	h, -7 (ix)
      005035 4E               [ 7]12492 	ld	c, (hl)
      005036 23               [ 6]12493 	inc	hl
      005037 46               [ 7]12494 	ld	b, (hl)
      005038 23               [ 6]12495 	inc	hl
      005039 5E               [ 7]12496 	ld	e, (hl)
      00503A 23               [ 6]12497 	inc	hl
      00503B 56               [ 7]12498 	ld	d, (hl)
      00503C D5               [11]12499 	push	de
      00503D C5               [11]12500 	push	bc
      00503E DD 6E FC         [19]12501 	ld	l, -4 (ix)
                                  12502 ;	spillPairReg hl
                                  12503 ;	spillPairReg hl
      005041 DD 66 FD         [19]12504 	ld	h, -3 (ix)
                                  12505 ;	spillPairReg hl
                                  12506 ;	spillPairReg hl
      005044 E5               [11]12507 	push	hl
      005045 DD 6E FA         [19]12508 	ld	l, -6 (ix)
                                  12509 ;	spillPairReg hl
                                  12510 ;	spillPairReg hl
      005048 DD 66 FB         [19]12511 	ld	h, -5 (ix)
                                  12512 ;	spillPairReg hl
                                  12513 ;	spillPairReg hl
      00504B E5               [11]12514 	push	hl
      00504C DD 6E FE         [19]12515 	ld	l, -2 (ix)
                                  12516 ;	spillPairReg hl
                                  12517 ;	spillPairReg hl
      00504F DD 66 FF         [19]12518 	ld	h, -1 (ix)
                                  12519 ;	spillPairReg hl
                                  12520 ;	spillPairReg hl
      005052 CDrE3r0B         [17]12521 	call	_remove_chain
      005055 DD 77 EF         [19]12522 	ld	-17 (ix), a
      005058                      12523 00115$:
                                  12524 ;ff.c:5063: fp->obj.objsize = fp->fptr;	/* Set file size to current read/write point */
      005058 DD 6E F4         [19]12525 	ld	l, -12 (ix)
      00505B DD 66 F5         [19]12526 	ld	h, -11 (ix)
      00505E 4E               [ 7]12527 	ld	c, (hl)
      00505F 23               [ 6]12528 	inc	hl
      005060 46               [ 7]12529 	ld	b, (hl)
      005061 23               [ 6]12530 	inc	hl
      005062 5E               [ 7]12531 	ld	e, (hl)
      005063 23               [ 6]12532 	inc	hl
      005064 56               [ 7]12533 	ld	d, (hl)
      005065 DD 6E F6         [19]12534 	ld	l, -10 (ix)
      005068 DD 66 F7         [19]12535 	ld	h, -9 (ix)
      00506B 71               [ 7]12536 	ld	(hl), c
      00506C 23               [ 6]12537 	inc	hl
      00506D 70               [ 7]12538 	ld	(hl), b
      00506E 23               [ 6]12539 	inc	hl
      00506F 73               [ 7]12540 	ld	(hl), e
      005070 23               [ 6]12541 	inc	hl
      005071 72               [ 7]12542 	ld	(hl), d
                                  12543 ;ff.c:5064: fp->flag |= FA_MODIFIED;
      005072 DD 6E F2         [19]12544 	ld	l, -14 (ix)
      005075 DD 66 F3         [19]12545 	ld	h, -13 (ix)
      005078 7E               [ 7]12546 	ld	a, (hl)
      005079 CB F7            [ 8]12547 	set	6, a
      00507B DD 6E F2         [19]12548 	ld	l, -14 (ix)
      00507E DD 66 F3         [19]12549 	ld	h, -13 (ix)
      005081 77               [ 7]12550 	ld	(hl), a
                                  12551 ;ff.c:5066: if (res == FR_OK && (fp->flag & FA_DIRTY)) {
      005082 DD 7E EF         [19]12552 	ld	a, -17 (ix)
      005085 B7               [ 4]12553 	or	a, a
      005086 20 58            [12]12554 	jr	NZ, 00120$
      005088 DD 6E F2         [19]12555 	ld	l, -14 (ix)
      00508B DD 66 F3         [19]12556 	ld	h, -13 (ix)
      00508E 7E               [ 7]12557 	ld	a, (hl)
      00508F 07               [ 4]12558 	rlca
      005090 30 4E            [12]12559 	jr	NC, 00120$
                                  12560 ;ff.c:5067: if (disk_write(fs->pdrv, fp->buf, fp->sect, 1) != RES_OK) {
      005092 DD 4E FE         [19]12561 	ld	c, -2 (ix)
      005095 DD 46 FF         [19]12562 	ld	b, -1 (ix)
      005098 21 18 00         [10]12563 	ld	hl, #24
      00509B 09               [11]12564 	add	hl, bc
      00509C 4E               [ 7]12565 	ld	c, (hl)
      00509D 23               [ 6]12566 	inc	hl
      00509E 46               [ 7]12567 	ld	b, (hl)
      00509F 23               [ 6]12568 	inc	hl
      0050A0 5E               [ 7]12569 	ld	e, (hl)
      0050A1 23               [ 6]12570 	inc	hl
      0050A2 56               [ 7]12571 	ld	d, (hl)
      0050A3 FD 21 22 00      [14]12572 	ld	iy, #0x0022
      0050A7 C5               [11]12573 	push	bc
      0050A8 DD 4E FE         [19]12574 	ld	c, -2 (ix)
      0050AB DD 46 FF         [19]12575 	ld	b, -1 (ix)
      0050AE FD 09            [15]12576 	add	iy, bc
      0050B0 C1               [10]12577 	pop	bc
      0050B1 DD 6E ED         [19]12578 	ld	l, -19 (ix)
                                  12579 ;	spillPairReg hl
                                  12580 ;	spillPairReg hl
      0050B4 DD 66 EE         [19]12581 	ld	h, -18 (ix)
                                  12582 ;	spillPairReg hl
                                  12583 ;	spillPairReg hl
      0050B7 23               [ 6]12584 	inc	hl
      0050B8 6E               [ 7]12585 	ld	l, (hl)
                                  12586 ;	spillPairReg hl
      0050B9 E5               [11]12587 	push	hl
      0050BA 21 01 00         [10]12588 	ld	hl, #0x0001
      0050BD E3               [19]12589 	ex	(sp), hl
      0050BE D5               [11]12590 	push	de
      0050BF C5               [11]12591 	push	bc
      0050C0 FD E5            [15]12592 	push	iy
      0050C2 D1               [10]12593 	pop	de
      0050C3 7D               [ 4]12594 	ld	a, l
      0050C4 CDr00r00         [17]12595 	call	_disk_write
      0050C7 B7               [ 4]12596 	or	a, a
      0050C8 28 06            [12]12597 	jr	Z, 00117$
                                  12598 ;ff.c:5068: res = FR_DISK_ERR;
      0050CA DD 36 EF 01      [19]12599 	ld	-17 (ix), #0x01
      0050CE 18 10            [12]12600 	jr	00120$
      0050D0                      12601 00117$:
                                  12602 ;ff.c:5070: fp->flag &= (BYTE)~FA_DIRTY;
      0050D0 DD 6E F2         [19]12603 	ld	l, -14 (ix)
      0050D3 DD 66 F3         [19]12604 	ld	h, -13 (ix)
      0050D6 7E               [ 7]12605 	ld	a, (hl)
      0050D7 CB BF            [ 8]12606 	res	7, a
      0050D9 DD 6E F2         [19]12607 	ld	l, -14 (ix)
      0050DC DD 66 F3         [19]12608 	ld	h, -13 (ix)
      0050DF 77               [ 7]12609 	ld	(hl), a
      0050E0                      12610 00120$:
                                  12611 ;ff.c:5074: if (res != FR_OK) ABORT(fs, res);
      0050E0 DD 7E EF         [19]12612 	ld	a, -17 (ix)
      0050E3 B7               [ 4]12613 	or	a, a
      0050E4 28 0F            [12]12614 	jr	Z, 00125$
      0050E6 DD 6E F0         [19]12615 	ld	l, -16 (ix)
      0050E9 DD 66 F1         [19]12616 	ld	h, -15 (ix)
      0050EC DD 7E EF         [19]12617 	ld	a, -17 (ix)
      0050EF 77               [ 7]12618 	ld	(hl), a
      0050F0 DD 7E EF         [19]12619 	ld	a, -17 (ix)
      0050F3 18 03            [12]12620 	jr	00126$
      0050F5                      12621 00125$:
                                  12622 ;ff.c:5077: LEAVE_FF(fs, res);
      0050F5 DD 7E EF         [19]12623 	ld	a, -17 (ix)
      0050F8                      12624 00126$:
                                  12625 ;ff.c:5078: }
      0050F8 DD F9            [10]12626 	ld	sp, ix
      0050FA DD E1            [14]12627 	pop	ix
      0050FC C9               [10]12628 	ret
                                  12629 ;ff.c:5087: FRESULT f_unlink (
                                  12630 ;	---------------------------------
                                  12631 ; Function f_unlink
                                  12632 ; ---------------------------------
      0050FD                      12633 _f_unlink::
      0050FD DD E5            [15]12634 	push	ix
      0050FF DD 21 00 00      [14]12635 	ld	ix,#0
      005103 DD 39            [15]12636 	add	ix,sp
      005105 FD 21 A7 FF      [14]12637 	ld	iy, #-89
      005109 FD 39            [15]12638 	add	iy, sp
      00510B FD F9            [10]12639 	ld	sp, iy
      00510D DD 75 FE         [19]12640 	ld	-2 (ix), l
      005110 DD 74 FF         [19]12641 	ld	-1 (ix), h
                                  12642 ;ff.c:5094: DWORD dclst = 0;
      005113 AF               [ 4]12643 	xor	a, a
      005114 DD 77 FA         [19]12644 	ld	-6 (ix), a
      005117 DD 77 FB         [19]12645 	ld	-5 (ix), a
      00511A DD 77 FC         [19]12646 	ld	-4 (ix), a
      00511D DD 77 FD         [19]12647 	ld	-3 (ix), a
                                  12648 ;ff.c:5101: res = mount_volume(&path, &fs, FA_WRITE);
      005120 3E 02            [ 7]12649 	ld	a, #0x02
      005122 F5               [11]12650 	push	af
      005123 33               [ 6]12651 	inc	sp
      005124 21 01 00         [10]12652 	ld	hl, #1
      005127 39               [11]12653 	add	hl, sp
      005128 EB               [ 4]12654 	ex	de, hl
      005129 21 58 00         [10]12655 	ld	hl, #88
      00512C 39               [11]12656 	add	hl, sp
      00512D CDr40r26         [17]12657 	call	_mount_volume
                                  12658 ;ff.c:5102: if (res == FR_OK) {
      005130 DD 77 F9         [19]12659 	ld	-7 (ix), a
      005133 B7               [ 4]12660 	or	a, a
      005134 C2r33r52         [10]12661 	jp	NZ, 00126$
                                  12662 ;ff.c:5103: dj.obj.fs = fs;
      005137 DD 7E A7         [19]12663 	ld	a, -89 (ix)
      00513A DD 77 A9         [19]12664 	ld	-87 (ix), a
      00513D DD 7E A8         [19]12665 	ld	a, -88 (ix)
      005140 DD 77 AA         [19]12666 	ld	-86 (ix), a
                                  12667 ;ff.c:5105: res = follow_path(&dj, path);	/* Follow the path to the object */
      005143 DD 5E FE         [19]12668 	ld	e, -2 (ix)
      005146 DD 56 FF         [19]12669 	ld	d, -1 (ix)
      005149 21 02 00         [10]12670 	ld	hl, #2
      00514C 39               [11]12671 	add	hl, sp
      00514D CDr2Fr21         [17]12672 	call	_follow_path
                                  12673 ;ff.c:5109: } else if (dj.obj.attr & AM_RDO) {
                                  12674 ;ff.c:5106: if (res == FR_OK) {
      005150 DD 77 F9         [19]12675 	ld	-7 (ix), a
      005153 B7               [ 4]12676 	or	a, a
      005154 20 17            [12]12677 	jr	NZ, 00107$
                                  12678 ;ff.c:5107: if (dj.fn[NSFLAG] & (NS_DOT | NS_NONAME)) {
      005156 DD 7E D0         [19]12679 	ld	a, -48 (ix)
      005159 E6 A0            [ 7]12680 	and	a, #0xa0
      00515B 28 06            [12]12681 	jr	Z, 00104$
                                  12682 ;ff.c:5108: res = FR_INVALID_NAME;	/* It must be a real object */
      00515D DD 36 F9 06      [19]12683 	ld	-7 (ix), #0x06
      005161 18 0A            [12]12684 	jr	00107$
      005163                      12685 00104$:
                                  12686 ;ff.c:5109: } else if (dj.obj.attr & AM_RDO) {
      005163 DD 7E AD         [19]12687 	ld	a, -83 (ix)
      005166 0F               [ 4]12688 	rrca
      005167 30 04            [12]12689 	jr	NC, 00107$
                                  12690 ;ff.c:5110: res = FR_DENIED;		/* The object must not be read-only */
      005169 DD 36 F9 07      [19]12691 	ld	-7 (ix), #0x07
      00516D                      12692 00107$:
                                  12693 ;ff.c:5117: if (res == FR_OK) {		/* The object is accessible */
      00516D DD 7E F9         [19]12694 	ld	a, -7 (ix)
      005170 B7               [ 4]12695 	or	a, a
      005171 20 74            [12]12696 	jr	NZ, 00117$
                                  12697 ;ff.c:5126: dclst = ld_clust(fs, dj.dir);
      005173 DD 7E C3         [19]12698 	ld	a, -61 (ix)
      005176 DD 77 FC         [19]12699 	ld	-4 (ix), a
      005179 DD 7E C4         [19]12700 	ld	a, -60 (ix)
      00517C DD 77 FD         [19]12701 	ld	-3 (ix), a
      00517F DD 5E FC         [19]12702 	ld	e, -4 (ix)
      005182 DD 56 FD         [19]12703 	ld	d, -3 (ix)
      005185 E1               [10]12704 	pop	hl
      005186 E5               [11]12705 	push	hl
      005187 CDr83r1A         [17]12706 	call	_ld_clust
      00518A DD 73 FA         [19]12707 	ld	-6 (ix), e
      00518D DD 72 FB         [19]12708 	ld	-5 (ix), d
      005190 DD 75 FC         [19]12709 	ld	-4 (ix), l
      005193 DD 74 FD         [19]12710 	ld	-3 (ix), h
                                  12711 ;ff.c:5128: if (dj.obj.attr & AM_DIR) {		/* Is the object a sub-directory? */
      005196 DD CB AD 66      [20]12712 	bit	4, -83 (ix)
      00519A 28 4B            [12]12713 	jr	Z, 00117$
                                  12714 ;ff.c:5135: sdj.obj.fs = fs;		/* Open the sub-directory */
      00519C DD 7E A7         [19]12715 	ld	a, -89 (ix)
      00519F DD 77 D1         [19]12716 	ld	-47 (ix), a
      0051A2 DD 7E A8         [19]12717 	ld	a, -88 (ix)
      0051A5 DD 77 D2         [19]12718 	ld	-46 (ix), a
                                  12719 ;ff.c:5136: sdj.obj.sclust = dclst;
      0051A8 21 30 00         [10]12720 	ld	hl, #48
      0051AB 39               [11]12721 	add	hl, sp
      0051AC EB               [ 4]12722 	ex	de, hl
      0051AD 21 53 00         [10]12723 	ld	hl, #83
      0051B0 39               [11]12724 	add	hl, sp
      0051B1 01 04 00         [10]12725 	ld	bc, #0x0004
      0051B4 ED B0            [21]12726 	ldir
                                  12727 ;ff.c:5143: res = dir_sdi(&sdj, 0);
      0051B6 21 00 00         [10]12728 	ld	hl, #0x0000
      0051B9 E5               [11]12729 	push	hl
      0051BA E5               [11]12730 	push	hl
      0051BB 21 2E 00         [10]12731 	ld	hl, #46
      0051BE 39               [11]12732 	add	hl, sp
      0051BF CDr79r13         [17]12733 	call	_dir_sdi
                                  12734 ;ff.c:5144: if (res == FR_OK) {
      0051C2 DD 77 F9         [19]12735 	ld	-7 (ix), a
      0051C5 B7               [ 4]12736 	or	a, a
      0051C6 20 1F            [12]12737 	jr	NZ, 00117$
                                  12738 ;ff.c:5145: res = DIR_READ_FILE(&sdj);			/* Check if the sub-directory is empty */
      0051C8 11 00 00         [10]12739 	ld	de, #0x0000
      0051CB 21 2A 00         [10]12740 	ld	hl, #42
      0051CE 39               [11]12741 	add	hl, sp
      0051CF CDr13r1B         [17]12742 	call	_dir_read
                                  12743 ;ff.c:5146: if (res == FR_OK) res = FR_DENIED;	/* Not empty? */
      0051D2 DD 77 F9         [19]12744 	ld	-7 (ix), a
      0051D5 B7               [ 4]12745 	or	a, a
      0051D6 20 04            [12]12746 	jr	NZ, 00109$
      0051D8 DD 36 F9 07      [19]12747 	ld	-7 (ix), #0x07
      0051DC                      12748 00109$:
                                  12749 ;ff.c:5147: if (res == FR_NO_FILE) res = FR_OK;	/* Empty? */
      0051DC DD 7E F9         [19]12750 	ld	a, -7 (ix)
      0051DF D6 04            [ 7]12751 	sub	a, #0x04
      0051E1 20 04            [12]12752 	jr	NZ, 00117$
      0051E3 DD 36 F9 00      [19]12753 	ld	-7 (ix), #0x00
      0051E7                      12754 00117$:
                                  12755 ;ff.c:5152: if (res == FR_OK) {		/* It is ready to remove the object */
      0051E7 DD 7E F9         [19]12756 	ld	a, -7 (ix)
      0051EA B7               [ 4]12757 	or	a, a
      0051EB 20 46            [12]12758 	jr	NZ, 00126$
                                  12759 ;ff.c:5153: res = dir_remove(&dj);				/* Remove the directory entry */
      0051ED 21 02 00         [10]12760 	ld	hl, #2
      0051F0 39               [11]12761 	add	hl, sp
      0051F1 CDr8Dr1D         [17]12762 	call	_dir_remove
                                  12763 ;ff.c:5154: if (res == FR_OK && dclst != 0) {	/* Remove the cluster chain if exist */
      0051F4 DD 77 F9         [19]12764 	ld	-7 (ix), a
      0051F7 B7               [ 4]12765 	or	a, a
      0051F8 20 2B            [12]12766 	jr	NZ, 00119$
      0051FA DD 7E FD         [19]12767 	ld	a, -3 (ix)
      0051FD DD B6 FC         [19]12768 	or	a, -4 (ix)
      005200 DD B6 FB         [19]12769 	or	a, -5 (ix)
      005203 DD B6 FA         [19]12770 	or	a, -6 (ix)
      005206 28 1D            [12]12771 	jr	Z, 00119$
                                  12772 ;ff.c:5158: res = remove_chain(&dj.obj, dclst, 0);
      005208 21 00 00         [10]12773 	ld	hl, #0x0000
      00520B E5               [11]12774 	push	hl
      00520C E5               [11]12775 	push	hl
      00520D DD 6E FC         [19]12776 	ld	l, -4 (ix)
                                  12777 ;	spillPairReg hl
                                  12778 ;	spillPairReg hl
      005210 DD 66 FD         [19]12779 	ld	h, -3 (ix)
                                  12780 ;	spillPairReg hl
                                  12781 ;	spillPairReg hl
      005213 E5               [11]12782 	push	hl
      005214 DD 6E FA         [19]12783 	ld	l, -6 (ix)
                                  12784 ;	spillPairReg hl
                                  12785 ;	spillPairReg hl
      005217 DD 66 FB         [19]12786 	ld	h, -5 (ix)
                                  12787 ;	spillPairReg hl
                                  12788 ;	spillPairReg hl
      00521A E5               [11]12789 	push	hl
      00521B 21 0A 00         [10]12790 	ld	hl, #10
      00521E 39               [11]12791 	add	hl, sp
      00521F CDrE3r0B         [17]12792 	call	_remove_chain
      005222 DD 77 F9         [19]12793 	ld	-7 (ix), a
      005225                      12794 00119$:
                                  12795 ;ff.c:5161: if (res == FR_OK) res = sync_fs(fs);
      005225 DD 7E F9         [19]12796 	ld	a, -7 (ix)
      005228 B7               [ 4]12797 	or	a, a
      005229 20 08            [12]12798 	jr	NZ, 00126$
      00522B E1               [10]12799 	pop	hl
      00522C E5               [11]12800 	push	hl
      00522D CDr76r03         [17]12801 	call	_sync_fs
      005230 DD 77 F9         [19]12802 	ld	-7 (ix), a
      005233                      12803 00126$:
                                  12804 ;ff.c:5166: LEAVE_FF(fs, res);
      005233 DD 7E F9         [19]12805 	ld	a, -7 (ix)
                                  12806 ;ff.c:5167: }
      005236 DD F9            [10]12807 	ld	sp, ix
      005238 DD E1            [14]12808 	pop	ix
      00523A C9               [10]12809 	ret
                                  12810 ;ff.c:5176: FRESULT f_mkdir (
                                  12811 ;	---------------------------------
                                  12812 ; Function f_mkdir
                                  12813 ; ---------------------------------
      00523B                      12814 _f_mkdir::
      00523B DD E5            [15]12815 	push	ix
      00523D DD 21 00 00      [14]12816 	ld	ix,#0
      005241 DD 39            [15]12817 	add	ix,sp
      005243 FD 21 B9 FF      [14]12818 	ld	iy, #-71
      005247 FD 39            [15]12819 	add	iy, sp
      005249 FD F9            [10]12820 	ld	sp, iy
      00524B DD 75 FE         [19]12821 	ld	-2 (ix), l
      00524E DD 74 FF         [19]12822 	ld	-1 (ix), h
                                  12823 ;ff.c:5188: res = mount_volume(&path, &fs, FA_WRITE);	/* Get logical drive and mount the volume if needed */
      005251 3E 02            [ 7]12824 	ld	a, #0x02
      005253 F5               [11]12825 	push	af
      005254 33               [ 6]12826 	inc	sp
      005255 21 01 00         [10]12827 	ld	hl, #1
      005258 39               [11]12828 	add	hl, sp
      005259 EB               [ 4]12829 	ex	de, hl
      00525A 21 46 00         [10]12830 	ld	hl, #70
      00525D 39               [11]12831 	add	hl, sp
      00525E CDr40r26         [17]12832 	call	_mount_volume
                                  12833 ;ff.c:5189: if (res == FR_OK) {
      005261 DD 77 F1         [19]12834 	ld	-15 (ix), a
      005264 B7               [ 4]12835 	or	a, a
      005265 C2rDAr54         [10]12836 	jp	NZ, 00124$
                                  12837 ;ff.c:5190: dj.obj.fs = fs;
      005268 DD 7E B9         [19]12838 	ld	a, -71 (ix)
      00526B DD 77 BB         [19]12839 	ld	-69 (ix), a
      00526E DD 7E BA         [19]12840 	ld	a, -70 (ix)
      005271 DD 77 BC         [19]12841 	ld	-68 (ix), a
                                  12842 ;ff.c:5192: res = follow_path(&dj, path);			/* Follow the file path */
      005274 DD 5E FE         [19]12843 	ld	e, -2 (ix)
      005277 DD 56 FF         [19]12844 	ld	d, -1 (ix)
      00527A 21 02 00         [10]12845 	ld	hl, #2
      00527D 39               [11]12846 	add	hl, sp
      00527E CDr2Fr21         [17]12847 	call	_follow_path
                                  12848 ;ff.c:5193: if (res == FR_OK) {						/* Invalid name or name collision */
      005281 DD 77 F1         [19]12849 	ld	-15 (ix), a
      005284 B7               [ 4]12850 	or	a, a
      005285 20 11            [12]12851 	jr	NZ, 00102$
                                  12852 ;ff.c:5194: res = (dj.fn[NSFLAG] & (NS_DOT | NS_NONAME)) ? FR_INVALID_NAME : FR_EXIST;
      005287 DD 7E E2         [19]12853 	ld	a, -30 (ix)
      00528A DD 77 FD         [19]12854 	ld	-3 (ix), a
      00528D E6 A0            [ 7]12855 	and	a, #0xa0
      00528F 3E 06            [ 7]12856 	ld	a, #0x06
      005291 20 02            [12]12857 	jr	NZ, 00128$
      005293 3E 08            [ 7]12858 	ld	a, #0x08
      005295                      12859 00128$:
      005295 DD 77 F1         [19]12860 	ld	-15 (ix), a
      005298                      12861 00102$:
                                  12862 ;ff.c:5196: if (res == FR_NO_FILE) {				/* It is clear to create a new directory */
      005298 DD 7E F1         [19]12863 	ld	a, -15 (ix)
      00529B D6 04            [ 7]12864 	sub	a, #0x04
      00529D C2rDAr54         [10]12865 	jp	NZ,00124$
                                  12866 ;ff.c:5197: sobj.fs = fs;						/* New object ID to create a new chain */
      0052A0 DD 7E B9         [19]12867 	ld	a, -71 (ix)
      0052A3 DD 77 E3         [19]12868 	ld	-29 (ix), a
      0052A6 DD 7E BA         [19]12869 	ld	a, -70 (ix)
      0052A9 DD 77 E4         [19]12870 	ld	-28 (ix), a
                                  12871 ;ff.c:5198: dcl = create_chain(&sobj, 0);		/* Allocate a cluster for the new directory */
      0052AC 21 00 00         [10]12872 	ld	hl, #0x0000
      0052AF E5               [11]12873 	push	hl
      0052B0 E5               [11]12874 	push	hl
      0052B1 21 2E 00         [10]12875 	ld	hl, #46
      0052B4 39               [11]12876 	add	hl, sp
      0052B5 CDrACr0D         [17]12877 	call	_create_chain
      0052B8 F1               [10]12878 	pop	af
      0052B9 F1               [10]12879 	pop	af
      0052BA DD 73 FA         [19]12880 	ld	-6 (ix), e
      0052BD DD 72 FB         [19]12881 	ld	-5 (ix), d
      0052C0 DD 75 FC         [19]12882 	ld	-4 (ix), l
      0052C3 DD 74 FD         [19]12883 	ld	-3 (ix), h
      0052C6 21 39 00         [10]12884 	ld	hl, #57
      0052C9 39               [11]12885 	add	hl, sp
      0052CA EB               [ 4]12886 	ex	de, hl
      0052CB 21 41 00         [10]12887 	ld	hl, #65
      0052CE 39               [11]12888 	add	hl, sp
      0052CF 01 04 00         [10]12889 	ld	bc, #4
      0052D2 ED B0            [21]12890 	ldir
                                  12891 ;ff.c:5199: res = FR_OK;
      0052D4 DD 36 F1 00      [19]12892 	ld	-15 (ix), #0x00
                                  12893 ;ff.c:5200: if (dcl == 0) res = FR_DENIED;		/* No space to allocate a new cluster? */
      0052D8 DD 7E F5         [19]12894 	ld	a, -11 (ix)
      0052DB DD B6 F4         [19]12895 	or	a, -12 (ix)
      0052DE DD B6 F3         [19]12896 	or	a, -13 (ix)
      0052E1 DD B6 F2         [19]12897 	or	a, -14 (ix)
      0052E4 20 04            [12]12898 	jr	NZ, 00104$
      0052E6 DD 36 F1 07      [19]12899 	ld	-15 (ix), #0x07
      0052EA                      12900 00104$:
                                  12901 ;ff.c:5201: if (dcl == 1) res = FR_INT_ERR;		/* Any insanity? */
      0052EA DD 7E F2         [19]12902 	ld	a, -14 (ix)
      0052ED 3D               [ 4]12903 	dec	a
      0052EE DD B6 F3         [19]12904 	or	a, -13 (ix)
      0052F1 DD B6 F4         [19]12905 	or	a, -12 (ix)
      0052F4 DD B6 F5         [19]12906 	or	a, -11 (ix)
      0052F7 20 04            [12]12907 	jr	NZ, 00106$
      0052F9 DD 36 F1 02      [19]12908 	ld	-15 (ix), #0x02
      0052FD                      12909 00106$:
                                  12910 ;ff.c:5202: if (dcl == 0xFFFFFFFF) res = FR_DISK_ERR;	/* Disk error? */
      0052FD DD 7E F2         [19]12911 	ld	a, -14 (ix)
      005300 DD A6 F3         [19]12912 	and	a, -13 (ix)
      005303 DD A6 F4         [19]12913 	and	a, -12 (ix)
      005306 DD A6 F5         [19]12914 	and	a, -11 (ix)
      005309 3C               [ 4]12915 	inc	a
      00530A 20 04            [12]12916 	jr	NZ, 00108$
      00530C DD 36 F1 01      [19]12917 	ld	-15 (ix), #0x01
      005310                      12918 00108$:
                                  12919 ;ff.c:5203: tm = GET_FATTIME();
      005310 CDr00r00         [17]12920 	call	_get_fattime
      005313 DD 73 FA         [19]12921 	ld	-6 (ix), e
      005316 DD 72 FB         [19]12922 	ld	-5 (ix), d
      005319 DD 75 FC         [19]12923 	ld	-4 (ix), l
      00531C DD 74 FD         [19]12924 	ld	-3 (ix), h
      00531F 21 3D 00         [10]12925 	ld	hl, #61
      005322 39               [11]12926 	add	hl, sp
      005323 EB               [ 4]12927 	ex	de, hl
      005324 21 41 00         [10]12928 	ld	hl, #65
      005327 39               [11]12929 	add	hl, sp
      005328 01 04 00         [10]12930 	ld	bc, #4
      00532B ED B0            [21]12931 	ldir
                                  12932 ;ff.c:5204: if (res == FR_OK) {
      00532D DD 7E F1         [19]12933 	ld	a, -15 (ix)
      005330 B7               [ 4]12934 	or	a, a
      005331 C2rEAr53         [10]12935 	jp	NZ, 00115$
                                  12936 ;ff.c:5205: res = dir_clear(fs, dcl);		/* Clear the allocated cluster as new direcotry table */
      005334 DD 6E F4         [19]12937 	ld	l, -12 (ix)
                                  12938 ;	spillPairReg hl
                                  12939 ;	spillPairReg hl
      005337 DD 66 F5         [19]12940 	ld	h, -11 (ix)
                                  12941 ;	spillPairReg hl
                                  12942 ;	spillPairReg hl
      00533A E5               [11]12943 	push	hl
      00533B DD 6E F2         [19]12944 	ld	l, -14 (ix)
                                  12945 ;	spillPairReg hl
                                  12946 ;	spillPairReg hl
      00533E DD 66 F3         [19]12947 	ld	h, -13 (ix)
                                  12948 ;	spillPairReg hl
                                  12949 ;	spillPairReg hl
      005341 E5               [11]12950 	push	hl
      005342 DD 6E B9         [19]12951 	ld	l, -71 (ix)
                                  12952 ;	spillPairReg hl
                                  12953 ;	spillPairReg hl
      005345 DD 66 BA         [19]12954 	ld	h, -70 (ix)
                                  12955 ;	spillPairReg hl
                                  12956 ;	spillPairReg hl
      005348 CDr1Br12         [17]12957 	call	_dir_clear
                                  12958 ;ff.c:5206: if (res == FR_OK) {
      00534B DD 77 F1         [19]12959 	ld	-15 (ix), a
      00534E B7               [ 4]12960 	or	a, a
      00534F C2rEAr53         [10]12961 	jp	NZ, 00115$
                                  12962 ;ff.c:5208: memset(fs->win + DIR_Name, ' ', 11);	/* Create "." entry */
      005352 C1               [10]12963 	pop	bc
      005353 C5               [11]12964 	push	bc
      005354 21 30 00         [10]12965 	ld	hl, #0x0030
      005357 09               [11]12966 	add	hl, bc
      005358 06 0B            [ 7]12967 	ld	b, #0x0b
      00535A                      12968 00191$:
      00535A 36 20            [10]12969 	ld	(hl), #0x20
      00535C 23               [ 6]12970 	inc	hl
      00535D 10 FB            [13]12971 	djnz	00191$
                                  12972 ;ff.c:5209: fs->win[DIR_Name] = '.';
      00535F C1               [10]12973 	pop	bc
      005360 C5               [11]12974 	push	bc
      005361 21 30 00         [10]12975 	ld	hl, #0x0030
      005364 09               [11]12976 	add	hl, bc
      005365 36 2E            [10]12977 	ld	(hl), #0x2e
                                  12978 ;ff.c:5210: fs->win[DIR_Attr] = AM_DIR;
      005367 C1               [10]12979 	pop	bc
      005368 C5               [11]12980 	push	bc
      005369 21 3B 00         [10]12981 	ld	hl, #0x003b
      00536C 09               [11]12982 	add	hl, bc
      00536D 36 10            [10]12983 	ld	(hl), #0x10
                                  12984 ;ff.c:5211: st_32(fs->win + DIR_ModTime, tm);
      00536F C1               [10]12985 	pop	bc
      005370 C5               [11]12986 	push	bc
      005371 21 46 00         [10]12987 	ld	hl, #0x0046
      005374 09               [11]12988 	add	hl, bc
      005375 DD 5E F8         [19]12989 	ld	e, -8 (ix)
      005378 DD 56 F9         [19]12990 	ld	d, -7 (ix)
      00537B D5               [11]12991 	push	de
      00537C DD 5E F6         [19]12992 	ld	e, -10 (ix)
      00537F DD 56 F7         [19]12993 	ld	d, -9 (ix)
      005382 D5               [11]12994 	push	de
      005383 CDrADr00         [17]12995 	call	_st_32
                                  12996 ;ff.c:5212: st_clust(fs, fs->win, dcl);
      005386 C1               [10]12997 	pop	bc
      005387 C5               [11]12998 	push	bc
      005388 21 30 00         [10]12999 	ld	hl, #0x0030
      00538B 09               [11]13000 	add	hl, bc
      00538C EB               [ 4]13001 	ex	de, hl
      00538D DD 6E F4         [19]13002 	ld	l, -12 (ix)
                                  13003 ;	spillPairReg hl
                                  13004 ;	spillPairReg hl
      005390 DD 66 F5         [19]13005 	ld	h, -11 (ix)
                                  13006 ;	spillPairReg hl
                                  13007 ;	spillPairReg hl
      005393 E5               [11]13008 	push	hl
      005394 DD 6E F2         [19]13009 	ld	l, -14 (ix)
                                  13010 ;	spillPairReg hl
                                  13011 ;	spillPairReg hl
      005397 DD 66 F3         [19]13012 	ld	h, -13 (ix)
                                  13013 ;	spillPairReg hl
                                  13014 ;	spillPairReg hl
      00539A E5               [11]13015 	push	hl
      00539B 69               [ 4]13016 	ld	l, c
                                  13017 ;	spillPairReg hl
                                  13018 ;	spillPairReg hl
      00539C 60               [ 4]13019 	ld	h, b
                                  13020 ;	spillPairReg hl
                                  13021 ;	spillPairReg hl
      00539D CDrDBr1A         [17]13022 	call	_st_clust
                                  13023 ;ff.c:5213: memcpy(fs->win + SZDIRE, fs->win, SZDIRE);	/* Create ".." entry */
      0053A0 C1               [10]13024 	pop	bc
      0053A1 C5               [11]13025 	push	bc
      0053A2 21 50 00         [10]13026 	ld	hl, #0x0050
      0053A5 09               [11]13027 	add	hl, bc
      0053A6 EB               [ 4]13028 	ex	de, hl
      0053A7 21 30 00         [10]13029 	ld	hl, #0x0030
      0053AA 09               [11]13030 	add	hl, bc
      0053AB 01 20 00         [10]13031 	ld	bc, #0x0020
      0053AE ED B0            [21]13032 	ldir
                                  13033 ;ff.c:5214: fs->win[SZDIRE + 1] = '.'; pcl = dj.obj.sclust;
      0053B0 C1               [10]13034 	pop	bc
      0053B1 C5               [11]13035 	push	bc
      0053B2 21 51 00         [10]13036 	ld	hl, #0x0051
      0053B5 09               [11]13037 	add	hl, bc
      0053B6 36 2E            [10]13038 	ld	(hl), #0x2e
      0053B8 DD 4E C1         [19]13039 	ld	c, -63 (ix)
      0053BB DD 46 C2         [19]13040 	ld	b, -62 (ix)
      0053BE DD 5E C3         [19]13041 	ld	e, -61 (ix)
      0053C1 DD 56 C4         [19]13042 	ld	d, -60 (ix)
                                  13043 ;ff.c:5215: st_clust(fs, fs->win + SZDIRE, pcl);
      0053C4 E1               [10]13044 	pop	hl
      0053C5 E5               [11]13045 	push	hl
      0053C6 FD 21 50 00      [14]13046 	ld	iy, #0x0050
      0053CA C5               [11]13047 	push	bc
      0053CB 4D               [ 4]13048 	ld	c, l
      0053CC 44               [ 4]13049 	ld	b, h
      0053CD FD 09            [15]13050 	add	iy, bc
      0053CF C1               [10]13051 	pop	bc
      0053D0 D5               [11]13052 	push	de
      0053D1 C5               [11]13053 	push	bc
      0053D2 FD E5            [15]13054 	push	iy
      0053D4 D1               [10]13055 	pop	de
      0053D5 CDrDBr1A         [17]13056 	call	_st_clust
                                  13057 ;ff.c:5216: fs->wflag = 1;
      0053D8 C1               [10]13058 	pop	bc
      0053D9 C5               [11]13059 	push	bc
      0053DA 21 04 00         [10]13060 	ld	hl, #0x0004
      0053DD 09               [11]13061 	add	hl, bc
      0053DE 36 01            [10]13062 	ld	(hl), #0x01
                                  13063 ;ff.c:5218: res = dir_register(&dj);	/* Register the object to the parent directory */
      0053E0 21 02 00         [10]13064 	ld	hl, #2
      0053E3 39               [11]13065 	add	hl, sp
      0053E4 CDr07r1D         [17]13066 	call	_dir_register
      0053E7 DD 77 F1         [19]13067 	ld	-15 (ix), a
      0053EA                      13068 00115$:
                                  13069 ;ff.c:5221: if (res == FR_OK) {
      0053EA DD 7E F1         [19]13070 	ld	a, -15 (ix)
      0053ED B7               [ 4]13071 	or	a, a
      0053EE C2rC0r54         [10]13072 	jp	NZ, 00119$
                                  13073 ;ff.c:5235: st_32(dj.dir + DIR_CrtTime, tm);	/* Created time */
      0053F1 DD 7E D5         [19]13074 	ld	a, -43 (ix)
      0053F4 DD 77 FA         [19]13075 	ld	-6 (ix), a
      0053F7 DD 7E D6         [19]13076 	ld	a, -42 (ix)
      0053FA DD 77 FB         [19]13077 	ld	-5 (ix), a
      0053FD DD 7E FA         [19]13078 	ld	a, -6 (ix)
      005400 C6 0E            [ 7]13079 	add	a, #0x0e
      005402 DD 77 FC         [19]13080 	ld	-4 (ix), a
      005405 DD 7E FB         [19]13081 	ld	a, -5 (ix)
      005408 CE 00            [ 7]13082 	adc	a, #0x00
      00540A DD 77 FD         [19]13083 	ld	-3 (ix), a
      00540D DD 6E F8         [19]13084 	ld	l, -8 (ix)
                                  13085 ;	spillPairReg hl
                                  13086 ;	spillPairReg hl
      005410 DD 66 F9         [19]13087 	ld	h, -7 (ix)
                                  13088 ;	spillPairReg hl
                                  13089 ;	spillPairReg hl
      005413 E5               [11]13090 	push	hl
      005414 DD 6E F6         [19]13091 	ld	l, -10 (ix)
                                  13092 ;	spillPairReg hl
                                  13093 ;	spillPairReg hl
      005417 DD 66 F7         [19]13094 	ld	h, -9 (ix)
                                  13095 ;	spillPairReg hl
                                  13096 ;	spillPairReg hl
      00541A E5               [11]13097 	push	hl
      00541B DD 6E FC         [19]13098 	ld	l, -4 (ix)
                                  13099 ;	spillPairReg hl
                                  13100 ;	spillPairReg hl
      00541E DD 66 FD         [19]13101 	ld	h, -3 (ix)
                                  13102 ;	spillPairReg hl
                                  13103 ;	spillPairReg hl
      005421 CDrADr00         [17]13104 	call	_st_32
                                  13105 ;ff.c:5236: st_32(dj.dir + DIR_ModTime, tm);
      005424 DD 7E D5         [19]13106 	ld	a, -43 (ix)
      005427 DD 77 FA         [19]13107 	ld	-6 (ix), a
      00542A DD 7E D6         [19]13108 	ld	a, -42 (ix)
      00542D DD 77 FB         [19]13109 	ld	-5 (ix), a
      005430 DD 7E FA         [19]13110 	ld	a, -6 (ix)
      005433 C6 16            [ 7]13111 	add	a, #0x16
      005435 DD 77 FC         [19]13112 	ld	-4 (ix), a
      005438 DD 7E FB         [19]13113 	ld	a, -5 (ix)
      00543B CE 00            [ 7]13114 	adc	a, #0x00
      00543D DD 77 FD         [19]13115 	ld	-3 (ix), a
      005440 DD 6E F8         [19]13116 	ld	l, -8 (ix)
                                  13117 ;	spillPairReg hl
                                  13118 ;	spillPairReg hl
      005443 DD 66 F9         [19]13119 	ld	h, -7 (ix)
                                  13120 ;	spillPairReg hl
                                  13121 ;	spillPairReg hl
      005446 E5               [11]13122 	push	hl
      005447 DD 6E F6         [19]13123 	ld	l, -10 (ix)
                                  13124 ;	spillPairReg hl
                                  13125 ;	spillPairReg hl
      00544A DD 66 F7         [19]13126 	ld	h, -9 (ix)
                                  13127 ;	spillPairReg hl
                                  13128 ;	spillPairReg hl
      00544D E5               [11]13129 	push	hl
      00544E DD 6E FC         [19]13130 	ld	l, -4 (ix)
                                  13131 ;	spillPairReg hl
                                  13132 ;	spillPairReg hl
      005451 DD 66 FD         [19]13133 	ld	h, -3 (ix)
                                  13134 ;	spillPairReg hl
                                  13135 ;	spillPairReg hl
      005454 CDrADr00         [17]13136 	call	_st_32
                                  13137 ;ff.c:5237: st_clust(fs, dj.dir, dcl);			/* Table start cluster */
      005457 DD 5E D5         [19]13138 	ld	e, -43 (ix)
      00545A DD 56 D6         [19]13139 	ld	d, -42 (ix)
      00545D DD 6E F4         [19]13140 	ld	l, -12 (ix)
                                  13141 ;	spillPairReg hl
                                  13142 ;	spillPairReg hl
      005460 DD 66 F5         [19]13143 	ld	h, -11 (ix)
                                  13144 ;	spillPairReg hl
                                  13145 ;	spillPairReg hl
      005463 E5               [11]13146 	push	hl
      005464 DD 6E F2         [19]13147 	ld	l, -14 (ix)
                                  13148 ;	spillPairReg hl
                                  13149 ;	spillPairReg hl
      005467 DD 66 F3         [19]13150 	ld	h, -13 (ix)
                                  13151 ;	spillPairReg hl
                                  13152 ;	spillPairReg hl
      00546A E5               [11]13153 	push	hl
      00546B DD 6E B9         [19]13154 	ld	l, -71 (ix)
                                  13155 ;	spillPairReg hl
                                  13156 ;	spillPairReg hl
      00546E DD 66 BA         [19]13157 	ld	h, -70 (ix)
                                  13158 ;	spillPairReg hl
                                  13159 ;	spillPairReg hl
      005471 CDrDBr1A         [17]13160 	call	_st_clust
                                  13161 ;ff.c:5238: dj.dir[DIR_Attr] = AM_DIR;			/* Attribute */
      005474 DD 7E D5         [19]13162 	ld	a, -43 (ix)
      005477 DD 77 FA         [19]13163 	ld	-6 (ix), a
      00547A DD 7E D6         [19]13164 	ld	a, -42 (ix)
      00547D DD 77 FB         [19]13165 	ld	-5 (ix), a
      005480 DD 7E FA         [19]13166 	ld	a, -6 (ix)
      005483 C6 0B            [ 7]13167 	add	a, #0x0b
      005485 DD 77 FC         [19]13168 	ld	-4 (ix), a
      005488 DD 7E FB         [19]13169 	ld	a, -5 (ix)
      00548B CE 00            [ 7]13170 	adc	a, #0x00
      00548D DD 77 FD         [19]13171 	ld	-3 (ix), a
      005490 DD 6E FC         [19]13172 	ld	l, -4 (ix)
      005493 DD 66 FD         [19]13173 	ld	h, -3 (ix)
      005496 36 10            [10]13174 	ld	(hl), #0x10
                                  13175 ;ff.c:5239: fs->wflag = 1;
      005498 DD 7E B9         [19]13176 	ld	a, -71 (ix)
      00549B DD 77 FC         [19]13177 	ld	-4 (ix), a
      00549E DD 7E BA         [19]13178 	ld	a, -70 (ix)
      0054A1 DD 77 FD         [19]13179 	ld	-3 (ix), a
      0054A4 DD 6E FC         [19]13180 	ld	l, -4 (ix)
      0054A7 DD 66 FD         [19]13181 	ld	h, -3 (ix)
      0054AA 11 04 00         [10]13182 	ld	de, #0x0004
      0054AD 19               [11]13183 	add	hl, de
      0054AE 36 01            [10]13184 	ld	(hl), #0x01
                                  13185 ;ff.c:5241: if (res == FR_OK) {
      0054B0 DD 7E F1         [19]13186 	ld	a, -15 (ix)
      0054B3 B7               [ 4]13187 	or	a, a
      0054B4 20 24            [12]13188 	jr	NZ, 00124$
                                  13189 ;ff.c:5242: res = sync_fs(fs);
      0054B6 E1               [10]13190 	pop	hl
      0054B7 E5               [11]13191 	push	hl
      0054B8 CDr76r03         [17]13192 	call	_sync_fs
      0054BB DD 77 F1         [19]13193 	ld	-15 (ix), a
      0054BE 18 1A            [12]13194 	jr	00124$
      0054C0                      13195 00119$:
                                  13196 ;ff.c:5245: remove_chain(&sobj, dcl, 0);		/* Could not register, remove the allocated cluster */
      0054C0 21 00 00         [10]13197 	ld	hl, #0x0000
      0054C3 E5               [11]13198 	push	hl
      0054C4 E5               [11]13199 	push	hl
      0054C5 DD 6E F4         [19]13200 	ld	l, -12 (ix)
                                  13201 ;	spillPairReg hl
                                  13202 ;	spillPairReg hl
      0054C8 DD 66 F5         [19]13203 	ld	h, -11 (ix)
                                  13204 ;	spillPairReg hl
                                  13205 ;	spillPairReg hl
      0054CB E5               [11]13206 	push	hl
      0054CC DD 6E F2         [19]13207 	ld	l, -14 (ix)
                                  13208 ;	spillPairReg hl
                                  13209 ;	spillPairReg hl
      0054CF DD 66 F3         [19]13210 	ld	h, -13 (ix)
                                  13211 ;	spillPairReg hl
                                  13212 ;	spillPairReg hl
      0054D2 E5               [11]13213 	push	hl
      0054D3 21 32 00         [10]13214 	ld	hl, #50
      0054D6 39               [11]13215 	add	hl, sp
      0054D7 CDrE3r0B         [17]13216 	call	_remove_chain
      0054DA                      13217 00124$:
                                  13218 ;ff.c:5251: LEAVE_FF(fs, res);
      0054DA DD 7E F1         [19]13219 	ld	a, -15 (ix)
                                  13220 ;ff.c:5252: }
      0054DD DD F9            [10]13221 	ld	sp, ix
      0054DF DD E1            [14]13222 	pop	ix
      0054E1 C9               [10]13223 	ret
                                  13224 ;ff.c:5261: FRESULT f_rename (
                                  13225 ;	---------------------------------
                                  13226 ; Function f_rename
                                  13227 ; ---------------------------------
      0054E2                      13228 _f_rename::
      0054E2 DD E5            [15]13229 	push	ix
      0054E4 DD 21 00 00      [14]13230 	ld	ix,#0
      0054E8 DD 39            [15]13231 	add	ix,sp
      0054EA FD 21 84 FF      [14]13232 	ld	iy, #-124
      0054EE FD 39            [15]13233 	add	iy, sp
      0054F0 FD F9            [10]13234 	ld	sp, iy
      0054F2 DD 75 FE         [19]13235 	ld	-2 (ix), l
      0054F5 DD 74 FF         [19]13236 	ld	-1 (ix), h
      0054F8 DD 73 FC         [19]13237 	ld	-4 (ix), e
      0054FB DD 72 FD         [19]13238 	ld	-3 (ix), d
                                  13239 ;ff.c:5273: get_ldnumber(&path_new);	/* Snip the drive number of new name off */
      0054FE 21 78 00         [10]13240 	ld	hl, #120
      005501 39               [11]13241 	add	hl, sp
      005502 CDrE3r22         [17]13242 	call	_get_ldnumber
                                  13243 ;ff.c:5274: res = mount_volume(&path_old, &fs, FA_WRITE);	/* Get logical drive of the old object */
      005505 3E 02            [ 7]13244 	ld	a, #0x02
      005507 F5               [11]13245 	push	af
      005508 33               [ 6]13246 	inc	sp
      005509 21 01 00         [10]13247 	ld	hl, #1
      00550C 39               [11]13248 	add	hl, sp
      00550D EB               [ 4]13249 	ex	de, hl
      00550E 21 7B 00         [10]13250 	ld	hl, #123
      005511 39               [11]13251 	add	hl, sp
      005512 CDr40r26         [17]13252 	call	_mount_volume
                                  13253 ;ff.c:5275: if (res == FR_OK) {
      005515 4F               [ 4]13254 	ld	c, a
      005516 B7               [ 4]13255 	or	a, a
      005517 C2r0Dr57         [10]13256 	jp	NZ, 00129$
                                  13257 ;ff.c:5276: djo.obj.fs = fs;
      00551A DD 7E 84         [19]13258 	ld	a, -124 (ix)
      00551D DD 77 86         [19]13259 	ld	-122 (ix), a
      005520 DD 7E 85         [19]13260 	ld	a, -123 (ix)
      005523 DD 77 87         [19]13261 	ld	-121 (ix), a
                                  13262 ;ff.c:5278: res = follow_path(&djo, path_old);	/* Check old object */
      005526 DD 5E FE         [19]13263 	ld	e, -2 (ix)
      005529 DD 56 FF         [19]13264 	ld	d, -1 (ix)
      00552C 21 02 00         [10]13265 	ld	hl, #2
      00552F 39               [11]13266 	add	hl, sp
      005530 CDr2Fr21         [17]13267 	call	_follow_path
                                  13268 ;ff.c:5279: if (res == FR_OK) {
      005533 4F               [ 4]13269 	ld	c, a
      005534 B7               [ 4]13270 	or	a, a
      005535 20 09            [12]13271 	jr	NZ, 00104$
                                  13272 ;ff.c:5280: if (djo.fn[NSFLAG] & (NS_DOT | NS_NONAME)) {
      005537 DD 7E AD         [19]13273 	ld	a, -83 (ix)
      00553A E6 A0            [ 7]13274 	and	a, #0xa0
      00553C 28 02            [12]13275 	jr	Z, 00104$
                                  13276 ;ff.c:5281: res = FR_INVALID_NAME;		/* Object must not be a dot name or blank name */
      00553E 0E 06            [ 7]13277 	ld	c, #0x06
      005540                      13278 00104$:
                                  13279 ;ff.c:5288: if (res == FR_OK) {					/* It is ready to rename the object */
      005540 79               [ 4]13280 	ld	a, c
      005541 B7               [ 4]13281 	or	a, a
      005542 C2r0Dr57         [10]13282 	jp	NZ, 00129$
                                  13283 ;ff.c:5327: memcpy(buf, djo.dir, SZDIRE);			/* Save directory entry of the object */
      005545 21 52 00         [10]13284 	ld	hl, #82
      005548 39               [11]13285 	add	hl, sp
      005549 EB               [ 4]13286 	ex	de, hl
      00554A DD 6E A0         [19]13287 	ld	l, -96 (ix)
                                  13288 ;	spillPairReg hl
                                  13289 ;	spillPairReg hl
      00554D DD 66 A1         [19]13290 	ld	h, -95 (ix)
                                  13291 ;	spillPairReg hl
                                  13292 ;	spillPairReg hl
      005550 01 20 00         [10]13293 	ld	bc, #0x0020
      005553 ED B0            [21]13294 	ldir
                                  13295 ;ff.c:5328: memcpy(&djn, &djo, sizeof djn);			/* Duplicate the directory object */
      005555 21 2A 00         [10]13296 	ld	hl, #42
      005558 39               [11]13297 	add	hl, sp
      005559 EB               [ 4]13298 	ex	de, hl
      00555A 21 02 00         [10]13299 	ld	hl, #2
      00555D 39               [11]13300 	add	hl, sp
      00555E 01 28 00         [10]13301 	ld	bc, #0x0028
      005561 ED B0            [21]13302 	ldir
                                  13303 ;ff.c:5329: res = follow_path(&djn, path_new);		/* Make sure if new object name is not in use */
      005563 DD 5E FC         [19]13304 	ld	e, -4 (ix)
      005566 DD 56 FD         [19]13305 	ld	d, -3 (ix)
      005569 21 2A 00         [10]13306 	ld	hl, #42
      00556C 39               [11]13307 	add	hl, sp
      00556D CDr2Fr21         [17]13308 	call	_follow_path
                                  13309 ;ff.c:5331: res = (djn.obj.sclust == djo.obj.sclust && djn.dptr == djo.dptr) ? FR_NO_FILE : FR_EXIST;
                                  13310 ;ff.c:5330: if (res == FR_OK) {						/* Is new name already in use by another object? */
      005570 4F               [ 4]13311 	ld	c, a
      005571 B7               [ 4]13312 	or	a, a
      005572 20 73            [12]13313 	jr	NZ, 00106$
                                  13314 ;ff.c:5331: res = (djn.obj.sclust == djo.obj.sclust && djn.dptr == djo.dptr) ? FR_NO_FILE : FR_EXIST;
      005574 DD 7E B4         [19]13315 	ld	a, -76 (ix)
      005577 DD 77 F8         [19]13316 	ld	-8 (ix), a
      00557A DD 7E B5         [19]13317 	ld	a, -75 (ix)
      00557D DD 77 F9         [19]13318 	ld	-7 (ix), a
      005580 DD 7E B6         [19]13319 	ld	a, -74 (ix)
      005583 DD 77 FA         [19]13320 	ld	-6 (ix), a
      005586 DD 7E B7         [19]13321 	ld	a, -73 (ix)
      005589 DD 77 FB         [19]13322 	ld	-5 (ix), a
      00558C DD 6E 8C         [19]13323 	ld	l, -116 (ix)
                                  13324 ;	spillPairReg hl
                                  13325 ;	spillPairReg hl
      00558F DD 66 8D         [19]13326 	ld	h, -115 (ix)
                                  13327 ;	spillPairReg hl
                                  13328 ;	spillPairReg hl
      005592 DD 4E 8E         [19]13329 	ld	c, -114 (ix)
      005595 DD 46 8F         [19]13330 	ld	b, -113 (ix)
      005598 DD 5E F8         [19]13331 	ld	e, -8 (ix)
      00559B DD 56 F9         [19]13332 	ld	d, -7 (ix)
      00559E BF               [ 4]13333 	cp	a, a
      00559F ED 52            [15]13334 	sbc	hl, de
      0055A1 20 42            [12]13335 	jr	NZ, 00132$
      0055A3 DD 6E FA         [19]13336 	ld	l, -6 (ix)
      0055A6 DD 66 FB         [19]13337 	ld	h, -5 (ix)
      0055A9 BF               [ 4]13338 	cp	a, a
      0055AA ED 42            [15]13339 	sbc	hl, bc
      0055AC 20 37            [12]13340 	jr	NZ, 00132$
      0055AE 21 2A 00         [10]13341 	ld	hl, #42
      0055B1 39               [11]13342 	add	hl, sp
      0055B2 EB               [ 4]13343 	ex	de, hl
      0055B3 21 74 00         [10]13344 	ld	hl, #116
      0055B6 39               [11]13345 	add	hl, sp
      0055B7 EB               [ 4]13346 	ex	de, hl
      0055B8 01 0E 00         [10]13347 	ld	bc, #0x000e
      0055BB 09               [11]13348 	add	hl, bc
      0055BC 01 04 00         [10]13349 	ld	bc, #0x0004
      0055BF ED B0            [21]13350 	ldir
      0055C1 DD 6E 94         [19]13351 	ld	l, -108 (ix)
                                  13352 ;	spillPairReg hl
                                  13353 ;	spillPairReg hl
      0055C4 DD 66 95         [19]13354 	ld	h, -107 (ix)
                                  13355 ;	spillPairReg hl
                                  13356 ;	spillPairReg hl
      0055C7 DD 4E 96         [19]13357 	ld	c, -106 (ix)
      0055CA DD 46 97         [19]13358 	ld	b, -105 (ix)
      0055CD DD 5E F8         [19]13359 	ld	e, -8 (ix)
      0055D0 DD 56 F9         [19]13360 	ld	d, -7 (ix)
      0055D3 BF               [ 4]13361 	cp	a, a
      0055D4 ED 52            [15]13362 	sbc	hl, de
      0055D6 20 0D            [12]13363 	jr	NZ, 00132$
      0055D8 DD 6E FA         [19]13364 	ld	l, -6 (ix)
      0055DB DD 66 FB         [19]13365 	ld	h, -5 (ix)
      0055DE BF               [ 4]13366 	cp	a, a
      0055DF ED 42            [15]13367 	sbc	hl, bc
      0055E1 0E 04            [ 7]13368 	ld	c, #0x04
      0055E3 28 02            [12]13369 	jr	Z, 00133$
      0055E5                      13370 00132$:
      0055E5 0E 08            [ 7]13371 	ld	c, #0x08
      0055E7                      13372 00133$:
      0055E7                      13373 00106$:
                                  13374 ;ff.c:5333: if (res == FR_NO_FILE) { 				/* It is a valid path and no name collision */
      0055E7 79               [ 4]13375 	ld	a, c
      0055E8 D6 04            [ 7]13376 	sub	a, #0x04
      0055EA C2rF8r56         [10]13377 	jp	NZ,00121$
                                  13378 ;ff.c:5334: res = dir_register(&djn);			/* Register the new entry */
      0055ED 21 2A 00         [10]13379 	ld	hl, #42
      0055F0 39               [11]13380 	add	hl, sp
      0055F1 CDr07r1D         [17]13381 	call	_dir_register
                                  13382 ;ff.c:5335: if (res == FR_OK) {
      0055F4 4F               [ 4]13383 	ld	c, a
      0055F5 B7               [ 4]13384 	or	a, a
      0055F6 C2rF8r56         [10]13385 	jp	NZ, 00121$
                                  13386 ;ff.c:5336: dir = djn.dir;					/* Copy directory entry of the object except name */
      0055F9 DD 7E C8         [19]13387 	ld	a, -56 (ix)
      0055FC DD 77 F6         [19]13388 	ld	-10 (ix), a
      0055FF DD 7E C9         [19]13389 	ld	a, -55 (ix)
      005602 DD 77 F7         [19]13390 	ld	-9 (ix), a
                                  13391 ;ff.c:5337: memcpy(dir + 13, buf + 13, SZDIRE - 13);
      005605 DD 6E F6         [19]13392 	ld	l, -10 (ix)
      005608 DD 66 F7         [19]13393 	ld	h, -9 (ix)
      00560B 11 0D 00         [10]13394 	ld	de, #0x000d
      00560E 19               [11]13395 	add	hl, de
      00560F C5               [11]13396 	push	bc
      005610 EB               [ 4]13397 	ex	de, hl
      005611 21 61 00         [10]13398 	ld	hl, #97
      005614 39               [11]13399 	add	hl, sp
      005615 01 13 00         [10]13400 	ld	bc, #0x0013
      005618 ED B0            [21]13401 	ldir
      00561A C1               [10]13402 	pop	bc
                                  13403 ;ff.c:5338: dir[DIR_Attr] = buf[DIR_Attr];
      00561B DD 7E F6         [19]13404 	ld	a, -10 (ix)
      00561E C6 0B            [ 7]13405 	add	a, #0x0b
      005620 5F               [ 4]13406 	ld	e, a
      005621 DD 7E F7         [19]13407 	ld	a, -9 (ix)
      005624 CE 00            [ 7]13408 	adc	a, #0x00
      005626 57               [ 4]13409 	ld	d, a
      005627 DD 46 E1         [19]13410 	ld	b, -31 (ix)
      00562A 78               [ 4]13411 	ld	a, b
                                  13412 ;ff.c:5339: if (!(dir[DIR_Attr] & AM_DIR)) dir[DIR_Attr] |= AM_ARC;	/* Set archive attribute if it is a file */
      00562B 12               [ 7]13413 	ld	(de), a
      00562C CB 60            [ 8]13414 	bit	4, b
      00562E 20 03            [12]13415 	jr	NZ, 00108$
      005630 CB EF            [ 8]13416 	set	5, a
      005632 12               [ 7]13417 	ld	(de), a
      005633                      13418 00108$:
                                  13419 ;ff.c:5340: fs->wflag = 1;
      005633 E1               [10]13420 	pop	hl
      005634 E5               [11]13421 	push	hl
      005635 23               [ 6]13422 	inc	hl
      005636 23               [ 6]13423 	inc	hl
      005637 23               [ 6]13424 	inc	hl
      005638 23               [ 6]13425 	inc	hl
      005639 36 01            [10]13426 	ld	(hl), #0x01
                                  13427 ;ff.c:5341: if ((dir[DIR_Attr] & AM_DIR) && djo.obj.sclust != djn.obj.sclust) {	/* Update .. entry in the sub-directory being moved if needed */
      00563B 1A               [ 7]13428 	ld	a, (de)
      00563C CB 67            [ 8]13429 	bit	4, a
      00563E CArF8r56         [10]13430 	jp	Z,00121$
      005641 DD 7E 8C         [19]13431 	ld	a, -116 (ix)
      005644 DD 77 F8         [19]13432 	ld	-8 (ix), a
      005647 DD 7E 8D         [19]13433 	ld	a, -115 (ix)
      00564A DD 77 F9         [19]13434 	ld	-7 (ix), a
      00564D DD 7E 8E         [19]13435 	ld	a, -114 (ix)
      005650 DD 77 FA         [19]13436 	ld	-6 (ix), a
      005653 DD 7E 8F         [19]13437 	ld	a, -113 (ix)
      005656 DD 77 FB         [19]13438 	ld	-5 (ix), a
      005659 DD 46 B4         [19]13439 	ld	b, -76 (ix)
      00565C DD 6E B5         [19]13440 	ld	l, -75 (ix)
                                  13441 ;	spillPairReg hl
                                  13442 ;	spillPairReg hl
      00565F DD 5E B6         [19]13443 	ld	e, -74 (ix)
      005662 DD 56 B7         [19]13444 	ld	d, -73 (ix)
      005665 DD 7E F8         [19]13445 	ld	a, -8 (ix)
      005668 90               [ 4]13446 	sub	a, b
      005669 20 11            [12]13447 	jr	NZ, 00231$
      00566B DD 7E F9         [19]13448 	ld	a, -7 (ix)
      00566E 95               [ 4]13449 	sub	a, l
      00566F 20 0B            [12]13450 	jr	NZ, 00231$
      005671 DD 6E FA         [19]13451 	ld	l, -6 (ix)
      005674 DD 66 FB         [19]13452 	ld	h, -5 (ix)
      005677 BF               [ 4]13453 	cp	a, a
      005678 ED 52            [15]13454 	sbc	hl, de
      00567A 28 7C            [12]13455 	jr	Z, 00121$
      00567C                      13456 00231$:
                                  13457 ;ff.c:5342: LBA_t sect = clst2sect(fs, ld_clust(fs, dir));
      00567C DD 5E F6         [19]13458 	ld	e, -10 (ix)
      00567F DD 56 F7         [19]13459 	ld	d, -9 (ix)
      005682 E1               [10]13460 	pop	hl
      005683 E5               [11]13461 	push	hl
      005684 CDr83r1A         [17]13462 	call	_ld_clust
      005687 E5               [11]13463 	push	hl
      005688 D5               [11]13464 	push	de
      005689 DD 6E 84         [19]13465 	ld	l, -124 (ix)
                                  13466 ;	spillPairReg hl
                                  13467 ;	spillPairReg hl
      00568C DD 66 85         [19]13468 	ld	h, -123 (ix)
                                  13469 ;	spillPairReg hl
                                  13470 ;	spillPairReg hl
      00568F CDr02r05         [17]13471 	call	_clst2sect
      005692 F1               [10]13472 	pop	af
      005693 F1               [10]13473 	pop	af
      005694 E5               [11]13474 	push	hl
      005695 FD E1            [14]13475 	pop	iy
      005697 4B               [ 4]13476 	ld	c, e
      005698 42               [ 4]13477 	ld	b, d
                                  13478 ;ff.c:5344: if (sect == 0) {
      005699 7C               [ 4]13479 	ld	a, h
      00569A B5               [ 4]13480 	or	a, l
      00569B B2               [ 4]13481 	or	a, d
      00569C B3               [ 4]13482 	or	a, e
      00569D 20 04            [12]13483 	jr	NZ, 00113$
                                  13484 ;ff.c:5345: res = FR_INT_ERR;
      00569F 0E 02            [ 7]13485 	ld	c, #0x02
      0056A1 18 55            [12]13486 	jr	00121$
      0056A3                      13487 00113$:
                                  13488 ;ff.c:5348: res = move_window(fs, sect);
      0056A3 FD E5            [15]13489 	push	iy
      0056A5 C5               [11]13490 	push	bc
      0056A6 DD 6E 84         [19]13491 	ld	l, -124 (ix)
                                  13492 ;	spillPairReg hl
                                  13493 ;	spillPairReg hl
      0056A9 DD 66 85         [19]13494 	ld	h, -123 (ix)
                                  13495 ;	spillPairReg hl
                                  13496 ;	spillPairReg hl
      0056AC CDrDFr02         [17]13497 	call	_move_window
      0056AF 4F               [ 4]13498 	ld	c, a
                                  13499 ;ff.c:5349: dir = fs->win + SZDIRE * 1;	/* Pointer to .. entry */
      0056B0 DD 7E 84         [19]13500 	ld	a, -124 (ix)
      0056B3 DD 77 FA         [19]13501 	ld	-6 (ix), a
      0056B6 DD 7E 85         [19]13502 	ld	a, -123 (ix)
      0056B9 DD 77 FB         [19]13503 	ld	-5 (ix), a
      0056BC DD 7E FA         [19]13504 	ld	a, -6 (ix)
      0056BF C6 50            [ 7]13505 	add	a, #0x50
      0056C1 5F               [ 4]13506 	ld	e, a
      0056C2 DD 7E FB         [19]13507 	ld	a, -5 (ix)
      0056C5 CE 00            [ 7]13508 	adc	a, #0x00
      0056C7 57               [ 4]13509 	ld	d, a
                                  13510 ;ff.c:5350: if (res == FR_OK && dir[1] == '.') {
      0056C8 79               [ 4]13511 	ld	a, c
      0056C9 B7               [ 4]13512 	or	a, a
      0056CA 20 2C            [12]13513 	jr	NZ, 00121$
      0056CC 6B               [ 4]13514 	ld	l, e
                                  13515 ;	spillPairReg hl
                                  13516 ;	spillPairReg hl
      0056CD 62               [ 4]13517 	ld	h, d
                                  13518 ;	spillPairReg hl
                                  13519 ;	spillPairReg hl
      0056CE 23               [ 6]13520 	inc	hl
      0056CF 7E               [ 7]13521 	ld	a, (hl)
      0056D0 D6 2E            [ 7]13522 	sub	a, #0x2e
      0056D2 20 24            [12]13523 	jr	NZ, 00121$
                                  13524 ;ff.c:5351: st_clust(fs, dir, djn.obj.sclust);
      0056D4 DD 46 B4         [19]13525 	ld	b, -76 (ix)
      0056D7 DD 66 B5         [19]13526 	ld	h, -75 (ix)
                                  13527 ;	spillPairReg hl
                                  13528 ;	spillPairReg hl
      0056DA DD 6E B6         [19]13529 	ld	l, -74 (ix)
                                  13530 ;	spillPairReg hl
                                  13531 ;	spillPairReg hl
      0056DD DD 7E B7         [19]13532 	ld	a, -73 (ix)
      0056E0 C5               [11]13533 	push	bc
      0056E1 E5               [11]13534 	push	hl
      0056E2 67               [ 4]13535 	ld	h, a
                                  13536 ;	spillPairReg hl
                                  13537 ;	spillPairReg hl
      0056E3 E3               [19]13538 	ex	(sp), hl
      0056E4 68               [ 4]13539 	ld	l, b
                                  13540 ;	spillPairReg hl
                                  13541 ;	spillPairReg hl
      0056E5 E5               [11]13542 	push	hl
      0056E6 DD 6E FA         [19]13543 	ld	l, -6 (ix)
                                  13544 ;	spillPairReg hl
                                  13545 ;	spillPairReg hl
      0056E9 DD 66 FB         [19]13546 	ld	h, -5 (ix)
                                  13547 ;	spillPairReg hl
                                  13548 ;	spillPairReg hl
      0056EC CDrDBr1A         [17]13549 	call	_st_clust
      0056EF C1               [10]13550 	pop	bc
                                  13551 ;ff.c:5352: fs->wflag = 1;
      0056F0 D1               [10]13552 	pop	de
      0056F1 D5               [11]13553 	push	de
      0056F2 21 04 00         [10]13554 	ld	hl, #0x0004
      0056F5 19               [11]13555 	add	hl, de
      0056F6 36 01            [10]13556 	ld	(hl), #0x01
      0056F8                      13557 00121$:
                                  13558 ;ff.c:5359: if (res == FR_OK) {		/* New entry has been created */
      0056F8 79               [ 4]13559 	ld	a, c
      0056F9 B7               [ 4]13560 	or	a, a
      0056FA 20 11            [12]13561 	jr	NZ, 00129$
                                  13562 ;ff.c:5360: res = dir_remove(&djo);	/* Remove old entry */
      0056FC 21 02 00         [10]13563 	ld	hl, #2
      0056FF 39               [11]13564 	add	hl, sp
      005700 CDr8Dr1D         [17]13565 	call	_dir_remove
                                  13566 ;ff.c:5361: if (res == FR_OK) {
      005703 4F               [ 4]13567 	ld	c, a
      005704 B7               [ 4]13568 	or	a, a
      005705 20 06            [12]13569 	jr	NZ, 00129$
                                  13570 ;ff.c:5362: res = sync_fs(fs);
      005707 E1               [10]13571 	pop	hl
      005708 E5               [11]13572 	push	hl
      005709 CDr76r03         [17]13573 	call	_sync_fs
      00570C 4F               [ 4]13574 	ld	c, a
      00570D                      13575 00129$:
                                  13576 ;ff.c:5370: LEAVE_FF(fs, res);
      00570D 79               [ 4]13577 	ld	a, c
                                  13578 ;ff.c:5371: }
      00570E DD F9            [10]13579 	ld	sp, ix
      005710 DD E1            [14]13580 	pop	ix
      005712 C9               [10]13581 	ret
                                  13582 	.area _CODE
                                  13583 	.area _INITIALIZER
                                  13584 	.area _CABS (ABS)
